make[1]: Entering directory '/home/huangdi/android_kernel_xiaomi_sdm845/out'
  CLEAN   .
  CLEAN   arch/arm64/kernel/vdso
  CLEAN   arch/arm64/kernel/vdso32
  CLEAN   arch/arm64/kernel
-- ReSukiSU version code: 34839
-- ReSukiSU version name: 
-- KERNEL_VERSION: 4.9
-- KERNEL_TYPE: Non-GKI
-- KPM is disabled
-- ReSukiSU/compat: path_umount found
grep: ../include/linux/seccomp_types.h: No such file or directory
-- ReSukiSU/compat: file_inode() found
-- ReSukiSU/compat: exported policy_rwlock found!
-- ReSukiSU/compat: ns_get_path found
-- ReSukiSU/compat: modern dentry_open found
-- ReSukiSU/compat: ext4_unregister_sysfs found
-- ReSukiSU/compat: f_op->read_iter found
-- ReSukiSU/compat: iterate_dir found
-- ReSukiSU/compat: modern static_key_interface found
-- ReSukiSU/compat: d_inode found
-- ReSukiSU/compat: time64_to_tm found
-- ReSukiSU/compat: ktime_get_ns found
-- ReSukiSU/compat: inode_lock found
-- ReSukiSU/compat: modern errno file found
-- ReSukiSU/compat: overflow.h found
-- ReSukiSU/compat: modern proc ns header file found
  CLEAN   drivers/net/wireguard
  CLEAN   drivers/staging/qcacld-3.0
  CLEAN   drivers/video/logo
  CLEAN   firmware
  CLEAN   kernel
  CLEAN   lib
  CLEAN   net/wireless
-- Baseband-guard: flask.h found, skip generation
-- BBG was enabled!
-- BBG version: 8cb6b7f4
-- BBG repo: https://github.com/vc-teahouse/Baseband-guard
  CLEAN   security/selinux
  CLEAN   usr
  CLEAN   arch/arm64/boot
  CLEAN   arch/arm64/boot/dts/qcom
  CLEAN   .tmp_versions
make[1]: Leaving directory '/home/huangdi/android_kernel_xiaomi_sdm845/out'
make[1]: Entering directory '/home/huangdi/android_kernel_xiaomi_sdm845/out'
-- ReSukiSU version code: 34839
-- ReSukiSU version name: 
-- KERNEL_VERSION: 4.9
-- KERNEL_TYPE: Non-GKI
-- KPM is disabled
-- ReSukiSU/compat: path_umount found
grep: ../include/linux/seccomp_types.h: No such file or directory
-- ReSukiSU/compat: file_inode() found
-- ReSukiSU/compat: exported policy_rwlock found!
-- ReSukiSU/compat: ns_get_path found
-- ReSukiSU/compat: modern dentry_open found
-- ReSukiSU/compat: ext4_unregister_sysfs found
-- ReSukiSU/compat: f_op->read_iter found
-- ReSukiSU/compat: iterate_dir found
-- ReSukiSU/compat: modern static_key_interface found
-- ReSukiSU/compat: d_inode found
-- ReSukiSU/compat: time64_to_tm found
-- ReSukiSU/compat: ktime_get_ns found
-- ReSukiSU/compat: inode_lock found
-- ReSukiSU/compat: modern errno file found
-- ReSukiSU/compat: overflow.h found
-- ReSukiSU/compat: modern proc ns header file found
-- Baseband-guard: flask.h not found, starting generation
-- BBG was enabled!
-- BBG version: 8cb6b7f4
-- BBG repo: https://github.com/vc-teahouse/Baseband-guard
  CLEAN   security/selinux
  CLEAN   scripts/basic
  CLEAN   scripts/dtc
  CLEAN   scripts/genksyms
  CLEAN   scripts/kconfig
  CLEAN   scripts/mod
  CLEAN   scripts/selinux/genheaders
  CLEAN   scripts/selinux/mdp
  CLEAN   scripts
  CLEAN   include/config include/generated arch/arm64/include/generated
  CLEAN   .config .config.old .version Module.symvers
make[1]: Leaving directory '/home/huangdi/android_kernel_xiaomi_sdm845/out'
make[1]: Entering directory '/home/huangdi/android_kernel_xiaomi_sdm845/out'
  HOSTCC  scripts/basic/fixdep
  GEN     ./Makefile
  HOSTCC  scripts/kconfig/conf.o
  SHIPPED scripts/kconfig/zconf.tab.c
  SHIPPED scripts/kconfig/zconf.lex.c
  SHIPPED scripts/kconfig/zconf.hash.c
  HOSTCC  scripts/kconfig/zconf.tab.o
  HOSTLD  scripts/kconfig/conf
arch/arm64/configs/vendor/xiaomi/mi845_defconfig:649:warning: override: KSU_SUSFS changes choice state
#
# configuration written to .config
#
make[1]: Leaving directory '/home/huangdi/android_kernel_xiaomi_sdm845/out'
Using out/.config as base
Merging arch/arm64/configs/vendor/xiaomi/polaris.config
Value of CONFIG_FINGERPRINT_FPC_TEE is redefined by fragment arch/arm64/configs/vendor/xiaomi/polaris.config:
Previous value: # CONFIG_FINGERPRINT_FPC_TEE is not set
New value: CONFIG_FINGERPRINT_FPC_TEE=y

Value of CONFIG_FINGERPRINT_GOODIX_TA is redefined by fragment arch/arm64/configs/vendor/xiaomi/polaris.config:
Previous value: # CONFIG_FINGERPRINT_GOODIX_TA is not set
New value: CONFIG_FINGERPRINT_GOODIX_TA=y

Value of CONFIG_IDT_P9220 is redefined by fragment arch/arm64/configs/vendor/xiaomi/polaris.config:
Previous value: # CONFIG_IDT_P9220 is not set
New value: CONFIG_IDT_P9220=y

Value of CONFIG_MACH_XIAOMI is redefined by fragment arch/arm64/configs/vendor/xiaomi/polaris.config:
Previous value: # CONFIG_MACH_XIAOMI is not set
New value: CONFIG_MACH_XIAOMI=y

Value of CONFIG_MACH_XIAOMI_D5X is redefined by fragment arch/arm64/configs/vendor/xiaomi/polaris.config:
Previous value: # CONFIG_MACH_XIAOMI_D5X is not set
New value: CONFIG_MACH_XIAOMI_D5X=y

Value of CONFIG_MACH_XIAOMI_SDM845 is redefined by fragment arch/arm64/configs/vendor/xiaomi/polaris.config:
Previous value: # CONFIG_MACH_XIAOMI_SDM845 is not set
New value: CONFIG_MACH_XIAOMI_SDM845=y

Value of CONFIG_SECURE_TOUCH is redefined by fragment arch/arm64/configs/vendor/xiaomi/polaris.config:
Previous value: # CONFIG_SECURE_TOUCH is not set
New value: CONFIG_SECURE_TOUCH=y

Value of CONFIG_TOUCHSCREEN_FT5X46 is redefined by fragment arch/arm64/configs/vendor/xiaomi/polaris.config:
Previous value: # CONFIG_TOUCHSCREEN_FT5X46 is not set
New value: CONFIG_TOUCHSCREEN_FT5X46=y

Value of CONFIG_TOUCHSCREEN_FT5X46_I2C is redefined by fragment arch/arm64/configs/vendor/xiaomi/polaris.config:
Previous value: # CONFIG_TOUCHSCREEN_FT5X46_I2C is not set
New value: CONFIG_TOUCHSCREEN_FT5X46_I2C=y

Value of CONFIG_TOUCHSCREEN_SYNAPTICS_DSX_CORE_FORCE is redefined by fragment arch/arm64/configs/vendor/xiaomi/polaris.config:
Previous value: # CONFIG_TOUCHSCREEN_SYNAPTICS_DSX_CORE_FORCE is not set
New value: CONFIG_TOUCHSCREEN_SYNAPTICS_DSX_CORE_FORCE=y

make[1]: Entering directory '/home/huangdi/android_kernel_xiaomi_sdm845/out'
  GEN     ./Makefile
scripts/kconfig/conf  --alldefconfig Kconfig
#
# configuration written to .config
#
make[1]: Leaving directory '/home/huangdi/android_kernel_xiaomi_sdm845/out'
make[1]: Entering directory '/home/huangdi/android_kernel_xiaomi_sdm845/out'
  GEN     ./Makefile
scripts/kconfig/conf  --silentoldconfig Kconfig
  CHK     include/config/kernel.release
  GEN     ./Makefile
  WRAP    arch/arm64/include/generated/asm/bugs.h
  WRAP    arch/arm64/include/generated/asm/clkdev.h
  WRAP    arch/arm64/include/generated/asm/cputime.h
  WRAP    arch/arm64/include/generated/asm/div64.h
  WRAP    arch/arm64/include/generated/asm/delay.h
  WRAP    arch/arm64/include/generated/asm/dma.h
  WRAP    arch/arm64/include/generated/asm/early_ioremap.h
  WRAP    arch/arm64/include/generated/asm/dma-contiguous.h
  WRAP    arch/arm64/include/generated/asm/errno.h
  WRAP    arch/arm64/include/generated/asm/emergency-restart.h
  WRAP    arch/arm64/include/generated/asm/hw_irq.h
  WRAP    arch/arm64/include/generated/asm/ioctl.h
  WRAP    arch/arm64/include/generated/asm/ioctls.h
  WRAP    arch/arm64/include/generated/asm/ipcbuf.h
  WRAP    arch/arm64/include/generated/asm/irq_regs.h
  WRAP    arch/arm64/include/generated/asm/kdebug.h
  WRAP    arch/arm64/include/generated/asm/kmap_types.h
  WRAP    arch/arm64/include/generated/asm/kvm_para.h
  WRAP    arch/arm64/include/generated/asm/local.h
  WRAP    arch/arm64/include/generated/asm/local64.h
  WRAP    arch/arm64/include/generated/asm/mcs_spinlock.h
  WRAP    arch/arm64/include/generated/asm/mm-arch-hooks.h
  WRAP    arch/arm64/include/generated/asm/mman.h
  WRAP    arch/arm64/include/generated/asm/msgbuf.h
  WRAP    arch/arm64/include/generated/asm/mutex.h
  WRAP    arch/arm64/include/generated/asm/msi.h
  WRAP    arch/arm64/include/generated/asm/poll.h
  WRAP    arch/arm64/include/generated/asm/preempt.h
  WRAP    arch/arm64/include/generated/asm/resource.h
  WRAP    arch/arm64/include/generated/asm/qrwlock.h
  WRAP    arch/arm64/include/generated/asm/rwsem.h
  WRAP    arch/arm64/include/generated/asm/segment.h
  WRAP    arch/arm64/include/generated/asm/sembuf.h
  WRAP    arch/arm64/include/generated/asm/serial.h
  WRAP    arch/arm64/include/generated/asm/shmbuf.h
  WRAP    arch/arm64/include/generated/asm/simd.h
  WRAP    arch/arm64/include/generated/asm/sizes.h
  WRAP    arch/arm64/include/generated/asm/socket.h
  WRAP    arch/arm64/include/generated/asm/sockios.h
  WRAP    arch/arm64/include/generated/asm/swab.h
  WRAP    arch/arm64/include/generated/asm/switch_to.h
  WRAP    arch/arm64/include/generated/asm/termbits.h
  WRAP    arch/arm64/include/generated/asm/termios.h
  CHK     include/generated/uapi/linux/version.h
  WRAP    arch/arm64/include/generated/asm/types.h
  WRAP    arch/arm64/include/generated/asm/trace_clock.h
  WRAP    arch/arm64/include/generated/asm/unaligned.h
  WRAP    arch/arm64/include/generated/asm/user.h
  UPD     include/generated/uapi/linux/version.h
  WRAP    arch/arm64/include/generated/asm/vga.h
  WRAP    arch/arm64/include/generated/asm/xor.h
  WRAP    arch/arm64/include/generated/uapi/asm/kvm_para.h
  HOSTCC  scripts/basic/fixdep
  UPD     include/config/kernel.release
-- Baseband-guard: flask.h not found, starting generation
-- ReSukiSU version code: 34839
-- ReSukiSU version name: v4.1.0-98034c7f@ReSukiSU
-- Supported Unofficial Manager: MKSU, RKSU, KOWSU, SukiSU-Ultra, ReSukiSU 
-- KERNEL_VERSION: 4.9
-- KERNEL_TYPE: Non-GKI
-- ReSukiSU: using SuSFS Inline hook
-- ReSukiSU/susfs_inline: ksu_handle_setresuid found
-- ReSukiSU/susfs_inline: WARNING: Detected KSU_MANUAL_HOOK guard in ../fs/exec.c file.
-- ReSukiSU/susfs_inline: ksu_handle_execveat found
-- ReSukiSU/susfs_inline: WARNING: Detected KSU_MANUAL_HOOK guard in ../fs/open.c file.
-- ReSukiSU/susfs_inline: ksu_handle_faccessat found
-- ReSukiSU/susfs_inline: ksu_handle_sys_read found
-- ReSukiSU/susfs_inline: WARNING: Detected KSU_MANUAL_HOOK guard in ../fs/stat.c file.
-- ReSukiSU/susfs_inline: ksu_handle_stat found
-- ReSukiSU/susfs_inline: WARNING: Detected KSU_MANUAL_HOOK guard in ../kernel/reboot.c file.
-- ReSukiSU/susfs_inline: ksu_handle_sys_reboot found
  Using .. as source for kernel
-- ReSukiSU/susfs_inline: ksu_handle_input_handle_event found
-- ReSukiSU/susfs_inline: WARNING: Your build maybe broken.
-- ReSukiSU/susfs_inline: - If you have any issue, please check your hook before submit an issue to ReSukiSU.

-- SUSFS_VERSION: v2.1.0
-- KPM is disabled
  CHK     include/generated/utsrelease.h
-- ReSukiSU/compat: path_umount found
  UPD     include/generated/utsrelease.h
grep: ../include/linux/seccomp_types.h: No such file or directory
-- ReSukiSU/compat: file_inode() found
  HOSTCC  scripts/basic/bin2c
-- ReSukiSU/compat: exported policy_rwlock found!
-- ReSukiSU/compat: ns_get_path found
-- ReSukiSU/compat: modern dentry_open found
-- ReSukiSU/compat: ext4_unregister_sysfs found
-- ReSukiSU/compat: f_op->read_iter found
-- ReSukiSU/compat: iterate_dir found
-- ReSukiSU/compat: modern static_key_interface found
-- ReSukiSU/compat: d_inode found
-- ReSukiSU/compat: time64_to_tm found
-- ReSukiSU/compat: ktime_get_ns found
-- ReSukiSU/compat: inode_lock found
-- ReSukiSU/compat: modern errno file found
-- ReSukiSU/compat: overflow.h found
-- ReSukiSU/compat: modern proc ns header file found
-- Baseband-guard: CONFIG_BBG enabled, now checking...
-- Kernel Version: 4.9
-- Baseband-guard: Okay,seems this Kernel doesn't need to check config.
-- BBG was enabled!
-- BBG version: 8cb6b7f4
-- BBG repo: https://github.com/vc-teahouse/Baseband-guard
  CHK     include/generated/timeconst.h
  CC      kernel/bounds.s
  UPD     include/generated/timeconst.h
  HOSTCC  scripts/kallsyms
  HOSTCC  scripts/pnmtologo
  HOSTCC  scripts/sortextable
  HOSTCC  scripts/genksyms/genksyms.o
  HOSTCC  scripts/dtc/dtc.o
  SHIPPED scripts/genksyms/lex.lex.c
  SHIPPED scripts/genksyms/parse.tab.c
  SHIPPED scripts/genksyms/keywords.hash.c
  HOSTCC  scripts/dtc/flattree.o
  SHIPPED scripts/genksyms/parse.tab.h
  HOSTCC  scripts/dtc/fstree.o
  CC      scripts/mod/empty.o
  HOSTCC  scripts/mod/mk_elfconfig
  HOSTCC  scripts/dtc/data.o
  HOSTCC  scripts/genksyms/parse.tab.o
  CC      scripts/mod/devicetable-offsets.s
  HOSTCC  scripts/dtc/livetree.o
  HOSTCC  scripts/dtc/treesource.o
  HOSTCC  scripts/dtc/srcpos.o
  HOSTCC  scripts/genksyms/lex.lex.o
  HOSTCC  scripts/dtc/checks.o
  HOSTCC  scripts/dtc/util.o
  SHIPPED scripts/dtc/dtc-lexer.lex.c
  SHIPPED scripts/dtc/dtc-parser.tab.c
  SHIPPED scripts/dtc/dtc-parser.tab.h
  HOSTCC  scripts/selinux/genheaders/genheaders
  HOSTCC  scripts/selinux/mdp/mdp
  HOSTCC  scripts/dtc/dtc-parser.tab.o
  CHK     scripts/mod/devicetable-offsets.h
  UPD     scripts/mod/devicetable-offsets.h
  HOSTCC  scripts/dtc/dtc-lexer.lex.o
  CHK     include/generated/bounds.h
  UPD     include/generated/bounds.h
  CC      arch/arm64/kernel/asm-offsets.s
  MKELF   scripts/mod/elfconfig.h
  HOSTCC  scripts/mod/modpost.o
  HOSTCC  scripts/mod/file2alias.o
  HOSTCC  scripts/mod/sumversion.o
  HOSTLD  scripts/dtc/dtc
  HOSTLD  scripts/genksyms/genksyms
  CHK     include/generated/asm-offsets.h
  UPD     include/generated/asm-offsets.h
  CALL    ../scripts/checksyscalls.sh
  HOSTLD  scripts/mod/modpost
  LDS     arch/arm64/kernel/vdso/vdso.lds
  VDSOC   arch/arm64/kernel/vdso/vgettimeofday.o
  VDSOA   arch/arm64/kernel/vdso/note.o
  VDSOA   arch/arm64/kernel/vdso/sigreturn.o
  VDSOL   arch/arm64/kernel/vdso/vdso.so.dbg
  VDSOSYM include/generated/vdso-offsets.h
  LDS     arch/arm64/kernel/vdso32/vdso.lds
  VDSOC32   arch/arm64/kernel/vdso32/vgettimeofday.o
  VDSOA32   arch/arm64/kernel/vdso32/sigreturn.o
  HOSTCC  arch/arm64/kernel/vdso32/../../../arm/vdso/vdsomunge
clangclang: : warning: argument unused during compilation: '-fuse-ld=lld' [-Wunused-command-line-argument]
warning: argument unused during compilation: '-fuse-ld=lld' [-Wunused-command-line-argument]
  VDSOL32   arch/arm64/kernel/vdso32/vdso.so.raw
  MUNGE   arch/arm64/kernel/vdso32/vdso.so.dbg
  VDSOSYM include/generated/vdso32-offsets.h
  CC      init/main.o
  CHK     include/generated/compile.h
  CC      init/do_mounts.o
  CC      init/do_mounts_rd.o
  CC      init/do_mounts_initrd.o
  CC      init/do_mounts_dm.o
  CC      init/noinitramfs.o
  CC      init/initramfs.o
  HOSTCC  usr/gen_init_cpio
  CC      init/calibrate.o
  CC      init/init_task.o
  CC      arch/arm64/mm/dma-mapping.o
  CC      arch/arm64/mm/extable.o
  CC      arch/arm64/mm/fault.o
  CC      arch/arm64/mm/init.o
  AS      arch/arm64/mm/cache.o
  CC      arch/arm64/mm/copypage.o
  CC      arch/arm64/mm/flush.o
  CC      arch/arm64/mm/ioremap.o
  CC      arch/arm64/mm/mmap.o
  LD      arch/arm64/net/built-in.o
  CC      arch/arm64/mm/pgd.o
  CC      arch/arm64/mm/mmu.o
  CC      arch/arm64/kernel/debug-monitors.o
<instantiation>:3:2: warning: DWARF2 only supports one section per compilation unit
 .pushsection .altinstr_replacement, "ax"
 ^
<instantiation>:1:1: note: while in macro instantiation
alternative_else
^
<instantiation>:5:1: note: while in macro instantiation
alternative_else_nop_endif
^
../arch/arm64/mm/cache.S:125:2: note: while in macro instantiation
 uaccess_ttbr0_enable x2, x3, x4
 ^
  CC      arch/arm64/crypto/sha1-ce-glue.o
  CC      arch/arm64/mm/context.o
  UPD     include/generated/compile.h
  AS      arch/arm64/crypto/sha1-ce-core.o
  CC      kernel/fork.o
  CC      kernel/exec_domain.o
  CC      arch/arm64/crypto/sha2-ce-glue.o
  CC      init/version.o
  AS      arch/arm64/kernel/entry.o
  AS      arch/arm64/crypto/sha2-ce-core.o
  CC      kernel/panic.o
  LD      certs/built-in.o
  AS      arch/arm64/mm/proc.o
  CC      arch/arm64/mm/pageattr.o
../arch/arm64/kernel/entry.S:398:2: warning: DWARF2 only supports one section per compilation unit
 .pushsection ".entry.text", "ax"
 ^
<instantiation>:3:2: warning: DWARF2 only supports one section per compilation unit
 .pushsection .altinstr_replacement, "ax"
 ^
<instantiation>:4:1: note: while in macro instantiation
alternative_else
^
<instantiation>:22:2: note: while in macro instantiation
 ldr_this_cpu tsk, __entry_task, x20
 ^
<instantiation>:1:1: note: while in macro instantiation
kernel_entry 0, 64
^
../arch/arm64/kernel/entry.S:442:2: note: while in macro instantiation
 inv_entry 0, 0
 ^
  CC      arch/arm64/kernel/irq.o
  CC      arch/arm64/kernel/fpsimd.o
../arch/arm64/kernel/entry.S:1120:2: warning: DWARF2 only supports one section per compilation unit
 .pushsection ".entry.tramp.text", "ax"
 ^
<instantiation>:3:2: warning: DWARF2 only supports one section per compilation unit
 .pushsection .altinstr_replacement, "ax"
 ^
../arch/arm64/mm/proc.S:121:1: note: while in macro instantiation
alternative_else
^
../arch/arm64/mm/proc.S:139:2: warning: DWARF2 only supports one section per compilation unit
 .pushsection ".idmap.text", "awx"
 ^
  CC      kernel/cpu.o
  CC      arch/arm64/crypto/ghash-ce-glue.o
  AS      arch/arm64/kernel/entry-fpsimd.o
  AS      arch/arm64/crypto/ghash-ce-core.o
  CC      kernel/exit.o
  CC      arch/arm64/kernel/process.o
  GEN     usr/initramfs_data.cpio.gz
  CC      mm/filemap.o
  AS      usr/initramfs_data.o
  CC      fs/open.o
  CC      fs/read_write.o
  LD      ipc/built-in.o
  CC      mm/mempool.o
  CC      fs/file_table.o
  LD      usr/built-in.o
  AS      arch/arm64/crypto/aes-ce-core.o
  CC      arch/arm64/crypto/aes-ce-glue.o
  CC      kernel/softirq.o
  CC      fs/super.o
  CC      mm/oom_kill.o
  CC      arch/arm64/kernel/ptrace.o
  CC      arch/arm64/kernel/setup.o
  CC      fs/char_dev.o
  CC      kernel/resource.o
  CC      arch/arm64/kernel/signal.o
  CC      fs/stat.o
-- Baseband-guard: flask.h found, skip generation
-- Baseband-guard: CONFIG_BBG enabled, now checking...
-- Kernel Version: 4.9
-- Baseband-guard: Okay,seems this Kernel doesn't need to check config.
-- BBG was enabled!
-- BBG version: 8cb6b7f4
-- BBG repo: https://github.com/vc-teahouse/Baseband-guard
  CC      security/baseband-guard/baseband_guard.o
  CC      arch/arm64/crypto/aes-ce-ccm-glue.o
  AS      arch/arm64/crypto/aes-ce-ccm-core.o
  CC      fs/exec.o
  CC      security/integrity/iint.o
  CC      mm/maccess.o
  CC      security/integrity/integrity_audit.o
  LD      arch/arm64/mm/built-in.o
  CC      kernel/sysctl.o
  LD      init/mounts.o
  CC      fs/pipe.o
  LD      init/built-in.o
  CC      fs/namei.o
  CC      kernel/sysctl_binary.o
  CC      security/baseband-guard/tracing/tracing.o
  CC      arch/arm64/crypto/aes-glue-ce.o
  CC      kernel/capability.o
  AS      arch/arm64/crypto/aes-ce.o
  CC      mm/page_alloc.o
  CC      kernel/ptrace.o
  CC      kernel/user.o
  CC      fs/fcntl.o
  CC      arch/arm64/kernel/sys.o
  CC      security/keys/gc.o
  CC      security/pfe/pfk.o
  LD      security/integrity/integrity.o
  CC      security/pfe/pfk_kc.o
  LD      security/integrity/built-in.o
  CC      security/pfe/pfk_ice.o
  CC      security/keys/key.o
  CC      security/keys/keyring.o
  CC      security/keys/keyctl.o
  CC      security/pfe/pfk_ext4.o
  GEN     security/selinux/flask.h security/selinux/av_permissions.h
  CC      security/selinux/avc.o
  CC      arch/arm64/crypto/aes-glue-neon.o
  LD      security/baseband-guard/bbg.o
  CC      fs/ioctl.o
  CC      arch/arm64/kernel/stacktrace.o
  LD      security/baseband-guard/built-in.o
../fs/namei.c:1693:1: warning: unused label 'retry' [-Wunused-label]
 1693 | retry:
      | ^~~~~~
../fs/namei.c:1710:7: warning: unused variable 'is_nd_state_lookup_last_and_open_last' [-Wunused-variable]
 1710 |         bool is_nd_state_lookup_last_and_open_last = (nd && (nd->state & (ND_STATE_LOOKUP_LAST | ND_STATE_OPEN_LAST)));
      |              ^~~~~~~~~~~~~~~~~~~~~~~~~~~~~~~~~~~~~
  CC      security/smack/smack_lsm.o
  AS      arch/arm64/crypto/aes-neon.o
  CC      security/commoncap.o
  CC      block/bio.o
  CC      crypto/api.o
  CC      arch/arm64/kernel/time.o
  CC      crypto/cipher.o
  CC      security/smack/smack_access.o
  CC      mm/page-writeback.o
  CC      fs/readdir.o
  CC      security/pfe/pfk_f2fs.o
  CC      security/min_addr.o
  CC      drivers/amba/bus.o
  CC      mm/readahead.o
  CC      security/security.o
  CC      arch/arm64/crypto/crc32-arm64.o
  CC      security/lsm_audit.o
  CC      security/selinux/hooks.o
  CC      crypto/compress.o
  CC      security/keys/permission.o
  CC      security/selinux/selinuxfs.o
  CC      arch/arm64/kernel/traps.o
  CC      security/selinux/netlink.o
  CC      block/elevator.o
  CC      kernel/signal.o
  LD      security/pfe/built-in.o
  CC      security/selinux/nlmsgtab.o
  CC      security/keys/process_keys.o
  CC      drivers/android/binder.o
  CC      block/blk-core.o
  LD      drivers/amba/built-in.o
  LD      arch/arm64/crypto/sha1-ce.o
  LD      drivers/auxdisplay/built-in.o
  LD      arch/arm64/crypto/sha2-ce.o
  CC      crypto/memneq.o
  LD      arch/arm64/crypto/ghash-ce.o
  CC      kernel/sys.o
  CC      drivers/base/component.o
  LD      arch/arm64/crypto/aes-ce-cipher.o
  CC      sound/sound_core.o
  LD      arch/arm64/crypto/aes-ce-ccm.o
  LD      arch/arm64/crypto/aes-ce-blk.o
  CC      drivers/base/core.o
  LD      arch/arm64/crypto/aes-neon-blk.o
  CC      security/selinux/netif.o
2 warnings generated.
  LD      arch/arm64/crypto/built-in.o
  CC      drivers/block/brd.o
  CC      drivers/base/bus.o
  CC      drivers/base/dd.o
  CC      drivers/base/syscore.o
  CC      security/keys/request_key.o
  CC      arch/arm64/kernel/io.o
  CC      security/smack/smackfs.o
  CC      drivers/bluetooth/bluetooth-power.o
  CC      fs/select.o
  CC      security/keys/request_key_auth.o
  LD      sound/arm/built-in.o
  LD      sound/atmel/built-in.o
  CC      sound/core/sound.o
  CC      security/keys/user_defined.o
  CC      arch/arm64/kernel/vdso.o
  LD      drivers/bus/built-in.o
  CC      crypto/crypto_wq.o
  CC      kernel/kmod.o
  CC      mm/swap.o
  CC      drivers/block/loop.o
  CC      crypto/algapi.o
  CC      kernel/workqueue.o
  AS      arch/arm64/kernel/hyp-stub.o
../arch/arm64/kernel/hyp-stub.S:31:2: warning: DWARF2 only supports one section per compilation unit
 .pushsection .hyp.text, "ax"
 ^
  CC      block/blk-tag.o
  CC      fs/dcache.o
  CC      crypto/scatterwalk.o
  CC      drivers/android/binder_alloc.o
  CC      drivers/bluetooth/btfm_slim.o
  CC      block/blk-sysfs.o
  CC      sound/core/init.o
  CC      arch/arm64/kernel/psci.o
  LD      drivers/cdrom/built-in.o
  CC      security/keys/compat.o
  CC      arch/arm64/kernel/cpu_ops.o
  CC      sound/core/memory.o
  CC      crypto/proc.o
  CC      drivers/base/driver.o
  CC      drivers/bluetooth/btfm_slim_codec.o
  CC      security/selinux/netnode.o
  LD      security/smack/smack.o
  CC      mm/truncate.o
  LD      security/smack/built-in.o
  CC      security/keys/proc.o
  CC      arch/arm64/kernel/insn.o
  CC      fs/inode.o
  CC      drivers/block/zram/zcomp.o
  LD      sound/drivers/mpu401/built-in.o
  LD      sound/drivers/opl3/built-in.o
  CC      arch/arm64/kernel/return_address.o
  CC      drivers/bluetooth/btfm_slim_wcn3990.o
  LD      sound/drivers/opl4/built-in.o
  LD      sound/drivers/pcsp/built-in.o
  LD      sound/drivers/vx/built-in.o
  CC      drivers/base/class.o
  LD      sound/drivers/built-in.o
  CC      kernel/pid.o
  CC      mm/vmscan.o
  CC      sound/core/control.o
  CC      security/keys/sysctl.o
  CC      sound/core/misc.o
  CC      crypto/aead.o
  CC      crypto/ablkcipher.o
  CC      crypto/blkcipher.o
  CC      crypto/skcipher.o
  CC      block/blk-flush.o
  CC      block/blk-settings.o
  CC      block/blk-ioc.o
  CC      drivers/block/zram/zram_drv.o
  LD      security/keys/built-in.o
  LD      drivers/bluetooth/built-in.o
  CC      block/blk-map.o
  CC      drivers/base/platform.o
In file included from ../sound/core/control.c:1766:
../sound/core/control_compat.c:111:45: warning: taking address of packed member 'value' of class or structure 'snd_ctl_elem_info32' may result in an unaligned pointer value [-Waddress-of-packed-member]
  111 |         if (get_user(data->value.enumerated.item, &data32->value.enumerated.item))
      |                                                    ^~~~~~~~~~~~~~~~~~~~~~~~~~~~~
../arch/arm64/include/asm/uaccess.h:355:18: note: expanded from macro 'get_user'
  355 | #define get_user        __get_user
      |                         ^
../arch/arm64/include/asm/uaccess.h:349:25: note: expanded from macro '__get_user'
  349 |         __get_user_check((x), (ptr), __gu_err);                         \
      |                                ^~~
../arch/arm64/include/asm/uaccess.h:330:15: note: expanded from macro '__get_user_check'
  330 |         __typeof__(*(ptr)) __user *__p = (ptr);                         \
      |                      ^~~
In file included from ../sound/core/control.c:1766:
../sound/core/control_compat.c:111:45: warning: taking address of packed member 'value' of class or structure 'snd_ctl_elem_info32' may result in an unaligned pointer value [-Waddress-of-packed-member]
  111 |         if (get_user(data->value.enumerated.item, &data32->value.enumerated.item))
      |                                                    ^~~~~~~~~~~~~~~~~~~~~~~~~~~~~
../arch/arm64/include/asm/uaccess.h:355:18: note: expanded from macro 'get_user'
  355 | #define get_user        __get_user
      |                         ^
../arch/arm64/include/asm/uaccess.h:349:25: note: expanded from macro '__get_user'
  349 |         __get_user_check((x), (ptr), __gu_err);                         \
      |                                ^~~
../arch/arm64/include/asm/uaccess.h:330:36: note: expanded from macro '__get_user_check'
  330 |         __typeof__(*(ptr)) __user *__p = (ptr);                         \
      |                                           ^~~
In file included from ../sound/core/control.c:1766:
../sound/core/control_compat.c:128:29: warning: taking address of packed member 'owner' of class or structure 'snd_ctl_elem_info32' may result in an unaligned pointer value [-Waddress-of-packed-member]
  128 |         if (put_user(data->owner, &data32->owner))
      |                                    ^~~~~~~~~~~~~
../arch/arm64/include/asm/uaccess.h:426:18: note: expanded from macro 'put_user'
  426 | #define put_user        __put_user
      |                         ^
../arch/arm64/include/asm/uaccess.h:420:25: note: expanded from macro '__put_user'
  420 |         __put_user_check((x), (ptr), __pu_err);                         \
      |                                ^~~
../arch/arm64/include/asm/uaccess.h:401:15: note: expanded from macro '__put_user_check'
  401 |         __typeof__(*(ptr)) __user *__p = (ptr);                         \
      |                      ^~~
In file included from ../sound/core/control.c:1766:
../sound/core/control_compat.c:128:29: warning: taking address of packed member 'owner' of class or structure 'snd_ctl_elem_info32' may result in an unaligned pointer value [-Waddress-of-packed-member]
  128 |         if (put_user(data->owner, &data32->owner))
      |                                    ^~~~~~~~~~~~~
../arch/arm64/include/asm/uaccess.h:426:18: note: expanded from macro 'put_user'
  426 | #define put_user        __put_user
      |                         ^
../arch/arm64/include/asm/uaccess.h:420:25: note: expanded from macro '__put_user'
  420 |         __put_user_check((x), (ptr), __pu_err);                         \
      |                                ^~~
../arch/arm64/include/asm/uaccess.h:401:36: note: expanded from macro '__put_user_check'
  401 |         __typeof__(*(ptr)) __user *__p = (ptr);                         \
      |                                           ^~~
In file included from ../sound/core/control.c:1766:
../sound/core/control_compat.c:133:42: warning: taking address of packed member 'value' of class or structure 'snd_ctl_elem_info32' may result in an unaligned pointer value [-Waddress-of-packed-member]
  133 |                 if (put_user(data->value.integer.min, &data32->value.integer.min) ||
      |                                                        ^~~~~~~~~~~~~~~~~~~~~~~~~
../arch/arm64/include/asm/uaccess.h:426:18: note: expanded from macro 'put_user'
  426 | #define put_user        __put_user
      |                         ^
../arch/arm64/include/asm/uaccess.h:420:25: note: expanded from macro '__put_user'
  420 |         __put_user_check((x), (ptr), __pu_err);                         \
      |                                ^~~
../arch/arm64/include/asm/uaccess.h:401:15: note: expanded from macro '__put_user_check'
  401 |         __typeof__(*(ptr)) __user *__p = (ptr);                         \
      |                      ^~~
In file included from ../sound/core/control.c:1766:
../sound/core/control_compat.c:133:42: warning: taking address of packed member 'value' of class or structure 'snd_ctl_elem_info32' may result in an unaligned pointer value [-Waddress-of-packed-member]
  133 |                 if (put_user(data->value.integer.min, &data32->value.integer.min) ||
      |                                                        ^~~~~~~~~~~~~~~~~~~~~~~~~
../arch/arm64/include/asm/uaccess.h:426:18: note: expanded from macro 'put_user'
  426 | #define put_user        __put_user
      |                         ^
../arch/arm64/include/asm/uaccess.h:420:25: note: expanded from macro '__put_user'
  420 |         __put_user_check((x), (ptr), __pu_err);                         \
      |                                ^~~
../arch/arm64/include/asm/uaccess.h:401:36: note: expanded from macro '__put_user_check'
  401 |         __typeof__(*(ptr)) __user *__p = (ptr);                         \
      |                                           ^~~
In file included from ../sound/core/control.c:1766:
../sound/core/control_compat.c:134:42: warning: taking address of packed member 'value' of class or structure 'snd_ctl_elem_info32' may result in an unaligned pointer value [-Waddress-of-packed-member]
  134 |                     put_user(data->value.integer.max, &data32->value.integer.max) ||
      |                                                        ^~~~~~~~~~~~~~~~~~~~~~~~~
../arch/arm64/include/asm/uaccess.h:426:18: note: expanded from macro 'put_user'
  426 | #define put_user        __put_user
      |                         ^
../arch/arm64/include/asm/uaccess.h:420:25: note: expanded from macro '__put_user'
  420 |         __put_user_check((x), (ptr), __pu_err);                         \
      |                                ^~~
../arch/arm64/include/asm/uaccess.h:401:15: note: expanded from macro '__put_user_check'
  401 |         __typeof__(*(ptr)) __user *__p = (ptr);                         \
      |                      ^~~
In file included from ../sound/core/control.c:1766:
../sound/core/control_compat.c:134:42: warning: taking address of packed member 'value' of class or structure 'snd_ctl_elem_info32' may result in an unaligned pointer value [-Waddress-of-packed-member]
  134 |                     put_user(data->value.integer.max, &data32->value.integer.max) ||
      |                                                        ^~~~~~~~~~~~~~~~~~~~~~~~~
../arch/arm64/include/asm/uaccess.h:426:18: note: expanded from macro 'put_user'
  426 | #define put_user        __put_user
      |                         ^
../arch/arm64/include/asm/uaccess.h:420:25: note: expanded from macro '__put_user'
  420 |         __put_user_check((x), (ptr), __pu_err);                         \
      |                                ^~~
../arch/arm64/include/asm/uaccess.h:401:36: note: expanded from macro '__put_user_check'
  401 |         __typeof__(*(ptr)) __user *__p = (ptr);                         \
      |                                           ^~~
In file included from ../sound/core/control.c:1766:
../sound/core/control_compat.c:135:43: warning: taking address of packed member 'value' of class or structure 'snd_ctl_elem_info32' may result in an unaligned pointer value [-Waddress-of-packed-member]
  135 |                     put_user(data->value.integer.step, &data32->value.integer.step))
      |                                                         ^~~~~~~~~~~~~~~~~~~~~~~~~~
../arch/arm64/include/asm/uaccess.h:426:18: note: expanded from macro 'put_user'
  426 | #define put_user        __put_user
      |                         ^
../arch/arm64/include/asm/uaccess.h:420:25: note: expanded from macro '__put_user'
  420 |         __put_user_check((x), (ptr), __pu_err);                         \
      |                                ^~~
../arch/arm64/include/asm/uaccess.h:401:15: note: expanded from macro '__put_user_check'
  401 |         __typeof__(*(ptr)) __user *__p = (ptr);                         \
      |                      ^~~
In file included from ../sound/core/control.c:1766:
../sound/core/control_compat.c:135:43: warning: taking address of packed member 'value' of class or structure 'snd_ctl_elem_info32' may result in an unaligned pointer value [-Waddress-of-packed-member]
  135 |                     put_user(data->value.integer.step, &data32->value.integer.step))
      |                                                         ^~~~~~~~~~~~~~~~~~~~~~~~~~
../arch/arm64/include/asm/uaccess.h:426:18: note: expanded from macro 'put_user'
  426 | #define put_user        __put_user
      |                         ^
../arch/arm64/include/asm/uaccess.h:420:25: note: expanded from macro '__put_user'
  420 |         __put_user_check((x), (ptr), __pu_err);                         \
      |                                ^~~
../arch/arm64/include/asm/uaccess.h:401:36: note: expanded from macro '__put_user_check'
  401 |         __typeof__(*(ptr)) __user *__p = (ptr);                         \
      |                                           ^~~
In file included from ../sound/core/control.c:1766:
../sound/core/control_compat.c:412:29: warning: taking address of packed member 'owner' of class or structure 'snd_ctl_elem_info32' may result in an unaligned pointer value [-Waddress-of-packed-member]
  412 |         if (get_user(data->owner, &data32->owner))
      |                                    ^~~~~~~~~~~~~
../arch/arm64/include/asm/uaccess.h:355:18: note: expanded from macro 'get_user'
  355 | #define get_user        __get_user
      |                         ^
../arch/arm64/include/asm/uaccess.h:349:25: note: expanded from macro '__get_user'
  349 |         __get_user_check((x), (ptr), __gu_err);                         \
      |                                ^~~
../arch/arm64/include/asm/uaccess.h:330:15: note: expanded from macro '__get_user_check'
  330 |         __typeof__(*(ptr)) __user *__p = (ptr);                         \
      |                      ^~~
In file included from ../sound/core/control.c:1766:
../sound/core/control_compat.c:412:29: warning: taking address of packed member 'owner' of class or structure 'snd_ctl_elem_info32' may result in an unaligned pointer value [-Waddress-of-packed-member]
  412 |         if (get_user(data->owner, &data32->owner))
        MK_FW   firmware/synaptics_jdi_3330_d5x.fw.gen.S
|                                    ^~~~~~~~~~~~~
../arch/arm64/include/asm/uaccess.h:355:18: note: expanded from macro 'get_user'
  355 | #define get_user        __get_user
      |                         ^
../arch/arm64/include/asm/uaccess.h:349:25: note: expanded from macro '__get_user'
  349 |   IHEX    firmware/synaptics_jdi_3330_d5x.fw
        __get_user_check((x), (ptr), __gu_err);                         \
      |                                ^~~
../arch/arm64/include/asm/uaccess.h:330:36: note: expanded from macro '__get_user_check'
  330 |         __typeof__(*(ptr)) __user *__p = (ptr);                         \
      |                                           ^~~
In file included from ../sound/core/control.c:1766:
../sound/core/control_compat.c:417:42: warning: taking address of packed member 'value' of class or structure 'snd_ctl_elem_info32' may result in an unaligned pointer value [-Waddress-of-packed-member]
  417 |                 if (get_user(data->value.integer.min, &data32->value.integer.min) ||
      |                                                        ^~~~~~~~~~~~~~~~~~~~~~~~~
../arch/arm64/include/asm/uaccess.h:355:18: note: expanded from macro 'get_user'
  355 | #define get_user        __get_user
      |                         ^
../arch/arm64/include/asm/uaccess.h:349:25: note: expanded from macro '__get_user'
  349 |         __get_user_check((x), (ptr), __gu_err);                         \
      |                                ^~~
../arch/arm64/include/asm/uaccess.h:330:15: note: expanded from macro '__get_user_check'
  330 |         __typeof__(*(ptr)) __user *__p = (ptr);                         \
      |                      ^~~
In file included from ../sound/core/control.c:1766:
../sound/core/control_compat.c:417:42: warning: taking address of packed member 'value' of class or structure 'snd_ctl_elem_info32' may result in an unaligned pointer value [-Waddress-of-packed-member]
  417 |                 if (get_user(data->value.integer.min, &data32->value.integer.min) ||
      |                                                        ^~~~~~~~~~~~~~~~~~~~~~~~~
../arch/arm64/include/asm/uaccess.h:355:18: note: expanded from macro 'get_user'
  355 | #define get_user        __get_user
      |                         ^
../arch/arm64/include/asm/uaccess.h:349:25: note: expanded from macro '__get_user'
  349 |         __get_user_check((x), (ptr), __gu_err);                         \
      |                                ^~~
../arch/arm64/include/asm/uaccess.h:330:36: note: expanded from macro '__get_user_check'
  330 |         __typeof__(*(ptr)) __user *__p = (ptr);                         \
      |                                           ^~~
In file included from ../sound/core/control.c:1766:
../sound/core/control_compat.c:418:42: warning: taking address of packed member 'value' of class or structure 'snd_ctl_elem_info32' may result in an unaligned pointer value [-Waddress-of-packed-member]
  418 |                     get_user(data->value.integer.max, &data32->value.integer.max) ||
      |                                                        ^~~~~~~~~~~~~~~~~~~~~~~~~
../arch/arm64/include/asm/uaccess.h:355:18: note: expanded from macro 'get_user'
  355 | #define get_user        __get_user
      |                         ^
../arch/arm64/include/asm/uaccess.h:349:25: note: expanded from macro '__get_user'
  349 |         __get_user_check((x), (ptr), __gu_err);                         \
      |                                ^~~
../arch/arm64/include/asm/uaccess.h:330:15: note: expanded from macro '__get_user_check'
  330 |         __typeof__(*(ptr)) __user *__p = (ptr);                         \
      |                      ^~~
In file included from ../sound/core/control.c:1766:
../sound/core/control_compat.c:418:42: warning: taking address of packed member 'value' of class or structure 'snd_ctl_elem_info32' may result in an unaligned pointer value [-Waddress-of-packed-member]
  418 |                     get_user(data->value.integer.max, &data32->value.integer.max) ||
      |                                                        ^~~~~~~~~~~~~~~~~~~~~~~~~
../arch/arm64/include/asm/uaccess.h:355:18: note: expanded from macro 'get_user'
  355 | #define get_user        __get_user
      |                         ^
../arch/arm64/include/asm/uaccess.h:349:25: note: expanded from macro '__get_user'
  349 |         __get_user_check((x), (ptr), __gu_err);                         \
      |                                ^~~
../arch/arm64/include/asm/uaccess.h:330:36: note: expanded from macro '__get_user_check'
  330 |         __typeof__(*(ptr)) __user *__p = (ptr);                         \
      |                                           ^~~
In file included from ../sound/core/control.c:1766:
../sound/core/control_compat.c:419:43: warning: taking address of packed member 'value' of class or structure 'snd_ctl_elem_info32' may result in an unaligned pointer value [-Waddress-of-packed-member]
  419 |                     get_user(data->value.integer.step, &data32->value.integer.step))
      |                                                         ^~~~~~~~~~~~~~~~~~~~~~~~~~
../arch/arm64/include/asm/uaccess.h:355:18: note: expanded from macro 'get_user'
  355 | #define get_user        __get_user
      |                         ^
../arch/arm64/include/asm/uaccess.h:349:25: note: expanded from macro '__get_user'
  349 |         __get_user_check((x), (ptr), __gu_err);                         \
      |                                ^~~
../arch/arm64/include/asm/uaccess.h:330:15: note: expanded from macro '__get_user_check'
  330 |         __typeof__(*(ptr)) __user *__p = (ptr);                         \
      |                      ^~~
In file included from ../sound/core/control.c:1766:
../sound/core/control_compat.c:419:43: warning: taking address of packed member 'value' of class or structure 'snd_ctl_elem_info32' may result in an unaligned pointer value [-Waddress-of-packed-member]
  419 |                     get_user(data->value.integer.step, &data32->value.integer.step))
      |                                                         ^~~~~~~~~~~~~~~~~~~~~~~~~~
../arch/arm64/include/asm/uaccess.h:355:18: note: expanded from macro 'get_user'
  355 | #define get_user        __get_user
      |                         ^
../arch/arm64/include/asm/uaccess.h:349:25: note: expanded from macro '__get_user'
  349 |         __get_user_check((x), (ptr), __gu_err);                         \
      |                                ^~~
../arch/arm64/include/asm/uaccess.h:330:36: note: expanded from macro '__get_user_check'
  330 |         __typeof__(*(ptr)) __user *__p = (ptr);                         \
      |                                           ^~~
  MK_FW   firmware/ft8716_ebbg_incell_ebbg_d5x.fw.gen.S
  IHEX    firmware/ft8716_ebbg_incell_ebbg_d5x.fw
  AS      firmware/synaptics_jdi_3330_d5x.fw.gen.o
  CC      security/selinux/netport.o
  AS      firmware/ft8716_ebbg_incell_ebbg_d5x.fw.gen.o
  LD      firmware/built-in.o
  CC      arch/arm64/kernel/cpuinfo.o
  CC      techpack/audio/asoc/msm-pcm-hostless.o
  CC      crypto/seqiv.o
  CC      techpack/audio/dsp/audio_calibration.o
  LD      sound/firewire/built-in.o
  CC      sound/core/device.o
  LD      sound/hda/built-in.o
  CC      techpack/audio/ipc/apr.o
  LD      drivers/android/built-in.o
  CC      techpack/stub/stub.o
  CC      techpack/audio/ipc/apr_v2.o
  LD      techpack/stub/built-in.o
  CC      techpack/audio/asoc/msm-dai-fe.o
  CC      block/blk-exec.o
  CC      crypto/echainiv.o
  CC      arch/arm64/kernel/cpu_errata.o
  CC      arch/arm64/kernel/cpufeature.o
  CC      kernel/task_work.o
  CC      techpack/audio/dsp/audio_cal_utils.o
  CC      sound/core/info.o
  LD      drivers/block/zram/zram.o
  LD      drivers/block/zram/built-in.o
  CC      techpack/audio/asoc/msm-dai-q6-v2.o
  CC      techpack/audio/ipc/apr_tal_glink.o
  LD      drivers/block/built-in.o
  CC      kernel/extable.o
  CC      techpack/audio/asoc/msm-pcm-q6-v2.o
  CC      fs/attr.o
  CC      techpack/audio/ipc/wcd-dsp-glink.o
  LD      sound/mips/built-in.o
18 warnings generated.
  LD      sound/i2c/other/built-in.o
  CC      sound/core/ctljack.o
  LD      sound/i2c/built-in.o
  LD      sound/isa/ad1816a/built-in.o
  CC      security/selinux/exports.o
  CC      techpack/audio/soc/regmap-swr.o
  LD      sound/isa/ad1848/built-in.o
  CC      mm/shmem.o
  CC      kernel/params.o
  LD      sound/isa/cs423x/built-in.o
  LD      sound/isa/es1688/built-in.o
  LD      sound/isa/galaxy/built-in.o
  LD      sound/isa/gus/built-in.o
  CC      drivers/base/cpu.o
  LD      sound/isa/msnd/built-in.o
  LD      sound/isa/opti9xx/built-in.o
  LD      sound/isa/sb/built-in.o
  LD      sound/isa/wavefront/built-in.o
  CC      mm/util.o
  LD      sound/isa/wss/built-in.o
  LD      sound/isa/built-in.o
  CC      mm/mmzone.o
  CC      mm/vmstat.o
  CC      crypto/ahash.o
  CC      fs/bad_inode.o
  CC      drivers/char/mem.o
  CC      mm/backing-dev.o
  LD      drivers/char/ipmi/built-in.o
  CC      mm/mm_init.o
  CC      block/blk-merge.o
  CC      net/socket.o
  CC      drivers/clk/clk-devres.o
  CC      security/selinux/ss/ebitmap.o
  LD      techpack/audio/ipc/built-in.o
  CC      drivers/clocksource/clksrc-probe.o
../techpack/audio/asoc/msm-dai-q6-v2.c:5471:11: warning: taking address of packed member 'group_id' of class or structure 'afe_param_id_group_device_tdm_cfg' may result in an unaligned pointer value [-Waddress-of-packed-member]
 5471 |                 (u32 *)&tdm_group_cfg.group_id);
      |                         ^~~~~~~~~~~~~~~~~~~~~~
  CC      techpack/audio/soc/pinctrl-wcd.o
  CC      security/selinux/ss/hashtab.o
  CC      techpack/audio/dsp/q6adm.o
../techpack/audio/asoc/msm-dai-q6-v2.c:9052:12: warning: taking address of packed member 'start_offset' of class or structure 'afe_param_id_custom_tdm_header_cfg' may result in an unaligned pointer value [-Waddress-of-packed-member]
 9052 |                         (u32 *)&custom_tdm_header->start_offset);
      |                                 ^~~~~~~~~~~~~~~~~~~~~~~~~~~~~~~
../techpack/audio/asoc/msm-dai-q6-v2.c:9064:12: warning: taking address of packed member 'header_width' of class or structure 'afe_param_id_custom_tdm_header_cfg' may result in an unaligned pointer value [-Waddress-of-packed-member]
 9064 |                         (u32 *)&custom_tdm_header->header_width);
      |                                 ^~~~~~~~~~~~~~~~~~~~~~~~~~~~~~~
../techpack/audio/asoc/msm-dai-q6-v2.c:9075:12: warning: taking address of packed member 'num_frame_repeat' of class or structure 'afe_param_id_custom_tdm_header_cfg' may result in an unaligned pointer value [-Waddress-of-packed-member]
 9075 |                         (u32 *)&custom_tdm_header->num_frame_repeat);
      |                                 ^~~~~~~~~~~~~~~~~~~~~~~~~~~~~~~~~~~
  CC      sound/core/jack.o
  CC      net/802/p8022.o
  CC      fs/file.o
  CC      kernel/kthread.o
  CC      arch/arm64/kernel/alternative.o
  CC      drivers/char/random.o
  CC      drivers/base/firmware.o
  CC      techpack/audio/dsp/q6afe.o
  CC      drivers/clocksource/arm_arch_timer.o
  CC      drivers/base/init.o
  CC      techpack/audio/dsp/q6asm.o
  CC      drivers/clk/clkdev.o
  CC      crypto/shash.o
  CC      arch/arm64/kernel/cacheinfo.o
  CC      techpack/audio/soc/soundwire.o
  CC      block/blk-softirq.o
  CC      security/selinux/ss/symtab.o
  AS      arch/arm64/lib/bitops.o
  CC      sound/core/hwdep.o
  CC      drivers/clocksource/dummy_timer.o
4 warnings generated.
  CC      techpack/audio/asoc/msm-pcm-routing-v2.o
  AS      arch/arm64/lib/clear_page.o
  CC      security/selinux/ss/sidtab.o
  CC      drivers/base/map.o
../techpack/audio/dsp/q6asm.c:793:37: warning: taking address of packed member 'hdr' of class or structure 'cmd_set_topologies' may result in an unaligned pointer value [-Waddress-of-packed-member]
  793 |         q6asm_add_hdr_custom_topology(ac, &asm_top.hdr, sizeof(asm_top));
      |                                            ^~~~~~~~~~~
  CC      arch/arm64/kernel/smp.o
  AS      arch/arm64/lib/clear_user.o
../techpack/audio/dsp/q6asm.c:1759:12: warning: taking address of packed member 'param_data' of class or structure 'asm_mtmx_strtr_get_params_cmdrsp' may result in an unaligned pointer value [-Waddress-of-packed-member]
 1759 |                         time = &cmdrsp->param_data.session_time;
      |                                 ^~~~~~~~~~~~~~~~~~~~~~~~~~~~~~~
../techpack/audio/dsp/q6asm.c:2717:21: warning: taking address of packed member 'hdr' of class or structure 'asm_stream_cmd_open_read_v3' may result in an unaligned pointer value [-Waddress-of-packed-member]
 2717 |         q6asm_add_hdr(ac, &open.hdr, sizeof(open), TRUE);
      |                            ^~~~~~~~
../techpack/audio/dsp/q6asm.c:2881:21: warning: taking address of packed member 'hdr' of class or structure 'asm_stream_cmd_open_write_compressed' may result in an unaligned pointer value [-Waddress-of-packed-member]
 2881 |         q6asm_add_hdr(ac, &open.hdr, sizeof(open), TRUE);
      |                            ^~~~~~~~
../techpack/audio/dsp/q6asm.c:2986:28: warning: taking address of packed member 'hdr' of class or structure 'asm_stream_cmd_open_write_v3' may result in an unaligned pointer value [-Waddress-of-packed-member]
 2986 |         q6asm_stream_add_hdr(ac, &open.hdr, sizeof(open), TRUE, stream_id);
      |                                   ^~~~~~~~
../techpack/audio/dsp/q6asm.c:2994:23: warning: taking address of packed member 'hdr' of class or structure 'asm_stream_cmd_open_write_v3' may result in an unaligned pointer value [-Waddress-of-packed-member]
 2994 |                 q6asm_update_token(&open.hdr.token,
      |                                     ^~~~~~~~~~~~~~
<instantiation>:3:2: warning: DWARF2 only supports one section per compilation unit
 .pushsection .altinstr_replacement, "ax"
 ^
<instantiation>:1:1: note: while in macro instantiation
alternative_else
^
<instantiation>:5:1: note: while in macro instantiation
alternative_else_nop_endif
^
<instantiation>:1:1: note: while in macro instantiation
uaccess_ttbr0_enable x2, x3, x4
^
../arch/arm64/lib/clear_user.S:33:2: note: while in macro instantiation
 uaccess_enable_not_uao x2, x3, x4
 ^
../arch/arm64/lib/clear_user.S:57:2: warning: DWARF2 only supports one section per compilation unit
 .section .fixup,"ax"
 ^
../techpack/audio/dsp/q6asm.c:3237:21: warning: taking address of packed member 'hdr' of class or structure 'asm_stream_cmd_open_readwrite_v2' may result in an unaligned pointer value [-Waddress-of-packed-member]
 3237 |         q6asm_add_hdr(ac, &open.hdr, sizeof(open), TRUE);
      |                            ^~~~~~~~
../techpack/audio/dsp/q6asm.c:3423:22: warning: taking address of packed member 'hdr' of class or structure 'asm_stream_cmd_open_transcode_loopback_t' may result in an unaligned pointer value [-Waddress-of-packed-member]
 3423 |                 q6asm_add_hdr(ac, &open.hdr, sizeof(open), TRUE);
      |                                    ^~~~~~~~
../techpack/audio/dsp/q6asm.c:3457:22: warning: taking address of packed member 'hdr' of class or structure 'asm_stream_cmd_open_loopback_v2' may result in an unaligned pointer value [-Waddress-of-packed-member]
 3457 |                 q6asm_add_hdr(ac, &open.hdr, sizeof(open), TRUE);
      |                                    ^~~~~~~~
../techpack/audio/dsp/q6asm.c:3525:21: warning: taking address of packed member 'hdr' of class or structure 'asm_stream_cmd_open_transcode_loopback_t' may result in an unaligned pointer value [-Waddress-of-packed-member]
 3525 |         q6asm_add_hdr(ac, &open.hdr, sizeof(open), TRUE);
      |                            ^~~~~~~~
../techpack/audio/dsp/q6asm.c:3763:28: warning: taking address of packed member 'hdr' of class or structure 'asm_stream_cmd_open_shared_io' may result in an unaligned pointer value [-Waddress-of-packed-member]
 3763 |         q6asm_stream_add_hdr(ac, &open->hdr, size_of_open, TRUE,
      |                                   ^~~~~~~~~
  AS      arch/arm64/lib/copy_from_user.o
  CC      techpack/audio/asoc/msm-compress-q6-v2.o
../techpack/audio/dsp/q6asm.c:4006:21: warning: taking address of packed member 'hdr' of class or structure 'asm_session_cmd_run_v2' may result in an unaligned pointer value [-Waddress-of-packed-member]
 4006 |         q6asm_add_hdr(ac, &run.hdr, sizeof(run), TRUE);
      |                            ^~~~~~~
../techpack/audio/dsp/q6asm.c:4062:34: warning: taking address of packed member 'hdr' of class or structure 'asm_session_cmd_run_v2' may result in an unaligned pointer value [-Waddress-of-packed-member]
 4062 |         q6asm_stream_add_hdr_async(ac, &run.hdr, sizeof(run), TRUE, stream_id);
      |                                         ^~~~~~~
../techpack/audio/dsp/q6asm.c:4101:21: warning: taking address of packed member 'hdr' of class or structure 'asm_aac_enc_cfg_v2' may result in an unaligned pointer value [-Waddress-of-packed-member]
 4101 |         q6asm_add_hdr(ac, &enc_cfg.hdr, sizeof(enc_cfg), TRUE);
      |                            ^~~~~~~~~~~
../techpack/audio/dsp/q6asm.c:4156:21: warning: taking address of packed member 'hdr' of class or structure 'asm_g711_enc_cfg_v2' may result in an unaligned pointer value [-Waddress-of-packed-member]
 4156 |         q6asm_add_hdr(ac, &enc_cfg.hdr, sizeof(enc_cfg), TRUE);
      |                            ^~~~~~~~~~~
../techpack/audio/dsp/q6asm.c:4211:21: warning: taking address of packed member 'hdr' of class or structure 'asm_dec_out_chan_map_param' may result in an unaligned pointer value [-Waddress-of-packed-member]
 4211 |         q6asm_add_hdr(ac, &chan_map.hdr, sizeof(chan_map), TRUE);
      |                            ^~~~~~~~~~~~
../techpack/audio/dsp/q6asm.c:4300:21: warning: taking address of packed member 'hdr' of class or structure 'asm_multi_channel_pcm_enc_cfg_v4' may result in an unaligned pointer value [-Waddress-of-packed-member]
 4300 |         q6asm_add_hdr(ac, &enc_cfg.hdr, sizeof(enc_cfg), TRUE);
      |                            ^~~~~~~~~~~
../techpack/audio/dsp/q6asm.c:4490:21: warning: taking address of packed member 'hdr' of class or structure 'asm_multi_channel_pcm_enc_cfg_v2' may result in an unaligned pointer value [-Waddress-of-packed-member]
 4490 |         q6asm_add_hdr(ac, &enc_cfg.hdr, sizeof(enc_cfg), TRUE);
      |                            ^~~~~~~~~~~
../techpack/audio/dsp/q6asm.c:4652:21: warning: taking address of packed member 'hdr' of class or structure 'asm_multi_channel_pcm_enc_cfg_v2' may result in an unaligned pointer value [-Waddress-of-packed-member]
 4652 |         q6asm_add_hdr(ac, &enc_cfg.hdr, sizeof(enc_cfg), TRUE);
      |                            ^~~~~~~~~~~
  CC      net/802/psnap.o
<instantiation>:3:2: warning: DWARF2 only supports one section per compilation unit
 .pushsection .altinstr_replacement, "ax"
 ^
<instantiation>:1:1: note: while in macro instantiation
alternative_else
^
<instantiation>:5:1: note: while in macro instantiation
alternative_else_nop_endif
^
<instantiation>:1:1: note: while in macro instantiation
uaccess_ttbr0_enable x3, x4, x5
^
../arch/arm64/lib/copy_from_user.S:67:2: note: while in macro instantiation
 uaccess_enable_not_uao x3, x4, x5
 ^
../techpack/audio/dsp/q6asm.c:4784:21: warning: taking address of packed member 'hdr' of class or structure 'asm_aac_sbr_ps_flag_param' may result in an unaligned pointer value [-Waddress-of-packed-member]
 4784 |         q6asm_add_hdr(ac, &sbrps.hdr, sizeof(sbrps), TRUE);
      |                            ^~~~~~~~~
  CC      techpack/audio/asoc/msm-pcm-afe-v2.o
../techpack/audio/dsp/q6asm.c:4836:21: warning: taking address of packed member 'hdr' of class or structure 'asm_aac_dual_mono_mapping_param' may result in an unaligned pointer value [-Waddress-of-packed-member]
 4836 |         q6asm_add_hdr(ac, &dual_mono.hdr, sizeof(dual_mono), TRUE);
      |                            ^~~~~~~~~~~~~
../arch/arm64/lib/copy_from_user.S:75:2: warning: DWARF2 only supports one section per compilation unit
 .section .fixup,"ax"
 ^
../techpack/audio/dsp/q6asm.c:4881:21: warning: taking address of packed member 'hdr' of class or structure 'asm_aac_stereo_mix_coeff_selection_param_v2' may result in an unaligned pointer value [-Waddress-of-packed-member]
 4881 |         q6asm_add_hdr(ac, &aac_mix_coeff.hdr, sizeof(aac_mix_coeff), TRUE);
      |                            ^~~~~~~~~~~~~~~~~
../techpack/audio/dsp/q6asm.c:4932:21: warning: taking address of packed member 'hdr' of class or structure 'asm_v13k_enc_cfg' may result in an unaligned pointer value [-Waddress-of-packed-member]
 4932 |         q6asm_add_hdr(ac, &enc_cfg.hdr, sizeof(enc_cfg), TRUE);
      |                            ^~~~~~~~~~~
../techpack/audio/dsp/q6asm.c:4986:21: warning: taking address of packed member 'hdr' of class or structure 'asm_evrc_enc_cfg' may result in an unaligned pointer value [-Waddress-of-packed-member]
 4986 |         q6asm_add_hdr(ac, &enc_cfg.hdr, sizeof(enc_cfg), TRUE);
      |                            ^~~~~~~~~~~
  AS      arch/arm64/lib/copy_in_user.o
../techpack/audio/dsp/q6asm.c:5037:21: warning: taking address of packed member 'hdr' of class or structure 'asm_amrnb_enc_cfg' may result in an unaligned pointer value [-Waddress-of-packed-member]
 5037 |         q6asm_add_hdr(ac, &enc_cfg.hdr, sizeof(enc_cfg), TRUE);
      |                            ^~~~~~~~~~~
../techpack/audio/dsp/q6asm.c:5086:21: warning: taking address of packed member 'hdr' of class or structure 'asm_amrwb_enc_cfg' may result in an unaligned pointer value [-Waddress-of-packed-member]
 5086 |         q6asm_add_hdr(ac, &enc_cfg.hdr, sizeof(enc_cfg), TRUE);
      |                            ^~~~~~~~~~~
../techpack/audio/dsp/q6asm.c:5144:28: warning: taking address of packed member 'hdr' of class or structure 'asm_multi_channel_pcm_fmt_blk_v2' may result in an unaligned pointer value [-Waddress-of-packed-member]
 5144 |         q6asm_stream_add_hdr(ac, &fmt.hdr, sizeof(fmt), TRUE, stream_id);
      |                                   ^~~~~~~
../techpack/audio/dsp/q6asm.c:5152:23: warning: taking address of packed member 'hdr' of class or structure 'asm_multi_channel_pcm_fmt_blk_v2' may result in an unaligned pointer value [-Waddress-of-packed-member]
 5152 |                 q6asm_update_token(&fmt.hdr.token,
      |                                     ^~~~~~~~~~~~~
../techpack/audio/dsp/q6asm.c:5233:28: warning: taking address of packed member 'hdr' of class or structure 'asm_multi_channel_pcm_fmt_blk_param_v3' may result in an unaligned pointer value [-Waddress-of-packed-member]
 5233 |         q6asm_stream_add_hdr(ac, &fmt.hdr, sizeof(fmt), TRUE, stream_id);
      |                                   ^~~~~~~
../techpack/audio/dsp/q6asm.c:5321:28: warning: taking address of packed member 'hdr' of class or structure 'asm_multi_channel_pcm_fmt_blk_param_v4' may result in an unaligned pointer value [-Waddress-of-packed-member]
 5321 |         q6asm_stream_add_hdr(ac, &fmt.hdr, sizeof(fmt), TRUE, stream_id);
      |                                   ^~~~~~~
../techpack/audio/dsp/q6asm.c:5512:21: warning: taking address of packed member 'hdr' of class or structure 'asm_multi_channel_pcm_fmt_blk_v2' may result in an unaligned pointer value [-Waddress-of-packed-member]
 5512 |         q6asm_add_hdr(ac, &fmt.hdr, sizeof(fmt), TRUE);
      |                            ^~~~~~~
../techpack/audio/dsp/q6asm.c:5586:21: warning: taking address of packed member 'hdr' of class or structure 'asm_multi_channel_pcm_fmt_blk_param_v3' may result in an unaligned pointer value [-Waddress-of-packed-member]
 5586 |         q6asm_add_hdr(ac, &fmt.hdr, sizeof(fmt), TRUE);
      |                            ^~~~~~~
../techpack/audio/dsp/q6asm.c:5662:21: warning: taking address of packed member 'hdr' of class or structure 'asm_multi_channel_pcm_fmt_blk_param_v4' may result in an unaligned pointer value [-Waddress-of-packed-member]
 5662 |         q6asm_add_hdr(ac, &fmt.hdr, sizeof(fmt), TRUE);
      |                            ^~~~~~~
../techpack/audio/dsp/q6asm.c:5824:21: warning: taking address of packed member 'hdr' of class or structure 'asm_generic_compressed_fmt_blk_t' may result in an unaligned pointer value [-Waddress-of-packed-member]
 5824 |         q6asm_add_hdr(ac, &fmt.hdr, sizeof(fmt), TRUE);
      |                            ^~~~~~~
../techpack/audio/dsp/q6asm.c:5898:21: warning: taking address of packed member 'hdr' of class or structure 'asm_iec_compressed_fmt_blk_t' may result in an unaligned pointer value [-Waddress-of-packed-member]
 5898 |         q6asm_add_hdr(ac, &fmt.hdr, sizeof(fmt), TRUE);
      |                            ^~~~~~~
../techpack/audio/dsp/q6asm.c:5941:28: warning: taking address of packed member 'hdr' of class or structure 'asm_aac_fmt_blk_v2' may result in an unaligned pointer value [-Waddress-of-packed-member]
 5941 |         q6asm_stream_add_hdr(ac, &fmt.hdr, sizeof(fmt), TRUE, stream_id);
      |                                   ^~~~~~~
../techpack/audio/dsp/q6asm.c:5949:23: warning: taking address of packed member 'hdr' of class or structure 'asm_aac_fmt_blk_v2' may result in an unaligned pointer value [-Waddress-of-packed-member]
 5949 |                 q6asm_update_token(&fmt.hdr.token,
      |                                     ^~~~~~~~~~~~~
../techpack/audio/dsp/q6asm.c:6031:28: warning: taking address of packed member 'hdr' of class or structure 'asm_wmastdv9_fmt_blk_v2' may result in an unaligned pointer value [-Waddress-of-packed-member]
 6031 |         q6asm_stream_add_hdr(ac, &fmt.hdr, sizeof(fmt), TRUE, stream_id);
      |                                   ^~~~~~~
../techpack/audio/dsp/q6asm.c:6088:28: warning: taking address of packed member 'hdr' of class or structure 'asm_wmaprov10_fmt_blk_v2' may result in an unaligned pointer value [-Waddress-of-packed-member]
 6088 |         q6asm_stream_add_hdr(ac, &fmt.hdr, sizeof(fmt), TRUE, stream_id);
      |                                   ^~~~~~~
<instantiation>:3:2: warning: DWARF2 only supports one section per compilation unit
 .pushsection .altinstr_replacement, "ax"
 ^
<instantiation>:1:1: note: while in macro instantiation
alternative_else
^
<instantiation>:5:1: note: while in macro instantiation
alternative_else_nop_endif
^
<instantiation>:1:1: note: while in macro instantiation
uaccess_ttbr0_enable x3, x4, x5
^
../arch/arm64/lib/copy_in_user.S:68:2: note: while in macro instantiation
 uaccess_enable_not_uao x3, x4, x5
 ^
../techpack/audio/dsp/q6asm.c:6146:21: warning: taking address of packed member 'hdr' of class or structure 'asm_amrwbplus_fmt_blk_v2' may result in an unaligned pointer value [-Waddress-of-packed-member]
 6146 |         q6asm_add_hdr(ac, &fmt.hdr, sizeof(fmt), TRUE);
      |                            ^~~~~~~
../techpack/audio/dsp/q6asm.c:6191:28: warning: taking address of packed member 'hdr' of class or structure 'asm_flac_fmt_blk_v2' may result in an unaligned pointer value [-Waddress-of-packed-member]
 6191 |         q6asm_stream_add_hdr(ac, &fmt.hdr, sizeof(fmt), TRUE, stream_id);
      |                                   ^~~~~~~
  CC      security/selinux/ss/avtab.o
../arch/arm64/lib/copy_in_user.S:76:2: warning: DWARF2 only supports one section per compilation unit
 .section .fixup,"ax"
 ^
../techpack/audio/dsp/q6asm.c:6243:28: warning: taking address of packed member 'hdr' of class or structure 'asm_alac_fmt_blk_v2' may result in an unaligned pointer value [-Waddress-of-packed-member]
 6243 |         q6asm_stream_add_hdr(ac, &fmt.hdr, sizeof(fmt), TRUE, stream_id);
      |                                   ^~~~~~~
../techpack/audio/dsp/q6asm.c:6322:28: warning: taking address of packed member 'hdr' of class or structure 'asm_g711_dec_fmt_blk_v2' may result in an unaligned pointer value [-Waddress-of-packed-member]
 6322 |         q6asm_stream_add_hdr(ac, &fmt.hdr, sizeof(fmt), TRUE, stream_id);
      |                                   ^~~~~~~
../techpack/audio/dsp/q6asm.c:6368:28: warning: taking address of packed member 'hdr' of class or structure 'asm_vorbis_fmt_blk_v2' may result in an unaligned pointer value [-Waddress-of-packed-member]
 6368 |         q6asm_stream_add_hdr(ac, &fmt.hdr, sizeof(fmt), TRUE, stream_id);
      |                                   ^~~~~~~
../techpack/audio/dsp/q6asm.c:6413:28: warning: taking address of packed member 'hdr' of class or structure 'asm_ape_fmt_blk_v2' may result in an unaligned pointer value [-Waddress-of-packed-member]
 6413 |         q6asm_stream_add_hdr(ac, &fmt.hdr, sizeof(fmt), TRUE, stream_id);
      |                                   ^~~~~~~
  CC      techpack/audio/asoc/msm-pcm-voip-v2.o
../techpack/audio/dsp/q6asm.c:6478:28: warning: taking address of packed member 'hdr' of class or structure 'asm_dsd_fmt_blk_v2' may result in an unaligned pointer value [-Waddress-of-packed-member]
 6478 |         q6asm_stream_add_hdr(ac, &fmt.hdr, sizeof(fmt), TRUE, stream_id);
      |                                   ^~~~~~~
  AS      arch/arm64/lib/copy_page.o
../techpack/audio/dsp/q6asm.c:6532:28: warning: taking address of packed member 'hdr' of class or structure 'asm_aptx_dec_fmt_blk_v2' may result in an unaligned pointer value [-Waddress-of-packed-member]
 6532 |         q6asm_stream_add_hdr(ac, &aptx_fmt.hdr, sizeof(aptx_fmt), TRUE,
      |                                   ^~~~~~~~~~~~
../techpack/audio/dsp/q6asm.c:6578:28: warning: taking address of packed member 'hdr' of class or structure 'asm_dec_ddp_endp_param_v2' may result in an unaligned pointer value [-Waddress-of-packed-member]
 6578 |         q6asm_stream_add_hdr(ac, &ddp_cfg.hdr, sizeof(ddp_cfg), TRUE,
      |                                   ^~~~~~~~~~~
../techpack/audio/dsp/q6asm.c:6587:23: warning: taking address of packed member 'hdr' of class or structure 'asm_dec_ddp_endp_param_v2' may result in an unaligned pointer value [-Waddress-of-packed-member]
 6587 |                 q6asm_update_token(&ddp_cfg.hdr.token,
      |                                     ^~~~~~~~~~~~~~~~~
../techpack/audio/dsp/q6asm.c:6678:25: warning: taking address of packed member 'hdr' of class or structure 'avs_cmd_shared_mem_map_regions' may result in an unaligned pointer value [-Waddress-of-packed-member]
 6678 |         q6asm_add_mmaphdr(ac, &mmap_regions->hdr, cmd_size, dir);
      |                                ^~~~~~~~~~~~~~~~~
  CC      fs/filesystems.o
../techpack/audio/dsp/q6asm.c:6753:25: warning: taking address of packed member 'hdr' of class or structure 'avs_cmd_shared_mem_unmap_regions' may result in an unaligned pointer value [-Waddress-of-packed-member]
 6753 |         q6asm_add_mmaphdr(ac, &mem_unmap.hdr,
      |                                ^~~~~~~~~~~~~
../techpack/audio/dsp/q6asm.c:6888:25: warning: taking address of packed member 'hdr' of class or structure 'avs_cmd_shared_mem_map_regions' may result in an unaligned pointer value [-Waddress-of-packed-member]
 6888 |         q6asm_add_mmaphdr(ac, &mmap_regions->hdr, cmd_size, dir);
      |                                ^~~~~~~~~~~~~~~~~
../techpack/audio/dsp/q6asm.c:6982:25: warning: taking address of packed member 'hdr' of class or structure 'avs_cmd_shared_mem_unmap_regions' may result in an unaligned pointer value [-Waddress-of-packed-member]
 6982 |         q6asm_add_mmaphdr(ac, &mem_unmap.hdr, cmd_size, dir);
      |                                ^~~~~~~~~~~~~
../techpack/audio/dsp/q6asm.c:7081:27: warning: taking address of packed member 'hdr' of class or structure 'asm_volume_ctrl_multichannel_gain' may result in an unaligned pointer value [-Waddress-of-packed-member]
 7081 |         q6asm_add_hdr_async(ac, &multi_ch_gain.hdr, sz, TRUE);
      |                                  ^~~~~~~~~~~~~~~~~
../techpack/audio/dsp/q6asm.c:7191:27: warning: taking address of packed member 'hdr' of class or structure 'asm_volume_ctrl_multichannel_gain' may result in an unaligned pointer value [-Waddress-of-packed-member]
 7191 |         q6asm_add_hdr_async(ac, &multich_gain.hdr, sz, TRUE);
      |                                  ^~~~~~~~~~~~~~~~
../techpack/audio/dsp/q6asm.c:7283:27: warning: taking address of packed member 'hdr' of class or structure 'asm_volume_ctrl_mute_config' may result in an unaligned pointer value [-Waddress-of-packed-member]
 7283 |         q6asm_add_hdr_async(ac, &mute.hdr, sz, TRUE);
      |                                  ^~~~~~~~
../techpack/audio/dsp/q6asm.c:7371:27: warning: taking address of packed member 'hdr' of class or structure 'asm_volume_ctrl_master_gain' may result in an unaligned pointer value [-Waddress-of-packed-member]
 7371 |         q6asm_add_hdr_async(ac, &vol.hdr, sz, TRUE);
      |                                  ^~~~~~~
../techpack/audio/dsp/q6asm.c:7450:27: warning: taking address of packed member 'hdr' of class or structure 'aptx_dec_bt_dev_addr' may result in an unaligned pointer value [-Waddress-of-packed-member]
 7450 |         q6asm_add_hdr_async(ac, &paylod.hdr, sz, TRUE);
      |                                  ^~~~~~~~~~
../techpack/audio/dsp/q6asm.c:7530:27: warning: taking address of packed member 'hdr' of class or structure 'avs_rtic_shared_mem_addr' may result in an unaligned pointer value [-Waddress-of-packed-member]
 7530 |         q6asm_add_hdr_async(ac, &shm.hdr, sz, TRUE);
      |                                  ^~~~~~~
<instantiation>:5:2: warning: DWARF2 only supports one section per compilation unit
 .pushsection .altinstr_replacement, "ax"
 ^
../arch/arm64/lib/copy_page.S:32:1: note: while in macro instantiation
alternative_if 8
^
../techpack/audio/dsp/q6asm.c:7598:27: warning: taking address of packed member 'hdr' of class or structure 'avs_param_rtic_event_ack' may result in an unaligned pointer value [-Waddress-of-packed-member]
 7598 |         q6asm_add_hdr_async(ac, &ack.hdr,
      |                                  ^~~~~~~
../techpack/audio/dsp/q6asm.c:7674:27: warning: taking address of packed member 'hdr' of class or structure 'asm_soft_pause_params' may result in an unaligned pointer value [-Waddress-of-packed-member]
 7674 |         q6asm_add_hdr_async(ac, &softpause.hdr, sz, TRUE);
      |                                  ^~~~~~~~~~~~~
../techpack/audio/dsp/q6asm.c:7769:27: warning: taking address of packed member 'hdr' of class or structure 'asm_soft_step_volume_params' may result in an unaligned pointer value [-Waddress-of-packed-member]
 7769 |         q6asm_add_hdr_async(ac, &softvol.hdr, sz, TRUE);
      |                                  ^~~~~~~~~~~  CC      drivers/base/devres.o

  AS      arch/arm64/lib/copy_to_user.o
../techpack/audio/dsp/q6asm.c:7872:21: warning: taking address of packed member 'hdr' of class or structure 'asm_eq_params' may result in an unaligned pointer value [-Waddress-of-packed-member]
 7872 |         q6asm_add_hdr(ac, &eq.hdr, sz, TRUE);
      |                            ^~~~~~
  CC      drivers/clk/clk.o
../techpack/audio/dsp/q6asm.c:7964:22: warning: taking address of packed member 'hdr' of class or structure 'asm_data_cmd_read_v2' may result in an unaligned pointer value [-Waddress-of-packed-member]
 7964 |                 q6asm_add_hdr(ac, &read.hdr, sizeof(read), FALSE);
      |                                    ^~~~~~~~
../techpack/audio/dsp/q6asm.c:8000:23: warning: taking address of packed member 'hdr' of class or structure 'asm_data_cmd_read_v2' may result in an unaligned pointer value [-Waddress-of-packed-member]
 8000 |                 q6asm_update_token(&read.hdr.token,
      |                                     ^~~~~~~~~~~~~~
../techpack/audio/dsp/q6asm.c:8055:28: warning: taking address of packed member 'hdr' of class or structure 'asm_data_cmd_read_v2' may result in an unaligned pointer value [-Waddress-of-packed-member]
 8055 |                 q6asm_add_hdr_async(ac, &read.hdr, sizeof(read), FALSE);
      |                                          ^~~~~~~~
../techpack/audio/dsp/q6asm.c:8074:23: warning: taking address of packed member 'hdr' of class or structure 'asm_data_cmd_read_v2' may result in an unaligned pointer value [-Waddress-of-packed-member]
 8074 |                 q6asm_update_token(&read.hdr.token,
      |                                     ^~~~~~~~~~~~~~
../techpack/audio/dsp/q6asm.c:8131:9: warning: taking address of packed member 'hdr' of class or structure 'asm_data_cmd_write_v2' may result in an unaligned pointer value [-Waddress-of-packed-member]
 8131 |                         ac, &write.hdr, sizeof(write), TRUE, ac->stream_id);
      |                              ^~~~~~~~~
../techpack/audio/dsp/q6asm.c:8213:27: warning: taking address of packed member 'hdr' of class or structure 'asm_data_cmd_read_v2' may result in an unaligned pointer value [-Waddress-of-packed-member]
 8213 |         q6asm_add_hdr_async(ac, &read.hdr, sizeof(read), FALSE);
      |                                  ^~~~~~~~
../techpack/audio/dsp/q6asm.c:8284:22: warning: taking address of packed member 'hdr' of class or structure 'asm_data_cmd_write_v2' may result in an unaligned pointer value [-Waddress-of-packed-member]
 8284 |                 q6asm_add_hdr(ac, &write.hdr, sizeof(write),
      |                                    ^~~~~~~~~
../techpack/audio/dsp/q6asm.c:8291:23: warning: taking address of packed member 'hdr' of class or structure 'asm_data_cmd_write_v2' may result in an unaligned pointer value [-Waddress-of-packed-member]
 8291 |                 q6asm_update_token(&write.hdr.token,
      |                                     ^~~~~~~~~~~~~~~
../techpack/audio/dsp/q6asm.c:8364:28: warning: taking address of packed member 'hdr' of class or structure 'asm_data_cmd_write_v2' may result in an unaligned pointer value [-Waddress-of-packed-member]
 8364 |                 q6asm_add_hdr_async(ac, &write.hdr, sizeof(write),
      |                                          ^~~~~~~~~
../techpack/audio/dsp/q6asm.c:8370:23: warning: taking address of packed member 'hdr' of class or structure 'asm_data_cmd_write_v2' may result in an unaligned pointer value [-Waddress-of-packed-member]
 8370 |                 q6asm_update_token(&write.hdr.token,
      |                                     ^~~~~~~~~~~~~~~
../techpack/audio/dsp/q6asm.c:8435:21: warning: taking address of packed member 'hdr' of class or structure 'asm_mtmx_strtr_get_params' may result in an unaligned pointer value [-Waddress-of-packed-member]
 8435 |         q6asm_add_hdr(ac, &mtmx_params.hdr, sizeof(mtmx_params), TRUE);
      |                            ^~~~~~~~~~~~~~~
  LD      drivers/clocksource/built-in.o
../techpack/audio/dsp/q6asm.c:8632:21: warning: taking address of packed member 'hdr' of class or structure 'asm_mtmx_strtr_params' may result in an unaligned pointer value [-Waddress-of-packed-member]
 8632 |         q6asm_add_hdr(ac, &matrix.hdr, sz, TRUE);
      |                            ^~~~~~~~~~
<instantiation>:3:2: warning: DWARF2 only supports one section per compilation unit
 .pushsection .altinstr_replacement, "ax"
 ^
<instantiation>:1:1: note: while in macro instantiation
alternative_else
^
<instantiation>:5:1: note: while in macro instantiation../techpack/audio/dsp/q6asm.c
alternative_else_nop_endif
^
<instantiation>:1:1: note: while in macro instantiation
uaccess_ttbr0_enable x3, x4, x5
^
../arch/arm64/lib/copy_to_user.S:66:2: note: while in macro instantiation
 uaccess_enable_not_uao x3, x4, x5
 ^
:8717:21: warning: taking address of packed member 'hdr' of class or structure 'asm_mtmx_strtr_params' may result in an unaligned pointer value [-Waddress-of-packed-member]
 8717 |         q6asm_add_hdr(ac, &matrix.hdr, sz, TRUE);
      |                            ^~~~~~~~~~
../arch/arm64/lib/copy_to_user.S:74:2: warning: DWARF2 only supports one section per compilation unit
 .section .fixup,"ax"
 ^
../techpack/audio/dsp/q6asm.c:8802:21: warning: taking address of packed member 'hdr' of class or structure 'asm_mtmx_strtr_params' may result in an unaligned pointer value [-Waddress-of-packed-member]
 8802 |         q6asm_add_hdr(ac, &matrix.hdr, sz, TRUE);
      |                            ^~~~~~~~~~
../techpack/audio/dsp/q6asm.c:8877:21: warning: taking address of packed member 'hdr' of class or structure 'asm_mtmx_strtr_params' may result in an unaligned pointer value [-Waddress-of-packed-member]
 8877 |         q6asm_add_hdr(ac, &matrix.hdr, sz, TRUE);
      |                            ^~~~~~~~~~
  CC      techpack/audio/asoc/msm-pcm-voice-v2.o
  CC      arch/arm64/lib/delay.o
../techpack/audio/dsp/q6asm.c:9148:34: warning: taking address of packed member 'hdr' of class or structure 'asm_data_cmd_remove_silence' may result in an unaligned pointer value [-Waddress-of-packed-member]
 9148 |         q6asm_stream_add_hdr_async(ac, &silence.hdr, sizeof(silence), TRUE,
      |                                         ^~~~~~~~~~~
../techpack/audio/dsp/q6asm.c:9157:23: warning: taking address of packed member 'hdr' of class or structure 'asm_data_cmd_remove_silence' may result in an unaligned pointer value [-Waddress-of-packed-member]
 9157 |                 q6asm_update_token(&silence.hdr.token,
      |                                     ^~~~~~~~~~~~~~~~~
../techpack/audio/dsp/q6asm.c:9246:21: warning: taking address of packed member 'hdr' of class or structure 'asm_session_cmd_regx_overflow' may result in an unaligned pointer value [-Waddress-of-packed-member]
 9246 |         q6asm_add_hdr(ac, &tx_overflow.hdr, sizeof(tx_overflow), TRUE);
      |                            ^~~~~~~~~~~~~~~
../techpack/audio/dsp/q6asm.c:9297:27: warning: taking address of packed member 'hdr' of class or structure 'asm_session_cmd_rgstr_rx_underflow' may result in an unaligned pointer value [-Waddress-of-packed-member]
 9297 |         q6asm_add_hdr_async(ac, &rx_underflow.hdr, sizeof(rx_underflow), FALSE);
      |                                  ^~~~~~~~~~~~~~~~
../techpack/audio/dsp/q6asm.c:9339:21: warning: taking address of packed member 'hdr' of class or structure 'asm_session_cmd_adjust_session_clock_v2' may result in an unaligned pointer value [-Waddress-of-packed-member]
 9339 |         q6asm_add_hdr(ac, &adjust_clock.hdr, sz, TRUE);
      |                            ^~~~~~~~~~~~~~~~
  CC      mm/mmu_context.o
  CC      techpack/audio/soc/swr-wcd-ctrl.o
  CC      drivers/char/misc.o
  CC      block/blk-timeout.o
  CC      crypto/akcipher.o
  CC      kernel/sys_ni.o
  CC      sound/core/timer.o
  CC      kernel/nsproxy.o
  CC      kernel/notifier.o
  AS      arch/arm64/lib/memchr.o
  AS      arch/arm64/lib/memcmp.o
  CC      kernel/ksysfs.o
  AS      arch/arm64/lib/memcpy.o
  CC      mm/percpu.o
  CC      security/selinux/ss/policydb.o
  AS      arch/arm64/lib/memmove.o
  AS      arch/arm64/lib/memset.o
  CC      arch/arm64/kernel/smp_spin_table.o
  AS      arch/arm64/lib/strchr.o
  AS      arch/arm64/lib/strcmp.o
  CC      drivers/base/attribute_container.o
  LD      drivers/char/agp/built-in.o
In file included from ../sound/core/timer.c:2126:
../sound/core/timer_compat.c:53:36: warning: taking address of packed member 'tid' of class or structure 'snd_timer_gparams32' may result in an unaligned pointer value [-Waddress-of-packed-member]
   53 |         if (copy_from_user(&gparams.tid, &user->tid, sizeof(gparams.tid)) ||
      |                                           ^~~~~~~~~
../sound/core/timer_compat.c:54:36: warning: taking address of packed member 'period_num' of class or structure 'snd_timer_gparams32' may result in an unaligned pointer value [-Waddress-of-packed-member]
   54 |             get_user(gparams.period_num, &user->period_num) ||
      |                                           ^~~~~~~~~~~~~~~~
../arch/arm64/include/asm/uaccess.h:355:18: note: expanded from macro 'get_user'
  355 | #define get_user        __get_user
      |                         ^
../arch/arm64/include/asm/uaccess.h:349:25: note: expanded from macro '__get_user'
  349 |         __get_user_check((x), (ptr), __gu_err);                         \
      |                                ^~~
../arch/arm64/include/asm/uaccess.h:330:15: note: expanded from macro '__get_user_check'
  330 |         __typeof__(*(ptr)) __user *__p = (ptr);                         \
      |                      ^~~
In file included from ../sound/core/timer.c:2126:
../sound/core/timer_compat.c:54:36: warning: taking address of packed member 'period_num' of class or structure 'snd_timer_gparams32' may result in an unaligned pointer value [-Waddress-of-packed-member]
   54 |             get_user(gparams.period_num, &user->period_num) ||
      |                                           ^~~~~~~~~~~~~~~~
../arch/arm64/include/asm/uaccess.h:355:18: note: expanded from macro 'get_user'
  355 | #define get_user        __get_user
      |                         ^
../arch/arm64/include/asm/uaccess.h:349:25: note: expanded from macro '__get_user'
  349 |         __get_user_check((x), (ptr), __gu_err);                         \
      |                                ^~~
../arch/arm64/include/asm/uaccess.h:330:36: note: expanded from macro '__get_user_check'
  330 |         __typeof__(*(ptr)) __user *__p = (ptr);                         \
      |                                           ^~~
In file included from ../sound/core/timer.c:2126:
../sound/core/timer_compat.c:55:36: warning: taking address of packed member 'period_den' of class or structure 'snd_timer_gparams32' may result in an unaligned pointer value [-Waddress-of-packed-member]
   55 |             get_user(gparams.period_den, &user->period_den))
      |                                           ^~~~~~~~~~~~~~~~
../arch/arm64/include/asm/uaccess.h:355:18: note: expanded from macro 'get_user'
  355 | #define get_user        __get_user
      |                         ^
../arch/arm64/include/asm/uaccess.h:349:25: note: expanded from macro '__get_user'
  349 |         __get_user_check((x), (ptr), __gu_er  CC      fs/namespace.o
r);                         \
      |                                ^~~
../arch/arm64/include/asm/uaccess.h:330:15: note: expanded from macro '__get_user_check'
  330 |         __typeof__(*(ptr)) __user *__p = (ptr);                         \
      |                      ^~~
In file included from ../sound/core/timer.c:2126:
../sound/core/timer_compat.c:55:36: warning: taking address of packed member 'period_den' of class or structure 'snd_timer_gparams32' may result in an unaligned pointer value [-Waddress-of-packed-member]
   55 |             get_user(gparams.period_den, &user->period_den))
      |                                           ^~~~~~~~~~~~~~~~
../arch/arm64/include/asm/uaccess.h:355:18: note: expanded from macro 'get_user'
  355 | #define get_user        __get_user
      |                         ^
../arch/arm64/include/asm/uaccess.h:349:25: note: expanded from macro '__get_user'
  349 |         __get_user_check((x), (ptr), __gu_err);                         \
      |                                ^~~
../arch/arm64/include/asm/uaccess.h:330:36: note: expanded from macro '__get_user_check'
  330 |         __typeof__(*(ptr)) __user *__p = (ptr);                         \
      |                                           ^~~
  CC      drivers/base/transport_class.o
  CC      drivers/char/diag/diagchar_core.o
  AS      arch/arm64/lib/strlen.o
  CC      net/802/stp.o
  CC      lib/lockref.o
  AS      arch/arm64/lib/strncmp.o
  CC      kernel/cred.o
  CC      lib/bcd.o
  CC      arch/arm64/kernel/topology.o
  CC      lib/div64.o
  AS      arch/arm64/lib/strnlen.o
  CC      block/blk-lib.o
  CC      crypto/kpp.o
  AS      arch/arm64/lib/strrchr.o
  CC      security/selinux/ss/services.o
  LD      sound/parisc/built-in.o
  CC      techpack/audio/soc/wcd-spi-ac.o
  CC      drivers/base/topology.o
  AR      arch/arm64/lib/lib.a
  CC      lib/sort.o
  CC      fs/seq_file.o
  EXPORTS arch/arm64/lib/lib-ksyms.o
  LD      virt/lib/built-in.o
  LD      arch/arm64/lib/built-in.o
  LD      virt/built-in.o
  CC      drivers/clk/clk-divider.o
  CC      drivers/base/container.o
  CC      net/bluetooth/af_bluetooth.o
  CC      crypto/algboss.o
  CC      lib/parser.o
../drivers/char/diag/diagchar_core.c:1817:7: warning: taking address of packed member 'peripheral' of class or structure 'diag_logging_mode_param_t' may result in an unaligned pointer value [-Waddress-of-packed-member]
 1817 |                                         &param->peripheral)) {
      |                                          ^~~~~~~~~~~~~~~~~
  CC      techpack/audio/dsp/q6audio-v2.o
  CC      drivers/char/hw_random/core.o
5 warnings generated.
  CC      fs/xattr.o
  CC      drivers/base/property.o
  CC      mm/slab_common.o
  LD      sound/pci/ac97/built-in.o
  CC      block/blk-mq.o
  LD      sound/pci/ali5451/built-in.o
  CC      lib/halfmd4.o
  CC      sound/core/pcm.o
  LD      sound/pci/asihpi/built-in.o
  AS      arch/arm64/kernel/smccc-call.o
  LD      sound/pci/au88x0/built-in.o
  CC      techpack/audio/asoc/msm-dai-q6-hdmi-v2.o
  LD      sound/pci/aw2/built-in.o
  LD      net/802/built-in.o
  CC      drivers/char/hw_random/msm_rng.o
  LD      sound/pci/ca0106/built-in.o
  LD      sound/pci/cs46xx/built-in.o
  CC      net/bluetooth/hci_core.o
  CC      arch/arm64/kernel/sys32.o
  LD      sound/pci/cs5535audio/built-in.o
  CC      techpack/audio/soc/wcd_spi_ctl_v01.o
  LD      sound/pci/ctxfi/built-in.o
  LD      sound/pci/echoaudio/built-in.o
  CC      lib/debug_locks.o
  LD      sound/pci/emu10k1/built-in.o
  LD      sound/pci/hda/built-in.o
  LD      sound/pci/ice1712/built-in.o
  CC      crypto/testmgr.o
  LD      sound/pci/korg1212/built-in.o
  LD      sound/pci/lola/built-in.o
  LD      sound/pci/lx6464es/built-in.o
  DTC     arch/arm64/boot/dts/qcom/sdm845-sim.dtb
  LD      sound/pci/mixart/built-in.o
  CC      crypto/cmac.o
  LD      sound/pci/nm256/built-in.o
clang: warning: argument unused during compilation: '-fuse-ld=lld' [-Wunused-command-line-argument]
  CC      kernel/reboot.o
  LD      sound/pci/oxygen/built-in.o
  LD      sound/pci/pcxhr/built-in.o
  LD      sound/pci/riptide/built-in.o
  LD      sound/pci/rme9652/built-in.o
  LD      sound/pci/trident/built-in.o
  LD      sound/pci/vx222/built-in.o
  LD      techpack/audio/soc/wcd-spi-acc-ctl.o
  LD      sound/pci/ymfpci/built-in.o
  CC      lib/random32.o
  LD      sound/pci/built-in.o
  LD      techpack/audio/soc/built-in.o
  CC      arch/arm64/kernel/signal32.o
  CC      arch/arm64/kernel/sys_compat.o
1 warning generated.
  CC      drivers/char/diag/diagchar_hdlc.o
  CC      drivers/base/cacheinfo.o
  CC      drivers/base/dma-contiguous.o
  CC      drivers/clk/clk-fixed-factor.o
83 warnings generated.
  CC      fs/libfs.o
  CC      techpack/audio/asoc/msm-lsm-client.o
  CC      drivers/char/hw_random/cavium-rng.o
  CC      security/selinux/ss/conditional.o
  CC      techpack/audio/dsp/q6voice.o
  DTC     arch/arm64/boot/dts/qcom/sdm845-rumi.dtb
clang: warning: argument unused during compilation: '-fuse-ld=lld' [-Wunused-command-line-argument]
  CC      drivers/char/diag/diagfwd.o
  LD      sound/pcmcia/pdaudiocf/built-in.o
  LD      sound/pcmcia/vx/built-in.o
  LD      sound/ppc/built-in.o
  LD      sound/pcmcia/built-in.o
  CC      drivers/clk/clk-fixed-rate.o
  CC      drivers/clk/clk-gate.o
  CC      lib/bust_spinlocks.o
  CC      drivers/base/power/sysfs.o
  CC      drivers/cpufreq/cpufreq.o
  CC      sound/core/pcm_native.o
  CC      drivers/cpufreq/freq_table.o
  CC      crypto/hmac.o
  CC      crypto/xcbc.o
  CC      drivers/clk/clk-multiplier.o
  CC      kernel/async.o
  CC      drivers/char/hw_random/cavium-rng-vf.o
../techpack/audio/dsp/q6voice.c:2436:5: warning: taking address of packed member 'tx_topology_id' of class or structure 'vss_ivocproc_cmd_set_device_v2_t' may result in an unaligned pointer value [-Waddress-of-packed-member]
 2436 |                         &cvp_setdev_cmd.cvp_set_device_v2.tx_topology_id,
      |                          ^~~~~~~~~~~~~~~~~~~~~~~~~~~~~~~~~~~~~~~~~~~~~~~
../techpack/audio/dsp/q6voice.c:2437:5: warning: taking address of packed member 'rx_topology_id' of class or structure 'vss_ivocproc_cmd_set_device_v2_t' may result in an unaligned pointer value [-Waddress-of-packed-member]
 2437 |                         &cvp_setdev_cmd.cvp_set_device_v2.rx_topology_id);
      |                          ^~~~~~~~~~~~~~~~~~~~~~~~~~~~~~~~~~~~~~~~~~~~~~~
../techpack/audio/dsp/q6voice.c:2793:5: warning: taking address of packed member 'tx_topology_id' of class or structure 'vss_ivocproc_cmd_create_full_control_session_v2_t' may result in an unaligned pointer value [-Waddress-of-packed-member]
 2793 |                         &cvp_session_cmd.cvp_session.tx_topology_id,
      |                          ^~~~~~~~~~~~~~~~~~~~~~~~~~~~~~~~~~~~~~~~~~
../techpack/audio/dsp/q6voice.c:2794:5: warning: taking address of packed member 'rx_topology_id' of class or structure 'vss_ivocproc_cmd_create_full_control_session_v2_t' may result in an unaligned pointer value [-Waddress-of-packed-member]
 2794 |                         &cvp_session_cmd.cvp_session.rx_topology_id);
      |                          ^~~~~~~~~~~~~~~~~~~~~~~~~~~~~~~~~~~~~~~~~~
  CC      drivers/cpuidle/cpuidle.o
  DTC     arch/arm64/boot/dts/qcom/sdm845-mtp.dtb
clang: warning: argument unused during compilation: '-fuse-ld=lld' [-Wunused-command-line-argument]
  CC      lib/kasprintf.o
  AS      arch/arm64/kernel/entry32.o
  DTC     arch/arm64/boot/dts/qcom/sdm845-cdp.dtb
clang: warning: argument unused during compilation: '-fuse-ld=lld' [-Wunused-command-line-argument]
In file included from ../sound/core/pcm_native.c:3620:
../sound/core/pcm_compat.c:227:21: warning: taking address of packed member 'audio_tstamp_data' of class or structure 'snd_pcm_status32' may result in an unaligned pointer value [-Waddress-of-packed-member]
  227 |                                 (u32 __user *)(&src->audio_tstamp_data)))
      |                                                 ^~~~~~~~~~~~~~~~~~~~~~
../arch/arm64/include/asm/uaccess.h:355:18: note: expanded from macro 'get_user'
  355 | #define get_user        __get_user
      |                         ^
../arch/arm64/include/asm/uaccess.h:349:25: note: expanded from macro '__get_user'
  349 |         __get_user_check((x), (ptr), __gu_err);                         \
      |                                ^~~
../arch/arm64/include/asm/uaccess.h:330:15: note: expanded from macro '__get_user_check'
  330 |         __typeof__(*(ptr)) __user *__p = (ptr);                         \
      |                      ^~~
In file included from ../sound/core/pcm_native.c:3620:
../sound/core/pcm_compat.c:227:21: warning: taking address of packed member 'audio_tstamp_data' of class or structure 'snd_pcm_status32' may result in an unaligned pointer value [-Waddress-of-packed-member]
  227 |                                 (u32 __user *)(&src->audio_tstamp_data)))
      |                                                 ^~~~~~~~~~~~~~~~~~~~~~
../arch/arm64/include/asm/uaccess.h:355:18: note: expanded from macro 'get_user'
  355 | #define get_user        __get_user
      |                         ^
../arch/arm64/include/asm/uaccess.h:349:25: note: expanded from macro '__get_user'
  349 |         __get_user_check((x), (ptr), __gu_err);                         \
      |                                ^~~
../arch/arm64/include/asm/uaccess.h:330:36: note: expanded from macro '__get_user_check'
  330 |         __typeof__(*(ptr)) __user *__p = (ptr);                         \
      |                                           ^~~
In file included from ../sound/core/pcm_native.c:3620:
../sound/core/pcm_compat.c:235:30: warning: taking address of packed member 'state' of class or structure 'snd_pcm_status32' may result in an unaligned pointer value [-Waddress-of-packed-member]
  235 |         if (put_user(status.state, &src->state) ||
      |                                     ^~~~~~~~~~
../arch/arm64/include/asm/uaccess.h:426:18: note: expanded from macro 'put_user'
  426 | #define put_user        __put_user
      |                         ^
../arch/arm64/include/asm/uaccess.h:420:25: note: expanded from macro '__put_user'
  420 |         __put_user_check((x), (ptr), __pu_err);                         \
      |                                ^~~
../arch/arm64/include/asm/uaccess.h:401:15: note: expanded from macro '__put_user_check'
  401 |         __typeof__(*(ptr)) __user *__p = (ptr);                         \
      |                      ^~~
In file included from ../sound/core/pcm_native.c:3620:
../sound/core/pcm_compat.c:235:30: warning: taking address of packed member 'state' of class or structure 'snd_pcm_status32' may result in an unaligned pointer value [-Waddress-of-packed-member]
  235 |         if (put_user(status.state, &src->state) ||
      |                                     ^~~~~~~~~~
../arch/arm64/include/asm/uaccess.h:426:18: note: expanded from macro 'put_user'
  426 | #define put_user        __put_user
      |                         ^
../arch/arm64/include/asm/uaccess.h:420:25: note: expanded from macro '__put_user'
  420 |         __put_user_check((x), (ptr), __pu_err);                         \
      |                                ^~~
../arch/arm64/include/asm/uaccess.h:401:36: note: expanded from macro '__put_user_check'
  401 |         __typeof__(*(ptr)) __user *__p = (ptr);                         \
      |                                           ^~~
In file included from ../sound/core/pcm_native.c:3620:
../sound/core/pcm_compat.c:236:51: warning: taking address of packed member 'trigger_tstamp' of class or structure 'snd_pcm_status32' may result in an unaligned pointer value [-Waddress-of-packed-member]
  236 |             compat_put_timespec(&status.trigger_tstamp, &src->trigger_tstamp) ||
      |                                                          ^~~~~~~~~~~~~~~~~~~
../sound/core/pcm_compat.c:237:43: warning: taking address of packed member 'tstamp' of class or structure 'snd_pcm_status32' may result in an unaligned pointer value [-Waddress-of-packed-member]
  237 |             compat_put_timespec(&status.tstamp, &src->tstamp) ||
      |                                                  ^~~~~~~~~~~
../sound/core/pcm_compat.c:238:33: warning: taking address of packed member 'appl_ptr' of class or structure 'snd_pcm_status32' may result in an unaligned pointer value [-Waddress-of-packed-member]
  238 |             put_user(status.appl_ptr, &src->appl_ptr) ||
      |                                        ^~~~~~~~~~~~~
../arch/arm64/include/asm/uaccess.h:426:18: note: expanded from macro 'put_user'
  426 | #define put_user        __put_user
      |                         ^
../arch/arm64/include/asm/uaccess.h:420:25: note: expanded from macro '__put_user'
  420 |         __put_user_check((x), (ptr), __pu_err);                         \
      |                                ^~~
../arch/arm64/include/asm/uaccess.h:401:15: note: expanded from macro '__put_user_check'
  401 |         __typeof__(*(ptr)) __user *__p = (ptr);                         \
      |                      ^~~
In file included from ../sound/core/pcm_native.c:3620:
../sound/core/pcm_compat.c:238:33: warning: taking address of packed member 'appl_ptr' of class or structure 'snd_pcm_status32' may result in an unaligned pointer value [-Waddress-of-packed-member]
  238 |             put_user(status.appl_ptr, &src->appl_ptr) ||
      |                                        ^~~~~~~~~~~~~
../arch/arm64/include/asm/uaccess.h:426:18: note: expanded from macro 'put_user'
  426 | #define put_user        __put_user
      |                         ^
../arch/arm64/include/asm/uaccess.h:420:25: note: expanded from macro '__put_user'
  420 |         __put_user_check((x), (ptr), __pu_err);                         \
      |                                ^~~
../arch/arm64/include/asm/uaccess.h:401:36: note: expanded from macro '__put_user_check'
  401 |         __typeof__(*(ptr)) __user *__p = (ptr);                         \
      |                                           ^~~
In file included from ../sound/core/pcm_native.c:3620:
../sound/core/pcm_compat.c:239:31: warning: taking address of packed member 'hw_ptr' of class or structure 'snd_pcm_status32' may result in an unaligned pointer value [-Waddress-of-packed-member]
  239 |             put_user(status.hw_ptr, &src->hw_ptr) ||
      |                                      ^~~~~~~~~~~
../arch/arm64/include/asm/uaccess.h:426:18: note: expanded from macro 'put_user'
  426 | #define put_user        __put_user
      |                         ^
../arch/arm64/include/asm/uaccess.h:420:25: note: expanded from macro '__put_user'
  420 |         __put_user_check((x), (ptr), __pu_err);                         \
      |                                ^~~
../arch/arm64/include/asm/uaccess.h:401:15: note: expanded from macro '__put_user_check'
  401 |         __typeof__(*(ptr)) __user *__p = (ptr);                         \
      |                      ^~~
In file included from ../sound/core/pcm_native.c:3620:
../sound/core/pcm_compat.c:239:31: warning: taking address of packed member 'hw_ptr' of class or structure 'snd_pcm_status32' may result in an unaligned pointer value [-Waddress-of-packed-member]
  239 |             put_user(status.hw_ptr, &src->hw_ptr) ||
      |                                      ^~~~~~~~~~~
../arch/arm64/include/asm/uaccess.h:426:18: note: expanded from macro 'put_user'
  426 | #define put_user        __put_user
      |                         ^
../arch/arm64/include/asm/uaccess.h:420:25: note: expanded from macro '__put_user'
  420 |         __put_user_check((x), (ptr), __pu_err);                         \
      |                                ^~~
../arch/arm64/include/asm/uaccess.h:401:36: note: expanded from macro '__put_user_check'
  401 |         __typeof__(*(ptr)) __user *__p = (ptr);                         \
      |                                           ^~~
  DTC     arch/arm64/boot/dts/qcom/sdm845-v2-rumi.dtb
  AS      arch/arm64/kernel/kuser32.o
In file included from ../sound/core/pcm_native.c:3620:
../sound/core/pcm_compat.c:240:30: warning: taking address of packed member 'delay' of class or structure 'snd_pcm_status32' may result in an unaligned pointer value [-Waddress-of-packed-member]
  240 |             put_user(status.delay, &src->delay) ||
      |                                     ^~~~~~~~~~
../arch/arm64/include/asm/uaccess.h:426:18: note: expanded from macro 'put_user'
  426 | #define put_user        __put_user
      |                         ^
../arch/arm64/include/asm/uaccess.h:420:25: note: expanded from macro '__put_user'
  420 |         __put_user_check((x), (ptr), __pu_err);                         \
      |                                ^~~
../arch/arm64/include/asm/uaccess.h:401:15: note: expanded from macro '__put_user_check'
  401 |         __typeof__(*(ptr)) __user *__p = (ptr);                         \
      |                      ^~~
In file included from ../sound/core/pcm_native.c:3620:
../sound/core/pcm_compat.c:240:30: warning: taking address of packed member 'delay' of class or structure 'snd_pcm_status32' may result in an unaligned pointer value [-Waddress-of-packed-member]
  240 |             put_user(status.delay, &src->delay) ||
      |                                     ^~~~~~~~~~
../arch/arm64/include/asm/uaccess.h:426:18: note: expanded from macro 'put_user'
  426 | #define put_user        __put_user
      |                         ^
../arch/arm64/include/asm/uaccess.h:420:25: note: expanded from macro '__put_user'
  420 |         __put_user_check((x), (ptr), __pu_err);                         \
      |                                ^~~
../arch/arm64/include/asm/uaccess.h:401:36: note: expanded from macro '__put_user_check'
  401 |         __typeof__(*(ptr)) __user *__p = (ptr);                         \
      |                                           ^~~
In file included from ../sound/core/pcm_native.c:3620:
../sound/core/pcm_compat.c:241:30: warning: taking address of packed member 'avail' of class or structure 'snd_pcm_status32' may result in an unaligned pointer value [-Waddress-of-packed-member]
  241 |             put_user(status.avail, &src->avail) ||
      |                                     ^~~~~~~~~~
../arch/arm64/include/asm/uaccess.h:426:18: note: expanded from macro 'put_user'
  426 | #define put_user        __put_user
      |                         ^
../arch/arm64/include/asm/uaccess.h:420:25: note: expanded from macro '__put_user'
  420 |         __put_user_check((x), (ptr), __pu_err);                         \
      |                                ^~~
../arch/arm64/include/asm/uaccess.h:401:15: note: expanded from macro '__put_user_check'
  401 |         __typeof__(*(ptr)) __user *__p = (ptr);                         \
      |                      ^~~
In file included from ../sound/core/pcm_native.c:3620:
../sound/core/pcm_compat.c:241:30: warning: taking address of packed member 'avail' of class or structure 'snd_pcm_status32' may result in an unaligned pointer value [-Waddress-of-packed-member]
  241 |             put_user(status.avail, &src->avail) ||
      |                                     ^~~~~~~~~~
../arch/arm64/include/asm/uaccess.h:426:18: note: expanded from macro 'put_user'
  426 | #define put_user        __put_user
      |                         ^
../arch/arm64/include/asm/uaccess.h:420:25: note: expanded from macro '__put_user'
  420 |         __put_user_check((x), (ptr), __pu_err);                         \
      |                                ^~~
../arch/arm64/include/asm/uaccess.h:401:36: note: expanded from macro '__put_user_check'
  401 |         __typeof__(*(ptr)) __user *__p = (ptr);                         \
      |                                           ^~~
  CC      kernel/range.o
In file included from ../sound/core/pcm_native.c:3620:
../sound/core/pcm_compat.c:242:34: warning: taking address of packed member 'avail_max' of class or structure 'snd_pcm_status32' may result in an unaligned pointer value [-Waddress-of-packed-member]
  242 |             put_user(status.avail_max, &src->avail_max) ||
      |                                         ^~~~~~~~~~~~~~
../arch/arm64/include/asm/uaccess.h:426:18: note: expanded from macro 'put_user'
  426 | #define put_user        __put_user
      |                         ^
../arch/arm64/include/asm/uaccess.h:420:25: note: expanded from macro '__put_user'
  420 |         __put_user_check((x), (ptr), __pu_err);                         \
      |                                ^~~
../arch/arm64/include/asm/uaccess.h:401:15: note: expanded from macro '__put_user_check'
  401 |         __typeof__(*(ptr)) __user *__p = (ptr);                         \
      |                      ^~~
In file included from ../sound/core/pcm_native.c:3620:
../sound/core/pcm_compat.c:242:34: warning: taking address of packed member 'avail_max' of class or structure 'snd_pcm_status32' may result in an unaligned pointer value [-Waddress-of-packed-member]
  242 |             put_user(status.avail_max, &src->avail_max) ||
      |                                         ^~~~~~~~~~~~~~
../arch/arm64/include/asm/uaccess.h:426:18: note: expanded from macro 'put_user'
  426 | #define put_user        __put_user
      |                         ^
../arch/arm64/include/asm/uaccess.h:420:25: note: expanded from macro '__put_user'
  420 |         __put_user_check((x), (ptr), __pu_err);                         \
      |                                ^~~
../arch/arm64/include/asm/uaccess.h:401:36: note: expanded from macro '__put_user_check'
  401 |         __typeof__(*(ptr)) __user *__p = (ptr);                         \
      |                                           ^~~
In file included from ../sound/core/pcm_native.c:3620:
../sound/core/pcm_compat.c:243:34: warning: taking address of packed member 'overrange' of class or structure 'snd_pcm_status32' may result in an unaligned pointer value [-Waddress-of-packed-member]
  243 |             put_user(status.overrange, &src->overrange) ||
      |                                         ^~~~~~~~~~~~~~
../arch/arm64/include/asm/uaccess.h:426:18: note: expanded from macro 'put_user'
  426 | #define put_user        __put_user
      |                         ^
../arch/arm64/include/asm/uaccess.h:420:25: note: expanded from macro '__put_user'
  420 |         __put_user_check((x), (ptr), __pu_err);                         \
      |                                ^~~
../arch/arm64/include/asm/uaccess.h:401:15: note: expanded from macro '__put_user_check'
  401 |         __typeof__(*(ptr)) __user *__p = (ptr);                         \
      |                      ^~~
In file included from ../sound/core/pcm_native.c:3620:
../sound/core/pcm_compat.c:243:34: warning: taking address of packed member 'overrange' of class or structure 'snd_pcm_status32' may result in an unaligned pointer value [-Waddress-of-packed-member]
  243 |             put_user(status.overrange, &src->overrange) ||
      |                                         ^~~~~~~~~~~~~~
../arch/arm64/include/asm/uaccess.h:426:18: note: expanded from macro 'put_user'
  426 | #define put_user        __put_user
      |                         ^
../arch/arm64/include/asm/uaccess.h:420:25: note: expanded from macro '__put_user'
  420 |         __put_user_check((x), (ptr), __pu_err);                         \
      |                                ^~~
../arch/arm64/include/asm/uaccess.h:401:36: note: expanded from macro '__put_user_check'
  401 |         __typeof__(*(ptr)) __user *__p = (ptr);                         \
      |                                           ^~~
In file included from ../sound/core/pcm_native.c:3620:
../sound/core/pcm_compat.c:244:40: warning: taking address of packed member 'suspended_state' of class or structure 'snd_pcm_status32' may result in an unaligned pointer value [-Waddress-of-packed-member]
  244 |             put_user(status.suspended_state, &src->suspended_state) ||
      |                                               ^~~~~~~~~~~~~~~~~~~~
../arch/arm64/include/asm/uaccess.h:426:18: note: expanded from macro 'put_user'
  426 | #define put_user        __put_user
      |                         ^
../arch/arm64/include/asm/uaccess.h:420:25: note: expanded from macro '__put_user'
  420 |         __put_user_check((x), (ptr), __pu_err);                         \
      |                                ^~~
../arch/arm64/include/asm/uaccess.h:401:15: note: expanded from macro '__put_user_check'
  401 |         __typeof__(*(ptr)) __user *__p = (ptr);                         \
      |                      ^~~
In file included from ../sound/core/pcm_native.c:3620:
../sound/core/pcm_compat.c:244:40: warning: taking address of packed member 'suspended_state' of class or structure 'snd_pcm_status32' may result in an unaligned pointer value [-Waddress-of-packed-member]
  244 |             put_user(status.suspended_state, &src->suspended_state) ||
      |                                               ^~~~~~~~~~~~~~~~~~~~
../arch/arm64/include/asm/uaccess.h:426:18: note: expanded from macro 'put_user'
  426 | #define put_user        __put_user
      |                         ^
../arch/arm64/include/asm/uaccess.h:420:25: note: expanded from macro '__put_user'
  420 |         __put_user_check((x), (ptr), __pu_err);                         \
      |                                ^~~
../arch/arm64/include/asm/uaccess.h:401:36: note: expanded from macro '__put_user_check'
  401 |         __typeof__(*(ptr)) __user *__p = (ptr);                         \
      |                                           ^~~
  CC      security/selinux/ss/mls.o
In file included from ../sound/core/pcm_native.c:3620:
../sound/core/pcm_compat.c:245:42: warning: taking address of packed member 'audio_tstamp_data' of class or structure 'snd_pcm_status32' may result in an unaligned pointer value [-Waddress-of-packed-member]
  245 |             put_user(status.audio_tstamp_data, &src->audio_tstamp_data) ||
      |                                                 ^~~~~~~~~~~~~~~~~~~~~~
../arch/arm64/include/asm/uaccess.h:426:18: note: expanded from macro 'put_user'
  426 | #define put_user        __put_user
      |                         ^
../arch/arm64/include/asm/uaccess.h:420:25: note: expanded from macro '__put_user'
  420 |         __put_user_check((x), (ptr), __pu_err);                         \
      |                                ^~~
../arch/arm64/include/asm/uaccess.h:401:15: note: expanded from macro '__put_user_check'
  401 |         __typeof__(*(ptr)) __user *__p = (ptr);                         \
      |                      ^~~
In file included from ../sound/core/pcm_native.c:3620:
../sound/core/pcm_compat.c:245:42: warning: taking address of packed member 'audio_tstamp_data' of class or structure 'snd_pcm_status32' may result in an unaligned pointer value [-Waddress-of-packed-member]
  245 |             put_user(status.audio_tstamp_data, &src->audio_tstamp_data) ||
      |                                                 ^~~~~~~~~~~~~~~~~~~~~~
../arch/arm64/include/asm/uaccess.h:426:18: note: expanded from macro 'put_user'
  426 | #define put_user        __put_user
      |                         ^
../arch/arm64/include/asm/uaccess.h:420:25: note: expanded from macro '__put_user'
  420 |         __put_user_check((x), (ptr), __pu_err);                         \
      |                                ^~~
../arch/arm64/include/asm/uaccess.h:401:36: note: expanded from macro '__put_user_check'
  401 |         __typeof__(*(ptr)) __user *__p = (ptr);                         \
      |                                           ^~~
In file included from ../sound/core/pcm_native.c:3620:
../sound/core/pcm_compat.c:246:49: warning: taking address of packed member 'audio_tstamp' of class or structure 'snd_pcm_status32' may result in an unaligned pointer value [-Waddress-of-packed-member]
  246 |             compat_put_timespec(&status.audio_tstamp, &src->audio_tstamp) ||
      |                                                        ^~~~~~~~~~~~~~~~~
../sound/core/pcm_compat.c:247:50: warning: taking address of packed member 'driver_tstamp' of class or structure 'snd_pcm_status32' may result in an unaligned pointer value [-Waddress-of-packed-member]
  247 |             compat_put_timespclang: warning: argument unused during compilation: '-fuse-ld=lld' [-Wunused-command-line-argument]
ec(&status.driver_tstamp, &src->driver_tstamp) ||
      |                                                         ^~~~~~~~~~~~~~~~~~
../sound/core/pcm_compat.c:248:46: warning: taking address of packed member 'audio_tstamp_accuracy' of class or structure 'snd_pcm_status32' may result in an unaligned pointer value [-Waddress-of-packed-member]
  248 |              CC      sound/core/pcm_lib.o
 put_user(status.audio_tstamp_accuracy, &src->audio_tstamp_accuracy))
      |                                                     ^~~~~~~~~~~~~~~~~~~~~~~~~~
../arch/arm64/include/asm/uaccess.h:426:18: note: expanded from macro 'put_user'
  426 | #define put_user        __put_user
      |                         ^
../arch/arm64/include/asm/uaccess.h:420:25: note: expanded from macro '__put_user'
  420 |         __put_user_check((x), (ptr), __pu_err);                         \
      |                                ^~~
../arch/arm64/include/asm/uaccess.h:401:15: note: expanded from macro '__put_user_check'
  401 |         __typeof__(*(ptr)) __user *__p = (ptr);                         \
      |                      ^~~
In file included from ../sound/core/pcm_native.c:3620:
../sound/core/pcm_compat.c:248:46: warning: taking address of packed member 'audio_tstamp_accuracy' of class or structure 'snd_pcm_status32' may result in an unaligned pointer value [-Waddress-of-packed-member]
  248 |             put_user(status.audio_tstamp_accuracy, &src->audio_tstamp_accuracy))
      |                                                     ^~~~~~~~~~~~~~~~~~~~~~~~~~
../arch/arm64/include/asm/uaccess.h:426:18: note: expanded from macro 'put_user'
  426 | #define put_user        __put_user
      |                         ^
../arch/arm64/include/asm/uaccess.h:420:25: note: expanded from macro '__put_user'
  420 |         __put_user_check((x), (ptr), __pu_err);                         \
      |                                ^~~
../arch/arm64/include/asm/uaccess.h:401:36: note: expanded from macro '__put_user_check'
  401 |         __typeof__(*(ptr)) __user *__p = (ptr);                         \
      |                                           ^~~
In file included from ../sound/core/pcm_native.c:3620:
../sound/core/pcm_compat.c:504:24: warning: taking address of packed member 'flags' of class or structure 'snd_pcm_sync_ptr32' may result in an unaligned pointer value [-Waddress-of-packed-member]
  504 |         if (get_user(sflags, &src->flags) ||
      |                               ^~~~~~~~~~
../arch/arm64/include/asm/uaccess.h:355:18: note: expanded from macro 'get_user'
  355 | #define get_user        __get_user
      |                         ^
../arch/arm64/include/asm/uaccess.h:349:25: note: expanded from macro '__get_user'
  349 |         __get_user_check((x), (ptr), __gu_err);                         \
      |                                ^~~
../arch/arm64/include/asm/uaccess.h:330:15: note: expanded from macro '__get_user_check'
  330 |         __typeof__(*(ptr)) __user *__p = (ptr);                         \
      |                      ^~~
In file included from ../sound/core/pcm_native.c:3620:
../sound/core/pcm_compat.c:504:24: warning: taking address of packed member 'flags' of class or structure 'snd_pcm_sync_ptr32' may result in an unaligned pointer value [-Waddress-of-packed-member]
  504 |         if (get_user(sflags, &src->flags) ||
      |                               ^~~~~~~~~~
../arch/arm64/include/asm/uaccess.h:355:18: note: expanded from macro 'get_user'
  355 | #define get_user        __get_user
      |                         ^
../arch/arm64/include/asm/uaccess.h:349:25: note: expanded from macro '__get_user'
  349 |         __get_user_check((x), (ptr), __gu_err);                         \
      |                                ^~~
../arch/arm64/include/asm/uaccess.h:330:36: note: expanded from macro '__get_user_check'
  330 |         __typeof__(*(ptr)) __user *__p = (ptr);                         \
      |                                           ^~~
In file included from ../sound/core/pcm_native.c:3620:
../sound/core/pcm_compat.c:505:35: warning: taking address of packed member 'c' of class or structure 'snd_pcm_sync_ptr32' may result in an unaligned pointer value [-Waddress-of-packed-member]
  505 |             get_user(scontrol.appl_ptr, &src->c.control.appl_ptr) ||
      |                                          ^~~~~~~~~~~~~~~~~~~~~~~
../arch/arm64/include/asm/uaccess.h:355:18: note: expanded from macro 'get_user'
  355 | #define get_user        __get_user
      |                         ^
../arch/arm64/include/asm/uaccess.h:349:25: note: expanded from macro '__get_user'
  349 |         __get_user_check((x), (ptr), __gu_err);                         \
      |                                ^~~
../arch/arm64/include/asm/uaccess.h:330:15: note: expanded from macro '__get_user_check'
  330 |         __typeof__(*(ptr)) __user *__p = (ptr);                         \
      |                      ^~~
In file included from ../sound/core/pcm_native.c:3620:
../sound/core/pcm_compat.c:505:35: warning: taking address of packed member 'c' of class or structure 'snd_pcm_sync_ptr32' may result in an unaligned pointer value [-Waddress-of-packed-member]
  505 |             get_user(scontrol.appl_ptr, &src->c.control.appl_ptr) ||
      |                                          ^~~~~~~~~~~~~~~~~~~~~~~
../arch/arm64/include/asm/uaccess.h:355:18: note: expanded from macro 'get_user'
  355 | #define get_user        __get_user
      |                         ^
../arch/arm64/include/asm/uaccess.h:349:25: note: expanded from macro '__get_user'
  349 |         __get_user_check((x), (ptr), __gu_err);                         \
      |                                ^~~
../arch/arm64/include/asm/uaccess.h:330:36: note: expanded from macro '__get_user_check'
  330 |         __typeof__(*(ptr)) __user *__p = (ptr);                         \
      |                                           ^~~
In file included from ../sound/core/pcm_native.c:3620:
../sound/core/pcm_compat.c:506:36: warning: taking address of packed member 'c' of class or structure 'snd_pcm_sync_ptr32' may result in an unaligned pointer value [-Waddress-of-packed-member]
  506 |             get_user(scontrol.avail_min, &src->c.control.avail_min))
      |                                           ^~~~~~~~~~~~~~~~~~~~~~~~
../arch/arm64/include/asm/uaccess.h:355:18: note: expanded from macro 'get_user'
  355 | #define get_user        __get_user
      |                         ^
../arch/arm64/include/asm/uaccess.h:349:25: note: expanded from macro '__get_user'
  349 |         __get_user_check((x), (ptr), __gu_err);                         \
      |                                ^~~
../arch/arm64/include/asm/uaccess.h:330:15: note: expanded from macro '__get_user_check'
  330 |         __typeof__(*(ptr)) __user *__p = (ptr);                         \
      |                      ^~~
In file included from ../sound/core/pcm_native.c:3620:
../sound/core/pcm_compat.c:506:36: warning: taking address of packed member 'c' of class or structure 'snd_pcm_sync_ptr32' may result in an unaligned pointer value [-Waddress-of-packed-member]
  506 |             get_user(scontrol.avail_min, &src->c.control.avail_min))
      |                                           ^~~~~~~~~~~~~~~~~~~~~~~~
../arch/arm64/include/asm/uaccess.h:355:18: note: expanded from macro 'get_user'
  355 | #define get_user        __get_user
      |                         ^
../arch/arm64/include/asm/uaccess.h:349:25: note: expanded from macro '__get_user'
  349 |         __get_user_check((x), (ptr), __gu_err);                         \
      |                                ^~~
../arch/arm64/include/asm/uaccess.h:330:36: note: expanded from macro '__get_user_check'
  330 |         __typeof__(*(ptr)) __user *__p = (ptr);                         \
      |                                           ^~~
In file included from ../sound/core/pcm_native.c:3620:
../sound/core/pcm_compat.c:534:31: warning: taking address of packed member 'state' of class or structure 'snd_pcm_mmap_status32' may result in an unaligned pointer value [-Waddress-of-packed-member]
  534 |         if (put_user(sstatus.state, &src->s.status.state) ||
      |                                      ^~~~~~~~~~~~~~~~~~~
../arch/arm64/include/asm/uaccess.h:426:18: note: expanded from macro 'put_user'
  426 | #define put_user        __put_user
      |                         ^
../arch/arm64/include/asm/uaccess.h:420:25: note: expanded from macro '__put_user'
  420 |         __put_user_check((x), (ptr), __pu_err);                         \
      |                                ^~~
../arch/arm64/include/asm/uaccess.h:401:15: note: expanded from macro '__put_user_check'
  401 |         __typeof__(*(ptr)) __user *__p = (ptr);                         \
      |                      ^~~
In file included from ../sound/core/pcm_native.c:3620:
../sound/core/pcm_compat.c:534:31: warning: taking address of packed member 'state' of class or structure 'snd_pcm_mmap_status32' may result in an unaligned pointer value [-Waddress-of-packed-member]
  534 |         if (put_user(sstatus.state, &src->s.status.state) ||
      |                                      ^~~~~~~~~~~~~~~~~~~
../arch/arm64/include/asm/uaccess.h:426:18: note: expanded from macro 'put_user'
  426 | #define put_user        __put_user
      |                         ^
../arch/arm64/include/asm/uaccess.h:420:25: note: expanded from macro '__put_user'
  420 |         __put_user_check((x), (ptr), __pu_err);                         \
      |                                ^~~
../arch/arm64/include/asm/uaccess.h:401:36: note: expanded from macro '__put_user_check'
  401 |         __typeof__(*(ptr)) __user *__p = (ptr);                         \
      |                                           ^~~
In file included from ../sound/core/pcm_native.c:3620:
../sound/core/pcm_compat.c:535:32: warning: taking address of packed member 'hw_ptr' of class or structure 'snd_pcm_mmap_status32' may result in an unaligned pointer value [-Waddress-of-packed-member]
  535 |             put_user(sstatus.hw_ptr, &src->s.status.hw_ptr) ||
      |                                       ^~~~~~~~~~~~~~~~~~~~
../arch/arm64/include/asm/uaccess.h:426:18: note: expanded from macro 'put_user'
  426 | #define put_user        __put_user
      |                         ^
../arch/arm64/include/asm/uaccess.h:420:25: note: expanded from macro '__put_user'
  420 |         __put_user_check((x), (ptr), __pu_err);                         \
      |                                ^~~
../arch/arm64/include/asm/uaccess.h:401:15: note: expanded from macro '__put_user_check'
  401 |         __typeof__(*(ptr)) __user *__p = (ptr);                         \
      |                      ^~~
In file included from ../sound/core/pcm_native.c:3620:
../sound/core/pcm_compat.c:535:32: warning: taking address of packed member 'hw_ptr' of class or structure 'snd_pcm_mmap_status32' may result in an unaligned pointer value [-Waddress-of-packed-member]
  535 |             put_user(sstatus.hw_ptr, &src->s.status.hw_ptr) ||
      |                                       ^~~~~~~~~~~~~~~~~~~~
../arch/arm64/include/asm/uaccess.h:426:18: note: expanded from macro 'put_user'
  426 | #define put_user        __put_user
      |                         ^
../arch/arm64/include/asm/uaccess.h:420:25: note: expanded from macro '__put_user'
  420 |         __put_user_check((x), (ptr), __pu_err);                         \
      |                                ^~~
../arch/arm64/include/asm/uaccess.h:401:36: note: expanded from macro '__put_user_check'
  401 |         __typeof__(*(ptr)) __user *__p = (ptr);                         \
      |                                           ^~~
In file included from ../sound/core/pcm_native.c:3620:
../sound/core/pcm_compat.c:536:44: warning: taking address of packed member 'tstamp' of class or structure 'snd_pcm_mmap_status32' may result in an unaligned pointer value [-Waddress-of-packed-member]
  536 |             compat_put_timespec(&sstatus.tstamp, &src->s.status.tstamp) ||
      |                                                   ^~~~~~~~~~~~~~~~~~~~
../sound/core/pcm_compat.c:537:41: warning: taking address of packed member 'suspended_state' of class or structure 'snd_pcm_mmap_status32' may result in an unaligned pointer value [-Waddress-of-packed-member]
  537 |             put_user(sstatus.suspended_state, &src->s.status.suspended_state) ||
      |                                                ^~~~~~~~~~~~~~~~~~~~~~~~~~~~~
../arch/arm64/include/asm/uaccess.h:426:18: note: expanded from macro 'put_user'
  426 | #define put_user        __put_user
      |                         ^
../arch/arm64/include/asm/uaccess.h:420:25: note: expanded from macro '__put_user'
  420 |         __put_user_check((x), (ptr), __pu_err);                         \
      |                                ^~~
../arch/arm64/include/asm/uaccess.h:401:15: note: expanded from macro '__put_user_check'
  401 |         __typeof__(*(ptr)) __user *__p = (ptr);                         \
      |                      ^~~
In file included from ../sound/core/pcm_native.c:3620:
../sound/core/pcm_compat.c:537:41: warning: taking address of packed member 'suspended_state' of class or structure 'snd_pcm_mmap_status32' may result in an unaligned pointer value [-Waddress-of-packed-member]
  537 |             put_user(sstatus.suspended_state, &src->s.status.suspended_state) ||
      |                                                ^~~~~~~~~~~~~~~~~~~~~~~~~~~~~
../arch/arm64/include/asm/uaccess.h:426:18: note: expanded from macro 'put_user'
  426 | #define put_user        __put_user
      |                         ^
../arch/arm64/include/asm/uaccess.h:420:25: note: expanded from macro '__put_user'
  420 |         __put_user_check((x), (ptr), __pu_err);                         \
      |                                ^~~
../arch/arm64/include/asm/uaccess.h:401:36: note: expanded from macro '__put_user_check'
  401 |         __typeof__(*(ptr)) __user *__p = (ptr);                         \
      |                                           ^~~
In file included from ../sound/core/pcm_native.c:3620:
../sound/core/pcm_compat.c:539:8: warning: taking address of packed member 'audio_tstamp' of class or structure 'snd_pcm_mmap_status32' may result in an unaligned pointer value [-Waddress-of-packed-member]
  539 |                     &src->s.status.audio_tstamp) ||
      |                      ^~~~~~~~~~~~~~~~~~~~~~~~~~
../sound/core/pcm_compat.c:540:35: warning: taking address of packed member 'c' of class or structure 'snd_pcm_sync_ptr32' may result in an unaligned pointer value [-Waddress-of-packed-member]
  540 |             put_user(scontrol.appl_ptr, &src->c.control.appl_ptr) ||
      |                                          ^~~~~~~~~~~~~~~~~~~~~~~
../arch/arm64/include/asm/uaccess.h:426:18: note: expanded from macro 'put_user'
  426 | #define put_user        __put_user
      |                         ^
../arch/arm64/include/asm/uaccess.h:420:25: note: expanded from macro '__put_user'
  420 |         __put_user_check((x), (ptr), __pu_err);                         \
      |                                ^~~
../arch/arm64/include/asm/uaccess.h:401:15: note: expanded from macro '__put_user_check'
  401 |         __typeof__(*(ptr)) __user *__p = (ptr);                         \
      |                      ^~~
In file included from ../sound/core/pcm_native.c:3620:
../sound/core/pcm_compat.c:540:35: warning: taking address of packed member 'c' of class or structure 'snd_pcm_sync_ptr32' may result in an unaligned pointer value [-Waddress-of-packed-member]
  540 |             put_user(scontrol.appl_ptr, &src->c.control.appl_ptr) ||
      |                                          ^~~~~~~~~~~~~~~~~~~~~~~
../arch/arm64/include/asm/uaccess.h:426:18: note: expanded from macro 'put_user'
  426 | #define put_user        __put_user
      |                         ^
../arch/arm64/include/asm/uaccess.h:420:25: note: expanded from macro '__put_user'
  420 |         __put_user_check((x), (ptr), __pu_err);                         \
      |                                ^~~
../arch/arm64/include/asm/uaccess.h:401:36: note: expanded from macro '__put_user_check'
  401 |         __typeof__(*(ptr)) __user *__p = (ptr);                         \
      |                                           ^~~
In file included from ../sound/core/pcm_native.c:3620:
../sound/core/pcm_compat.c:541:36: warning: taking address of packed member 'c' of class or structure 'snd_pcm_sync_ptr32' may result in an unaligned pointer value [-Waddress-of-packed-member]
  541 |             put_user(scontrol.avail_min, &src->c.control.avail_min))
      |                                           ^~~~~~~~~~~~~~~~~~~~~~~~
../arch/arm64/include/asm/uaccess.h:426:18: note: expanded from macro 'put_user'
  426 | #define put_user        __put_user
      |                         ^
../arch/arm64/include/asm/uaccess.h:420:25: note: expanded from macro '__put_user'
  420 |         __put_user_check((x), (ptr), __pu_err);                         \
      |                                ^~~
../arch/arm64/include/asm/uaccess.h:401:15: note: expanded from macro '__put_user_check'
  401 |         __typeof__(*(ptr)) __user *__p = (ptr);                         \
      |                      ^~~
In file included from ../sound/core/pcm_native.c:3620:
../sound/core/pcm_compat.c:541:36: warning: taking address of packed member 'c' of class or structure 'snd_pcm_sync_ptr32' may result in an unaligned pointer value [-Waddress-of-packed-member]
  541 |             put_user(scontrol.avail_min, &src->c.control.avail_min))
      |                                           ^~~~~~~~~~~~~~~~~~~~~~~~
../arch/arm64/include/asm/uaccess.h:426:18: note: expanded from macro 'put_user'
  426 | #define put_user        __put_user
      |                         ^
../arch/arm64/include/asm/uaccess.h:420:25: note: expanded from macro '__put_user'
  420 |         __put_user_check((x), (ptr), __pu_err);                         \
      |                                ^~~
../arch/arm64/include/asm/uaccess.h:401:36: note: expanded from macro '__put_user_check'
  401 |         __typeof__(*(ptr)) __user *__p = (ptr);                         \
      |                                           ^~~
  CC      drivers/base/power/generic_ops.o
  CC      arch/arm64/kernel/arm64ksyms.o
  CC      drivers/clk/clk-mux.o
  CC      lib/bitmap.o
  CC      kernel/smpboot.o
  CC      techpack/audio/asoc/msm-pcm-host-voice-v2.o
  CC      fs/fs-writeback.o
  CC      crypto/crypto_null.o
  CC      kernel/ucount.o
  CC      mm/compaction.o
  LD      drivers/char/hw_random/rng-core.o
  CC      block/blk-mq-tag.o
  LD      drivers/char/hw_random/built-in.o
  CC      drivers/base/power/common.o
  CC      drivers/char/diag/diagfwd_glink.o
  CC      drivers/cpuidle/driver.o
  CC      drivers/cpufreq/cpufreq_stats.o
  CC      drivers/clk/clk-composite.o
  CC      drivers/char/adsprpc.o
  LD      sound/sh/built-in.o
  DTC     arch/arm64/boot/dts/qcom/sdm845-v2-mtp.dtb
clang: warning: argument unused during compilation: '-fuse-ld=lld' [-Wunused-command-line-argument]
  CC      techpack/audio/dsp/q6core.o
  CC      kernel/groups.o
  CC      drivers/char/diag/diagfwd_peripheral.o
  CC      crypto/md4.o
  CC      fs/pnode.o
  CC      security/selinux/ss/status.o
  CC      techpack/audio/asoc/msm-audio-effects-q6-v2.o
  CC      drivers/base/power/qos.o
  CC      arch/arm64/kernel/module.o
  CC      block/blk-mq-sysfs.o
  CC      lib/scatterlist.o
  CC      security/selinux/netlabel.o
  CC      drivers/cpuidle/governor.o
  CC      drivers/clk/clk-fractional-divider.o
  CC      drivers/cpufreq/cpufreq_times.o
  CC      net/bluetooth/hci_conn.o
  CC      drivers/cpuidle/sysfs.o
  CC      techpack/audio/asoc/msm-pcm-loopback-v2.o
  CC      arch/arm64/kernel/module-plts.o
  CC      drivers/cpufreq/cpufreq_performance.o
  CC      drivers/clk/clk-gpio.o
  CC      crypto/md5.o
44 warnings generated.
  DTC     arch/arm64/boot/dts/qcom/sdm845-v2-cdp.dtb
  CC      kernel/events/core.o
  CC      drivers/cpuidle/governors/menu.o
clang: warning: argument unused during compilation: '-fuse-ld=lld' [-Wunused-command-line-argument]
  CC      arch/arm64/kernel/perf_regs.o
  CC      drivers/cpufreq/cpufreq_powersave.o
  DTC     arch/arm64/boot/dts/qcom/sdm845-qrd.dtb
clang: warning: argument unused during compilation: '-fuse-ld=lld' [-Wunused-command-line-argument]
  CC      kernel/bpf/core.o
  DTC     arch/arm64/boot/dts/qcom/sdm845-v2-qrd.dtb
  CC      drivers/char/adsprpc_compat.o
clang: warning: argument unused during compilation: '-fuse-ld=lld' [-Wunused-command-line-argument]
  CC      sound/core/pcm_misc.o
  CC      drivers/cpufreq/cpufreq_userspace.o
  CC      lib/gcd.o
  CC      drivers/char/diag/diagfwd_socket.o
  CC      block/blk-mq-cpumap.o
4 warnings generated.
  CC      drivers/base/power/runtime.o
  CC      lib/lcm.o
  CC      mm/vmacache.o
  CC      kernel/bpf/syscall.o
  LD      security/selinux/selinux.o
  CC      drivers/clk/clk-conf.o
  CC      lib/list_sort.o
  CC      techpack/audio/asoc/msm-dai-slim.o
  LD      drivers/cpuidle/governors/built-in.o
  LD      security/selinux/built-in.o
  CC      drivers/cpuidle/lpm-levels.o
  CC      arch/arm64/kernel/perf_callchain.o
  CC      drivers/cpufreq/cpufreq_ondemand.o
  LD      security/built-in.o
  CC      techpack/audio/dsp/rtac.o
  CC      fs/splice.o
  CC      lib/uuid.o
  CC      drivers/base/regmap/regmap.o
  CC      crypto/sha1_generic.o
  CC      mm/interval_tree.o
  CC      lib/flex_array.o
  CC      kernel/bpf/verifier.o
  DTC     arch/arm64/boot/dts/qcom/sdm845-4k-panel-mtp.dtb
  CC      sound/core/pcm_memory.o
clang: warning: argument unused during compilation: '-fuse-ld=lld' [-Wunused-command-line-argument]
  DTC     arch/arm64/boot/dts/qcom/sdm845-4k-panel-cdp.dtb
  CC      block/ioctl.o
  DTC     arch/arm64/boot/dts/qcom/sdm845-4k-panel-qrd.dtb
clang: warning: argument unused during compilation: '-fuse-ld=lld' [-Wunused-command-line-argument]
clang: warning: argument unused during compilation: '-fuse-ld=lld' [-Wunused-command-line-argument]
  CC      arch/arm64/kernel/perf_event.o
  CC      techpack/audio/asoc/msm-transcode-loopback-q6-v2.o
  DTC     arch/arm64/boot/dts/qcom/polaris-p0.dtb
  CC      drivers/base/power/wakeirq.o
clang: warning: argument unused during compilation: '-fuse-ld=lld' [-Wunused-command-line-argument]
  CC      drivers/clk/clk-xgene.o
  CC      drivers/char/diag/diag_mux.o
  CC      drivers/cpufreq/cpufreq_conservative.o
  CC      mm/list_lru.o
  CC      lib/iov_iter.o
  CC      net/bluetooth/hci_event.o
  CC      net/bridge/br.o
  CC      crypto/sha256_generic.o
  CC      techpack/audio/dsp/q6lsm.o
  CC      sound/core/memalloc.o
  CC      drivers/base/power/main.o
  CC      drivers/cpufreq/cpufreq_governor.o
  LD      drivers/clk/bcm/built-in.o
  CC      drivers/char/diag/diag_memorydevice.o
  CC      kernel/bpf/inode.o
  LD      drivers/clk/msm/mdss/built-in.o
  CC      drivers/base/regmap/regcache.o
  LD      drivers/clk/msm/built-in.o
  LD      drivers/clk/mvebu/built-in.o
  CC      arch/arm64/kernel/perf_trace_counters.o
  CC      block/genhd.o
  CC      sound/soc/soc-core.o
  CC      drivers/clk/qcom/common.o
  CC      techpack/audio/asoc/msm-pcm-q6-noirq.o
  CC      fs/sync.o
  CC      net/core/sock.o
../techpack/audio/dsp/q6lsm.c:496:25: warning: taking address of packed member 'hdr' of class or structure 'lsm_custom_topologies' may result in an unaligned pointer value [-Waddress-of-packed-member]
  496 |         q6lsm_add_hdr(client, &cstm_top.hdr,
      |                                ^~~~~~~~~~~~
../techpack/audio/dsp/q6lsm.c:583:25: warning: taking address of packed member 'hdr' of class or structure 'lsm_stream_cmd_open_tx_v2' may result in an unaligned pointer value [-Waddress-of-packed-member]
  583 |         q6lsm_add_hdr(client, &open_v2.hdr,
      |                                ^~~~~~~~~~~
../techpack/audio/dsp/q6lsm.c:639:25: warning: taking address of packed member 'hdr' of class or structure 'lsm_stream_cmd_open_tx' may result in an unaligned pointer value [-Waddress-of-packed-member]
  639 |         q6lsm_add_hdr(client, &open.hdr, sizeof(open), true);
      |                                ^~~~~~~~
../techpack/audio/dsp/q6lsm.c:690:13: warning: taking address of packed member 'msg_hdr' of class or structure 'lsm_cmd_set_params_conf' may result in an unaligned pointer value [-Waddress-of-packed-member]
  690 |         msg_hdr = &conf_params->msg_hdr;
      |                    ^~~~~~~~~~~~~~~~~~~~
../techpack/audio/dsp/q6lsm.c:737:13: warning: taking address of packed member 'msg_hdr' of class or structure 'lsm_cmd_set_params_opmode' may result in an unaligned pointer value [-Waddress-of-packed-member]
  737 |         msg_hdr = &opmode_params.msg_hdr;
      |                    ^~~~~~~~~~~~~~~~~~~~~
../techpack/audio/dsp/q6lsm.c:799:13: warning: taking address of packed member 'msg_hdr' of class or structure 'lsm_cmd_set_connectport' may result in an unaligned pointer value [-Waddress-of-packed-member]
  799 |         msg_hdr = &connectport.msg_hdr;
      |                    ^~~~~~~~~~~~~~~~~~~
../techpack/audio/dsp/q6lsm.c:839:13: warning: taking address of packed member 'msg_hdr' of class or structure 'lsm_cmd_poll_enable' may result in an unaligned pointer value [-Waddress-of-packed-member]
  839 |         msg_hdr = &cmd.msg_hdr;
      |                    ^~~~~~~~~~~
../techpack/audio/dsp/q6lsm.c:887:13: warning: taking address of packed member 'msg_hdr' of class or structure 'lsm_cmd_set_fwk_mode_cfg' may result in an unaligned pointer value [-Waddress-of-packed-member]
  887 |         msg_hdr = &cmd.msg_hdr;
      |                    ^~~~~~~~~~~
../techpack/audio/dsp/q6lsm.c:969:13: warning: taking address of packed member 'msg_hdr' of class or structure 'lsm_cmd_set_media_fmt' may result in an unaligned pointer value [-Waddress-of-packed-member]
  969 |         msg_hdr = &cmd.msg_hdr;
      |                    ^~~~~~~~~~~
../techpack/audio/dsp/q6lsm.c:1086:25: warning: taking address of packed member 'hdr' of class or structure 'lsm_cmd_reg_snd_model' may result in an unaligned pointer value [-Waddress-of-packed-member]
 1086 |         q6lsm_add_hdr(client, &cmd.hdr, sizeof(cmd), true);
      |                                ^~~~~~~
../techpack/audio/dsp/q6lsm.c:1128:25: warning: taking address of packed member 'hdr' of class or structure 'lsm_cmd_reg_snd_model' may result in an unaligned pointer value [-Waddress-of-packed-member]
 1128 |         q6lsm_add_hdr(client, &cmd.hdr, sizeof(cmd.hdr), false);
      |                                ^~~~~~~
../techpack/audio/dsp/q6lsm.c:1184:29: warning: taking address of packed member 'hdr' of class or structure 'avs_cmd_shared_mem_map_regions' may result in an unaligned pointer value [-Waddress-of-packed-member]
 1184 |         q6lsm_add_mmaphdr(client, &mmap_regions->hdr, cmd_size, true,
      |                                    ^~~~~~~~~~~~~~~~~
../techpack/audio/dsp/q6lsm.c:1222:29: warning: taking address of packed member 'hdr' of class or structure 'avs_cmd_shared_mem_unmap_regions' may result in an unaligned pointer value [-Waddress-of-packed-member]
 1222 |         q6lsm_add_mmaphdr(client, &unmap.hdr, cmd_size,
      |                                    ^~~~~~~~~
../techpack/audio/dsp/q6lsm.c:1243:29: warning: taking address of packed member 'msg_hdr' of class or structure 'lsm_cmd_set_params' may result in an unaligned pointer value [-Waddress-of-packed-member]
 1243 |         struct apr_hdr *msg_hdr = &params.msg_hdr;
      |                                    ^~~~~~~~~~~~~~
../techpack/audio/dsp/q6lsm.c:1568:29: warning: taking address of packed member 'msg_hdr' of class or structure 'lsm_cmd_set_epd_threshold' may result in an unaligned pointer value [-Waddress-of-packed-member]
 1568 |         struct apr_hdr *msg_hdr = &epd_cmd.msg_hdr;
      |                                    ^~~~~~~~~~~~~~~
../techpack/audio/dsp/q6lsm.c:1601:29: warning: taking address of packed member 'msg_hdr' of class or structure 'lsm_cmd_set_gain' may result in an unaligned pointer value [-Waddress-of-packed-member]
 1601 |         struct apr_hdr *msg_hdr = &lsm_cmd_gain.msg_hdr;
      |                                    ^~~~~~~~~~~~~~~~~~~~
../techpack/audio/dsp/q6lsm.c:1710:26: warning: taking address of packed member 'msg_hdr' of class or structure 'lsm_cmd_set_params' may result in an unaligned pointer value [-Waddress-of-packed-member]
 1710 |                 q6lsm_add_hdr(client, &model_param.msg_hdr,
      |                                        ^~~~~~~~~~~~~~~~~~~
../techpack/audio/dsp/q6lsm.c:1752:26: warning: taking address of packed member 'msg_hdr' of class or structure 'lsm_cmd_set_params' may result in an unaligned pointer value [-Waddress-of-packed-member]
 1752 |                 q6lsm_add_hdr(client, &param->msg_hdr, pkt_sz, true);
      |                                        ^~~~~~~~~~~~~~
../techpack/audio/dsp/q6lsm.c:1840:25: warning: taking address of packed member 'msg_hdr' of class or structure 'lsm_params_lab_enable' may result in an unaligned pointer value [-Waddress-of-packed-member]
 1840 |         q6lsm_add_hdr(client, &lab_enable.msg_hdr, sizeof(lab_enable), true);
      |                                ^~~~~~~~~~~~~~~~~~
../techpack/audio/dsp/q6lsm.c:1861:25: warning: taking address of packed member 'msg_hdr' of class or structure 'lsm_params_lab_config' may result in an unaligned pointer value [-Waddress-of-packed-member]
 1861 |         q6lsm_add_hdr(client, &lab_config.msg_hdr, sizeof(lab_config), true);
      |                                ^~~~~~~~~~~~~~~~~~
../techpack/audio/dsp/q6lsm.c:1915:25: warning: taking address of packed member 'hdr' of class or structure 'lsm_cmd_read' may result in an unaligned pointer value [-Waddress-of-packed-member]
 1915 |         q6lsm_add_hdr(client, &read->hdr, sizeof(struct lsm_cmd_read), true);
      |                                ^~~~~~~~~
  DTC     arch/arm64/boot/dts/qcom/polaris-p0-v2.dtb
clang: warning: argument unused during compilation: '-fuse-ld=lld' [-Wunused-command-line-argument]
  CC      drivers/char/diag/diag_usb.o
  CC      drivers/cpufreq/cpufreq_governor_attr_set.o
  CC      sound/core/pcm_timer.o
  CC      net/bridge/br_device.o
  CC      mm/workingset.o
  CC      drivers/cpuidle/lpm-levels-of.o
21 warnings generated.
  CC      techpack/audio/dsp/audio_slimslave.o
  CC      drivers/clk/qcom/clk-regmap.o
  CC      net/bridge/br_fdb.o
  CC      techpack/audio/asoc/apr_elliptic.o
  CC      drivers/base/regmap/regcache-rbtree.o
  CC      crypto/sha512_generic.o
  CC      arch/arm64/kernel/perf_trace_user.o
  CC      drivers/cpufreq/cpu-boost.o
  CC      sound/core/pcm_drm_eld.o
  CC      fs/utimes.o
  CC      drivers/char/diag/diagmem.o
  CC      techpack/audio/dsp/adsp_err.o
  CC      block/scsi_ioctl.o
  CC      lib/clz_ctz.o
  CC      kernel/bpf/helpers.o
../drivers/base/regmap/regcache-rbtree.c:130:16: warning: taking address of packed member 'node' of class or structure 'regcache_rbtree_node' may result in an unaligned pointer value [-Waddress-of-packed-member]
  130 |         rb_link_node(&rbnode->node, parent, new);
      |                       ^~~~~~~~~~~~
../drivers/base/regmap/regcache-rbtree.c:131:19: warning: taking address of packed member 'node' of class or structure 'regcache_rbtree_node' may result in an unaligned pointer value [-Waddress-of-packed-member]
  131 |         rb_insert_color(&rbnode->node, root);
      |                          ^~~~~~~~~~~~
../drivers/base/regmap/regcache-rbtree.c:243:19: warning: taking address of packed member 'node' of class or structure 'regcache_rbtree_node' may result in an unaligned pointer value [-Waddress-of-packed-member]
  243 |                 next = rb_next(&rbtree_node->node);
      |                                 ^~~~~~~~~~~~~~~~~
../drivers/base/regmap/regcache-rbtree.c:244:13: warning: taking address of packed member 'node' of class or structure 'regcache_rbtree_node' may result in an unaligned pointer value [-Waddress-of-packed-member]
  244 |                 rb_erase(&rbtree_node->node, &rbtree_ctx->root);
      |                           ^~~~~~~~~~~~~~~~~
  DTC     arch/arm64/boot/dts/qcom/polaris-p1.dtb
  CC      mm/debug.o
clang: warning: argument unused during compilation: '-fuse-ld=lld' [-Wunused-command-line-argument]
  LD      drivers/cpuidle/built-in.o
  CC      lib/bsearch.o
  CC      mm/gup.o
  CC      kernel/bpf/hashtab.o
  CC      drivers/clk/qcom/clk-alpha-pll.o
  CC      drivers/base/power/wakeup.o
4 warnings generated.
  CC      drivers/base/regmap/regcache-lzo.o
  CC      techpack/audio/dsp/msm_audio_ion.o
../drivers/char/diag/diagmem.c:185:22: warning: taking address of packed member 'lock' of class or structure 'diag_mempool_t' may result in an unaligned pointer value [-Waddress-of-packed-member]
  185 |                 spin_lock_irqsave(&mempool->lock, flags);
      |                                    ^~~~~~~~~~~~~
../include/linux/spinlock.h:337:39: note: expanded from macro 'spin_lock_irqsave'
  337 |         raw_spin_lock_irqsave(spinlock_check(lock), flags);     \
      |                                              ^~~~
../include/linux/spinlock.h:208:34: note: expanded from macro 'raw_spin_lock_irqsave'
  208 |                 flags = _raw_spin_lock_irqsave(lock);   \
      |                                                ^~~~
../drivers/char/diag/diagmem.c:187:31: warning: taking address of packed member 'count' of class or structure 'diag_mempool_t' may result in an unaligned pointer value [-Waddress-of-packed-member]
  187 |                         atomic_add(1, (atomic_t *)&mempool->count);
      |                                                    ^~~~~~~~~~~~~~
../drivers/char/diag/diagmem.c:191:27: warning: taking address of packed member 'lock' of class or structure 'diag_mempool_t' may result in an unaligned pointer value [-Waddress-of-packed-member]
  191 |                 spin_unlock_irqrestore(&mempool->lock, flags);
      |                                         ^~~~~~~~~~~~~
  LD      drivers/cpufreq/built-in.o
../drivers/char/diag/diagmem.c:223:22: warning: taking address of packed member 'lock' of class or structure 'diag_mempool_t' may result in an unaligned pointer value [-Waddress-of-packed-member]
  223 |                 spin_lock_irqsave(&mempool->lock, flags);
      |                                    ^~~~~~~~~~~~~
../include/linux/spinlock.h:337:39: note: expanded from macro 'spin_lock_irqsave'
  337 |         raw_spin_lock_irqsave(spinlock_check(lock), flags);     \
      |                                              ^~~~
../include/linux/spinlock.h:208:34: note: expanded from macro 'raw_spin_lock_irqsave'
  208 |                 flags = _raw_spin_lock_irqsave(lock);   \
      |                                                ^~~~
../drivers/char/diag/diagmem.c:226:32: warning: taking address of packed member 'count' of class or structure 'diag_mempool_t' may result in an unaligned pointer value [-Waddress-of-packed-member]
  226 |                         atomic_add(-1, (atomic_t *)&mempool->count);
      |                                                     ^~~~~~~~~~~~~~
../drivers/char/diag/diagmem.c:231:27: warning: taking address of packed member 'lock' of class or structure 'diag_mempool_t' may result in an unaligned pointer value [-Waddress-of-packed-member]
  231 |                 spin_unlock_irqrestore(&mempool->lock, flags);
      |                                         ^~~~~~~~~~~~~
../drivers/char/diag/diagmem.c:268:18: warning: taking address of packed member 'lock' of class or structure 'diag_mempool_t' may result in an unaligned pointer value [-Waddress-of-packed-member]
  268 |         spin_lock_init(&mempool->lock);
      |                         ^~~~~~~~~~~~~
../include/linux/spinlock.h:296:17: note: expanded from macro 'spin_lock_init'
  296 |         spinlock_check(_lock);                          \
      |                        ^~~~~
../drivers/char/diag/diagmem.c:268:18: warning: taking address of packed member 'lock' of class or structure 'diag_mempool_t' may result in an unaligned pointer value [-Waddress-of-packed-member]
  268 |         spin_lock_init(&mempool->lock);
      |                         ^~~~~~~~~~~~~
../include/linux/spinlock.h:297:23: note: expanded from macro 'spin_lock_init'
  297 |         raw_spin_lock_init(&(_lock)->rlock);            \
      |                              ^~~~~
../include/linux/spinlock.h:104:9: note: expanded from macro 'raw_spin_lock_init'
  104 |         do { *(lock) = __RAW_SPIN_LOCK_UNLOCKED(lock); } while (0)
      |                ^~~~
../drivers/char/diag/diagmem.c:285:21: warning: taking address of packed member 'lock' of class or structure 'diag_mempool_t' may result in an unaligned pointer value [-Waddress-of-packed-member]
  285 |         spin_lock_irqsave(&mempool->lock, flags);
      |                            ^~~~~~~~~~~~~
../include/linux/spinlock.h:337:39: note: expanded from macro 'spin_lock_irqsave'
  337 |         raw_spin_lock_irqsave(spinlock_check(lock), flags);     \
      |                                              ^~~~
../include/linux/spinlock.h:208:34: note: expanded from macro 'raw_spin_lock_irqsave'
  208 |                 flags = _raw_spin_lock_irqsave(lock);   \
      |                                                ^~~~
../drivers/char/diag/diagmem.c:293:26: warning: taking address of packed member 'lock' of class or structure 'diag_mempool_t' may result in an unaligned pointer value [-Waddress-of-packed-member]
  293 |         spin_unlock_irqrestore(&mempool->lock, flags);
      |                                 ^~~~~~~~~~~~~
  CC      kernel/events/ring_buffer.o
10 warnings generated.
  CC      techpack/audio/asoc/sdm845.o
  CC      drivers/char/diag/diagfwd_cntl.o
  CC      arch/arm64/kernel/hw_breakpoint.o
  CC      fs/stack.o
  CC      sound/core/pcm_iec958.o
  CC      net/bluetooth/mgmt.o
  CC      crypto/gf128mul.o
  CC      drivers/base/regmap/regcache-flat.o
  CC      lib/find_bit.o
  CC      lib/llist.o
  LD      sound/sparc/built-in.o
../drivers/char/diag/diagfwd_cntl.c:873:18: warning: taking address of packed member 'link' of class or structure 'diag_id_tbl_t' may result in an unaligned pointer value [-Waddress-of-packed-member]
  873 |         INIT_LIST_HEAD(&new_item->link);
      |                         ^~~~~~~~~~~~~~
../drivers/char/diag/diagfwd_cntl.c:875:17: warning: taking address of packed member 'link' of class or structure 'diag_id_tbl_t' may result in an unaligned pointer value [-Waddress-of-packed-member]
  875 |         list_add_tail(&new_item-  LD      drivers/clk/ti/built-in.o
>link, &driver->diag_id_list);
      |                        ^~~~~~~~~~~~~~
  CC      lib/memweight.o
  CC      lib/kfifo.o
  CC      block/partition-generic.o
  CC      fs/fs_struct.o
  CC      crypto/ecb.o
  CC      drivers/base/regmap/regmap-debugfs.o
  CC      drivers/clk/qcom/clk-pll.o
  CC      net/bridge/br_forward.o
  CC      drivers/base/power/opp/core.o
  AS      arch/arm64/kernel/sleep.o
  CC      net/bridge/br_if.o
  CC      mm/highmem.o
  CC      techpack/audio/dsp/adsp-loader.o
  CC      kernel/events/callchain.o
  DTC     arch/arm64/boot/dts/qcom/polaris-p1-v2.dtb
  CC      sound/core/rawmidi.o
clang: warning: argument unused during compilation: '-fuse-ld=lld' [-Wunused-command-line-argument]
../arch/arm64/kernel/sleep.S:98:2: warning: DWARF2 only supports one section per compilation unit
 .pushsection ".idmap.text", "awx"
 ^
  CC      arch/arm64/kernel/suspend.o
  CC      sound/soc/soc-dapm.o
2 warnings generated.
  CC      net/core/request_sock.o
  DTC     arch/arm64/boot/dts/qcom/polaris-p1-v2.1.dtb
  CC      drivers/char/diag/diag_dci.o
clang: warning: argument unused during compilation: '-fuse-ld=lld' [-Wunused-command-line-argument]
  DTC     arch/arm64/boot/dts/qcom/polaris-p2.dtb
  CC      kernel/bpf/arraymap.o
clang: warning: argument unused during compilation: '-fuse-ld=lld' [-Wunused-command-line-argument]
  DTC     arch/arm64/boot/dts/qcom/polaris-p2-v2.dtb
clang: warning: argument unused during compilation: '-fuse-ld=lld' [-Wunused-command-line-argument]
  CC      drivers/base/regmap/regmap-i2c.o
  CC      fs/statfs.o
  CC      techpack/audio/dsp/audio_ssr.o
In file included from ../sound/core/rawmidi.c:1444:
../sound/core/rawmidi_compat.c:39:31: warning: taking address of packed member 'stream' of class or structure 'snd_rawmidi_params32' may result in an unaligned pointer value [-Waddress-of-packed-member]
   39 |         if (get_user(params.stream, &src->stream) ||
      |                                      ^~~~~~~~~~~
../arch/arm64/include/asm/uaccess.h:355:18: note: expanded from macro 'get_user'
  355 | #define get_user        __get_user
      |                         ^
../arch/arm64/include/asm/uaccess.h:349:25: note: expanded from macro '__get_user'
  349 |         __get_user_check((x), (ptr), __gu_err);                         \
      |                                ^~~
../arch/arm64/include/asm/uaccess.h:330:15: note: expanded from macro '__get_user_check'
  330 |         __typeof__(*(ptr)) __user *__p = (ptr);                         \
      |                      ^~~
In file included from ../sound/core/rawmidi.c:1444:
../sound/core/rawmidi_compat.c:39:31: warning: taking address of packed member 'stream' of class or structure 'snd_rawmidi_params32' may result in an unaligned pointer value [-Waddress-of-packed-member]
   39 |         if (get_user(params.stream, &src->stream) ||
      |                                      ^~~~~~~~~~~
../arch/arm64/include/asm/uaccess.h:355:18: note: expanded from macro 'get_user'
  355 | #define get_user        __get_user
      |                         ^
../arch/arm64/include/asm/uaccess.h:349:25: note: expanded from macro '__get_user'
  349 |         __get_user_check((x), (ptr), __gu_err);                         \
      |                                ^~~
../arch/arm64/include/asm/uaccess.h:330:36: note: expanded from macro '__get_user_check'
  330 |         __typeof__(*(ptr)) __user *__p = (ptr);                         \
      |                                           ^~~
In file included from ../sound/core/rawmidi.c:1444:
../sound/core/rawmidi_compat.c:40:36: warning: taking address of packed member 'buffer_size' of class or structure 'snd_rawmidi_params32' may result in an unaligned pointer value [-Waddress-of-packed-member]
   40 |             get_user(params.buffer_size, &src->buffer_size) ||
      |                                           ^~~~~~~~~~~~~~~~
../arch/arm64/include/asm/uaccess.h:355:18: note: expanded from macro 'get_user'
  355 | #define get_user        __get_user
      |                         ^
../arch/arm64/include/asm/uaccess.h:349:25: note: expanded from macro '__get_user'
  349 |         __get_user_check((x), (ptr), __gu_err);                         \
      |                                ^~~
../arch/arm64/include/asm/uaccess.h:330:15: note: expanded from macro '__get_user_check'
  330 |         __typeof__(*(ptr)) __user *__p = (ptr);                         \
      |                      ^~~
In file included from ../sound/core/rawmidi.c:1444:
../sound/core/rawmidi_compat.c:40:36: warning: taking address of packed member 'buffer_size' of class or structure 'snd_rawmidi_params32' may result in an unaligned pointer value [-Waddress-of-packed-member]
   40 |             get_user(params.buffer_size, &src->buffer_size) ||
      |                                           ^~~~~~~~~~~~~~~~
../arch/arm64/include/asm/uaccess.h:355:18: note: expanded from macro 'get_user'
  355 | #define get_user        __get_user
      |                         ^
../arch/arm64/include/asm/uaccess.h:349:25: note: expanded from macro '__get_user'
  349 |         __get_user_check((x), (ptr), __gu_err);                         \
      |                                ^~~
../arch/arm64/include/asm/uaccess.h:330:36: note: expanded from macro '__get_user_check'
  330 |         __typeof__(*(ptr)) __user *__p = (ptr);                         \
      |                                           ^~~
In file included from ../sound/core/rawmidi.c:1444:
../sound/core/rawmidi_compat.c:41:34: warning: taking address of packed member 'avail_min' of class or structure 'snd_rawmidi_params32' may result in an unaligned pointer value [-Waddress-of-packed-member]
   41 |             get_user(params.avail_min, &src->avail_min) ||
      |                                         ^~~~~~~~~~~~~~
../arch/arm64/include/asm/uaccess.h:355:18: note: expanded from macro 'get_user'
  355 | #define get_user        __get_user
      |                         ^
../arch/arm64/include/asm/uaccess.h:349:25: note: expanded from macro '__get_user'
  349 |         __get_user_check((x), (ptr), __gu_err);                         \
      |                                ^~~
../arch/arm64/include/asm/uaccess.h:330:15: note: expanded from macro '__get_user_check'
  330 |         __typeof__(*(ptr)) __user *__p = (ptr);                         \
      |                      ^~~
In file included from ../sound/core/rawmidi.c:1444:
../sound/core/rawmidi_compat.c:41:34: warning: taking address of packed member 'avail_min' of class or structure 'snd_rawmidi_params32' may result in an unaligned pointer value [-Waddress-of-packed-member]
   41 |             get_user(params.avail_min, &src->avail_min) ||
      |                                         ^~~~~~~~~~~~~~
../arch/arm64/include/asm/uaccess.h:355:18: note: expanded from macro 'get_user'
  355 | #define get_user        __get_user
      |                         ^
../arch/arm64/include/asm/uaccess.h:349:25: note: expanded from macro '__get_user'
  349 |         __get_user_check((x), (ptr), __gu_err);                         \
      |                                ^~~
../arch/arm64/include/asm/uaccess.h:330:36: note: expanded from macro '__get_user_check'
  330 |         __typeof__(*(ptr)) __user *__p = (ptr);                         \
      |                                           ^~~
In file included from ../sound/core/rawmidi.c:1444:
../sound/core/rawmidi_compat.c:42:21: warning: taking address of packed member 'no_active_sensing' of class or structure 'snd_rawmidi_params32' may result in an unaligned pointer value [-Waddress-of-packed-member]
   42 |             get_user(val, &src->no_active_sensing))
      |                            ^~~~~~~~~~~~~~~~~~~~~~
../arch/arm64/include/asm/uaccess.h:355:18: note: expanded from macro 'get_user'
  355 | #define get_user        __get_user
      |                         ^
../arch/arm64/include/asm/uaccess.h:349:25: note: expanded from macro '__get_user'
  349 |         __get_user_check((x), (ptr), __gu_err);                         \
      |                                ^~~
../arch/arm64/include/asm/uaccess.h:330:15: note: expanded from macro '__get_user_check'
  330 |         __typeof__(*(ptr)) __user *__p = (ptr);                         \
      |                      ^~~
In file included from ../sound/core/rawmidi.c:1444:
../sound/core/rawmidi_compat.c:42:21: warning: taking address of packed member 'no_active_sensing' of class or structure 'snd_rawmidi_params32' may result in an unaligned pointer value [-Waddress-of-packed-member]
   42 |             get_user(val, &src->no_active_sensing))
      |                            ^~~~~~~~~~~~~~~~~~~~~~
../arch/arm64/include/asm/uaccess.h:355:18: note: expanded from macro 'get_user'
  355 | #define get_user        __get_user
      |                         ^
../arch/arm64/include/asm/uaccess.h:349:25: note: expanded from macro '__get_user'
  349 |         __get_user_check((x), (ptr), __gu_err);                         \
      |                                ^~~
../arch/arm64/include/asm/uaccess.h:330:36: note: expanded from macro '__get_user_check'
  330 |         __typeof__(*(ptr)) __user *__p = (ptr);                         \
      |                                           ^~~
In file included from ../sound/core/rawmidi.c:1444:
../sound/core/rawmidi_compat.c:72:31: warning: taking address of packed member 'stream' of class or structure 'snd_rawmidi_status32' may result in an unaligned pointer value [-Waddress-of-packed-member]
   72 |         if (get_user(status.stream, &src->stream))
      |                                      ^~~~~~~~~~~
../arch/arm64/include/asm/uaccess.h:355:18: note: expanded from macro 'get_user'
  355 | #define get_user        __get_user
      |                         ^
../arch/arm64/include/asm/uaccess.h:349:25: note: expanded from macro '__get_user'
  349 |         __get_user_check((x), (ptr), __gu_err);                         \
      |                                ^~~
../arch/arm64/include/asm/uaccess.h:330:15: note: expanded from macro '__get_user_check'
  330 |         __typeof__(*(ptr)) __user *__p = (ptr);                         \
      |                      ^~~
In file included from ../sound/core/rawmidi.c:1444:
../sound/core/rawmidi_compat.c:72:31: warning: taking address of packed member 'stream' of class or structure 'snd_rawmidi_status32' may result in an unaligned pointer value [-Waddress-of-packed-member]
   72 |         if (get_user(status.stream, &src->stream))
      |                                      ^~~~~~~~~~~
../arch/arm64/include/asm/uaccess.h:355:18: note: expanded from macro 'get_user'
  355 | #define get_user        __get_user
      |                         ^
../arch/arm64/include/asm/uaccess.h:349:25: note: expanded from macro '__get_user'
  349 |         __get_user_check((x), (ptr), __gu_err);                         \
      |                                ^~~
../arch/arm64/include/asm/uaccess.h:330:36: note: expanded from macro '__get_user_check'
  330 |         __typeof__(*(ptr)) __user *__p = (ptr);                         \
      |                                           ^~~
In file included from ../sound/core/rawmidi.c:1444:
../sound/core/rawmidi_compat.c:92:43: warning: taking address of packed member 'tstamp' of class or structure 'snd_rawmidi_status32' may result in an unaligned pointer value [-Waddress-of-packed-member]
   92 |         if (compat_put_timespec(&status.tstamp, &src->tstamp) ||
      |                                                  ^~~~~~~~~~~
  CC      mm/memory.o
../sound/core/rawmidi_compat.c:93:30: warning: taking address of packed member 'avail' of class or structure 'snd_rawmidi_status32' may result in an unaligned pointer value [-Waddress-of-packed-member]
   93 |             put_user(status.avail, &src->avail) ||
      |                                     ^~~~~~~~~~
../arch/arm64/include/asm/uaccess.h:426:18: note: expanded from macro 'put_user'
  426 | #define put_user        __put_user
      |                         ^
../arch/arm64/include/asm/uaccess.h:420:25: note: expanded from macro '__put_user'
  420 |         __put_user_check((x), (ptr), __pu_err);                         \
      |                                ^~~
../arch/arm64/include/asm/uaccess.h:401:15: note: expanded from macro '__put_user_check'
  401 |         __typeof__(*(ptr)) __user *__p = (ptr);                         \
      |                      ^~~
In file included from ../sound/core/rawmidi.c:1444:
../sound/core/rawmidi_compat.c:93:30: warning: taking address of packed member 'avail' of class or structure 'snd_rawmidi_status32' may result in an unaligned pointer value [-Waddress-of-packed-member]
   93 |             put_user(status.avail, &src->avail) ||
      |                                     ^~~~~~~~~~
../arch/arm64/include/asm/uaccess.h:426:18: note: expanded from macro 'put_user'
  426 | #define put_user        __put_user
      |                         ^
../arch/arm64/include/asm/uaccess.h:420:25: note: expanded from macro '__put_user'
  420 |         __put_user_check((x), (ptr), __pu_err);                         \
      |                                ^~~
../arch/arm64/include/asm/uaccess.h:401:36: note: expanded from macro '__put_user_check'
  401 |         __typeof__(*(ptr)) __user *__p = (ptr);                         \
      |                                           ^~~
In file included from ../sound/core/rawmidi.c:1444:
../sound/core/rawmidi_compat.c:94:30: warning: taking address of packed member 'xruns' of class or structure 'snd_rawmidi_status32' may result in an unaligned pointer value [-Waddress-of-packed-member]
   94 |             put_user(status.xruns, &src->xruns))
      |                                     ^~~~~~~~~~
../arch/arm64/include/asm/uaccess.h:426:18: note: expanded from macro 'put_user'
  426 | #define put_user        __put_user
      |                         ^
../arch/arm64/include/asm/uaccess.h:420:25: note: expanded from macro '__put_user'
  420 |         __put_user_check((x), (ptr), __pu_err);                         \
      |                                ^~~
../arch/arm64/include/asm/uaccess.h:401:15: note: expanded from macro '__put_user_check'
  401 |         __typeof__(*(ptr)) __user *__p = (ptr);                         \
      |                      ^~~
In file included from ../sound/core/rawmidi.c:1444:
../sound/core/rawmidi_compat.c:94:30: warning: taking address of packed member 'xruns' of class or structure 'snd_rawmidi_status32' may result in an unaligned pointer value [-Waddress-of-packed-member]
   94 |             put_user(status.xruns, &src->xruns))
      |                                     ^~~~~~~~~~
../arch/arm64/include/asm/uaccess.h:426:18: note: expanded from macro 'put_user'
  426 | #define put_user        __put_user
      |                         ^
../arch/arm64/include/asm/uaccess.h:420:25: note: expanded from macro '__put_user'
  420 |         __put_user_check((x), (ptr), __pu_err);                         \
      |                                ^~~
../arch/arm64/include/asm/uaccess.h:401:36: note: expanded from macro '__put_user_check'
  401 |         __typeof__(*(ptr)) __user *__p = (ptr);                         \
      |                                           ^~~
  CC      crypto/cbc.o
  CC      kernel/events/hw_breakpoint.o
  CC      arch/arm64/kernel/cpuidle.o
../drivers/char/diag/diag_dci.c:788:17: warning: taking address of packed member 'track' of class or structure 'dci_pkt_req_entry_t' may result in an unaligned pointer value [-Waddress-of-packed-member]
  788 |         list_add_tail(&entry->track, &driver->dci_req_list);
      |                        ^~~~~~~~~~~~
../drivers/char/diag/diag_dci.c:819:13: warning: taking address of packed member 'track' of class or structure 'dci_pkt_req_entry_t' may result in an unaligned pointer value [-Waddress-of-packed-member]
  819 |                 list_del(&entry->track);
      |                           ^~~~~~~~~~~~
../drivers/char/diag/diag_dci.c:837:13: warning: taking address of packed member 'track' of class or structure 'dci_pkt_req_entry_t' may result in an unaligned pointer value [-Waddress-of-packed-member]
  837 |                 list_del(&entry->track);
      |                           ^~~~~~~~~~~~
../drivers/char/diag/diag_dci.c:851:13: warning: taking address of packed member 'track' of class or structure 'dci_pkt_req_entry_t' may result in an unaligned pointer value [-Waddress-of-packed-member]
  851 |                 list_del(&entry->track);
      |                           ^~~~~~~~~~~~
../drivers/char/diag/diag_dci.c:3232:21: warning: taking address of packed member 'track' of class or structure 'dci_pkt_req_entry_t' may result in an unaligned pointer value [-Waddress-of-packed-member]
 3232 |                         if (!list_empty(&req_entry->track))
      |                                          ^~~~~~~~~~~~~~~~
../drivers/char/diag/diag_dci.c:3233:15: warning: taking address of packed member 'track' of class or structure 'dci_pkt_req_entry_t' may result in an unaligned pointer value [-Waddress-of-packed-member]
 3233 |                                 list_del(&req_entry->track);
      |                                           ^~~~~~~~~~~~~~~~
../drivers/char/diag/diag_dci.c:3363:11: warning: taking address of packed member 'health' of class or structure 'diag_dci_health_stats_proc' may result in an unaligned pointer value [-Waddress-of-packed-member]
 3363 |         stats = &stats_proc->health;
      |                  ^~~~~~~~~~~~~~~~~~
  CC      techpack/audio/asoc/msm-pcm-dtmf-v2.o
  CC      lib/percpu-refcount.o
  CC      drivers/clk/qcom/clk-rcg.o
  CC      techpack/audio/dsp/audio_pdr.o
  CC      block/ioprio.o
  CC      drivers/base/power/opp/cpu.o
  CC      arch/arm64/kernel/bootinfo.o
  CC      drivers/base/regmap/regmap-spi.o
15 warnings generated.
  CC      sound/core/compress_offload.o
  CC      crypto/cts.o
  CC      lib/percpu_ida.o
  CC      crypto/xts.o
  CC      kernel/bpf/percpu_freelist.o
  CC      fs/fs_pin.o
7 warnings generated.
  CC      kernel/bpf/stackmap.o
  CC      net/bridge/br_input.o
  CC      block/badblocks.o
  CC      drivers/char/diag/diag_masks.o
  CC      sound/soc/soc-jack.o
  DTC     arch/arm64/boot/dts/qcom/polaris-p2-v2.1.dtb
clang: warning: argument unused during compilation: '-fuse-ld=lld' [-Wunused-command-line-argument]
  CC      techpack/audio/asoc/msm-dai-stub-v2.o
  CC      techpack/audio/dsp/audio_notifier.o
  LD      kernel/events/built-in.o
  LD      sound/spi/built-in.o
  CC      drivers/clk/qcom/clk-rcg2.o
  CC      net/core/skbuff.o
  CC      arch/arm64/kernel/pci.o
  CC      drivers/crypto/msm/qce50.o
  CC      net/bluetooth/hci_sock.o
  CC      drivers/base/power/opp/of.o
  CC      fs/nsfs.o
  CC      lib/rhashtable.o
  CC      drivers/char/diag/diag_debugfs.o
  CC      techpack/audio/asoc/msm-pcm-routing-devdep.o
  CC      drivers/base/regmap/regmap-spmi.o
  CC      techpack/audio/asoc/msm-ds2-dap-config.o
  CC      arch/arm64/kernel/armv8_deprecated.o
  CC      techpack/audio/dsp/usf.o
  CC      fs/susfs.o
  CC      kernel/bpf/cgroup.o
  CC      block/partitions/check.o
  LD      sound/core/snd.o
  CC      crypto/ctr.o
  LD      sound/core/snd-hwdep.o
  LD      sound/core/snd-timer.o
  CC      techpack/audio/asoc/msm-dts-srs-tm-config.o
  CC      drivers/base/power/opp/debugfs.o
  LD      sound/core/snd-pcm.o
  DTC     arch/arm64/boot/dts/qcom/polaris-p3.dtb
clang: warning: argument unused during compilation: '-fuse-ld=lld' [-Wunused-command-line-argument]
  LD      sound/core/snd-rawmidi.o
  LD      sound/core/snd-compress.o
  LD      sound/core/built-in.o
  CC      crypto/gcm.o
  CC      arch/arm64/kernel/kaslr.o
  CC      sound/soc/soc-cache.o
  CC      crypto/cryptd.o
  CC      lib/reciprocal_div.o
  CC      drivers/clk/qcom/clk-branch.o
  CC      crypto/des_generic.o
  CC      drivers/char/diag/diag_pcie.o
  CC      drivers/base/regmap/regmap-mmio.o
  LD      drivers/base/power/opp/built-in.o
  CC      drivers/base/power/domain.o
  CC      mm/mincore.o
  CC      block/partitions/msdos.o
  CC      drivers/devfreq/devfreq.o
  CC      arch/arm64/kernel/ssbd.o
  CC      drivers/dma/dmaengine.o
  CC      net/bridge/br_ioctl.o
  CC      lib/once.o
  CC      techpack/audio/dsp/usfcdev.o
  CC      drivers/devfreq/governor_simpleondemand.o
  CC      techpack/audio/asoc/msm-qti-pp-config.o
  CC      sound/soc/soc-utils.o
  LD      arch/arm64/kernel/probes/built-in.o
  CC      drivers/clk/qcom/clk-regmap-divider.o
  CC      techpack/audio/dsp/q6usm.o
  DTC     arch/arm64/boot/dts/qcom/polaris-p3-v2.dtb
clang: warning: argument unused during compilation: '-fuse-ld=lld' [-Wunused-command-line-argument]
  CC      lib/string_helpers.o
  CC      net/bluetooth/hci_sysfs.o
  LD      drivers/base/regmap/built-in.o
  LD      kernel/bpf/built-in.o
  CC      techpack/audio/dsp/avtimer.o
  CC      kernel/irq/irqdesc.o
  CC      block/partitions/efi.o
  CC      net/core/datagram.o
  CC      drivers/dma-buf/dma-buf.o
  OBJCOPY arch/arm64/kernel/vdso/vdso.so
  CC      mm/mlock.o
  AS      arch/arm64/kernel/vdso/vdso.o
  LD      drivers/char/diag/diagchar.o
  CC      crypto/twofish_generic.o
  LD      sound/synth/built-in.o
  LD      drivers/char/diag/built-in.o
  LD      kernel/livepatch/built-in.o
  LD      drivers/char/built-in.o
  LD      arch/arm64/kernel/vdso/built-in.o
  CC      drivers/clk/qcom/clk-regmap-mux.o
  CC      drivers/base/power/domain_governor.o
../techpack/audio/dsp/q6usm.c:80:21: warning: taking address of packed member 'hdr' of class or structure 'usm_cmd_memory_map_region' may result in an unaligned pointer value [-Waddress-of-packed-member]
   80 |         q6usm_add_mmaphdr(&mem_region_map.hdr,
      |                            ^~~~~~~~~~~~~~~~~~
../techpack/audio/dsp/q6usm.c:128:21: warning: taking address of packed member 'hdr' of class or structure 'usm_cmd_memory_unmap_region' may result in an unaligned pointer value [-Waddress-of-packed-member]
  128 |         q6usm_add_mmaphdr(&mem_unmap.hdr,
      |                            ^~~~~~~~~~~~~
  CC      drivers/devfreq/governor_performance.o
../techpack/audio/dsp/q6usm.c:824:22: warning: taking address of packed member 'hdr' of class or structure 'usm_stream_cmd_open_read' may result in an unaligned pointer value [-Waddress-of-packed-member]
  824 |         q6usm_add_hdr(usc, &open.hdr, sizeof(open), true);
      |                             ^~~~~~~~
../techpack/audio/dsp/q6usm.c:899:22: warning: taking address of packed member 'hdr' of class or structure 'usm_stream_cmd_encdec_cfg_blk' may result in an unaligned pointer value [-Waddress-of-packed-member]
  899 |         q6usm_add_hdr(usc, &enc_cfg->hdr, total_cfg_size, true);
      |                             ^~~~~~~~~~~~
../techpack/audio/dsp/q6usm.c:1013:22: warning: taking address of packed member 'hdr' of class or structure 'usm_stream_media_format_update' may result in an unaligned pointer value [-Waddress-of-packed-member]
 1013 |         q6usm_add_hdr(usc, &dec_cfg->hdr, total_cfg_size, true);
      |                             ^~~~~~~~~~~~
../techpack/audio/dsp/q6usm.c:1071:22: warning: taking address of packed member 'hdr' of class or structure 'usm_stream_cmd_open_write' may result in an unaligned pointer value [-Waddress-of-packed-member]
 1071 |         q6usm_add_hdr(usc, &open.hdr, sizeof(open), true);
      |                             ^~~~~~~~
../techpack/audio/dsp/q6usm.c:1113:22: warning: taking address of packed member 'hdr' of class or structure 'usm_stream_cmd_run' may result in an unaligned pointer value [-Waddress-of-packed-member]
 1113 |         q6usm_add_hdr(usc, &run.hdr, sizeof(run), true);
      |                             ^~~~~~~
../techpack/audio/dsp/q6usm.c:1173:22: warning: taking address of packed member 'hdr' of class or structure 'usm_stream_cmd_read' may result in an unaligned pointer value [-Waddress-of-packed-member]
 1173 |         q6usm_add_hdr(usc, &read.hdr, sizeof(read), false);
      |                             ^~~~~~~~
../techpack/audio/dsp/q6usm.c:1250:22: warning: taking address of packed member 'hdr' of class or structure 'usm_stream_cmd_write' may result in an unaligned pointer value [-Waddress-of-packed-member]
 1250 |         q6usm_add_hdr(usc, &cmd_write.hdr, sizeof(cmd_write), false);
      |                             ^~~~~~~~~~~~~
../techpack/audio/dsp/q6usm.c:1368:22: warning: taking address of packed member 'hdr' of class or structure 'usm_session_cmd_detect_info' may result in an unaligned pointer value [-Waddress-of-packed-member]
 1368 |         q6usm_add_hdr(usc, &detect_info->hdr, detect_info_size, true);
      |                             ^~~~~~~~~~~~~~~~
../techpack/audio/dsp/q6usm.c:1403:22: warning: taking address of packed member 'hdr' of class or structure 'usm_stream_cmd_set_param' may result in an unaligned pointer value [-Waddress-of-packed-member]
 1403 |         q6usm_add_hdr(usc, &cmd_set_param.hdr, sizeof(cmd_set_param), true);
      |                             ^~~~~~~~~~~~~~~~~
../techpack/audio/dsp/q6usm.c:1449:22: warning: taking address of packed member 'hdr' of class or structure 'usm_stream_cmd_get_param' may result in an unaligned pointer value [-Waddress-of-packed-member]
 1449 |         q6usm_add_hdr(usc, &cmd_get_param.hdr, sizeof(cmd_get_param), true);
      |                             ^~~~~~~~~~~~~~~~~
  DTC     arch/arm64/boot/dts/qcom/polaris-p3-v2.1.dtb
clang: warning: argument unused during compilation: '-fuse-ld=lld' [-Wunused-command-line-argument]
  CC      drivers/extcon/extcon.o
  CC      sound/soc/soc-pcm.o
  CC      crypto/twofish_common.o
  CC      techpack/audio/asoc/codecs/tas2557/tas2557-core.o
  CC      drivers/dma/virt-dma.o
  CC      net/bridge/br_stp.o
12 warnings generated.
  CC      drivers/base/power/clock_ops.o
  CC      techpack/audio/asoc/codecs/tas2557/tas2557-misc.o
  CC      drivers/devfreq/governor_powersave.o
  LD      block/partitions/built-in.o
  CC      lib/hexdump.o
  CC      fs/buffer.o
  CC      block/bounce.o
  CC      techpack/audio/dsp/codecs/aac_in.o
  CC      net/bluetooth/l2cap_core.o
  CC      kernel/irq/handle.o
  OBJCOPY arch/arm64/kernel/vdso32/vdso.so
  AS      arch/arm64/kernel/vdso32/vdso.o
  CC      drivers/clk/qcom/clk-regmap-mux-div.o
  LD      arch/arm64/kernel/vdso32/built-in.o
  AS      arch/arm64/kernel/head.o
  CC      lib/kstrtox.o
  CC      lib/pci_iomap.o
../arch/arm64/kernel/head.S:70:2: warning: DWARF2 only supports one section per compilation unit
 .section ".head.text","ax"
 ^
../arch/arm64/kernel/head.S:209:2: warning: DWARF2 only supports one section per compilation unit
 .section ".init.text","ax"
 ^
../arch/arm64/kernel/head.S:477:2: warning: DWARF2 only supports one section per compilation unit
 .section ".idmap.text","awx"
 ^
  LDS     arch/arm64/kernel/vmlinux.lds
  CC      drivers/devfreq/governor_userspace.o
  LD      arch/arm64/kernel/built-in.o
  CC      drivers/crypto/msm/qcedev_smmu.o
  CC      drivers/dma-buf/fence.o
  CC      mm/mmap.o
  CC      drivers/clk/qcom/reset.o
  CC      crypto/aes_generic.o
  CC      drivers/clk/qcom/clk-voter.o
  LD      drivers/base/power/built-in.o
  CC      techpack/audio/dsp/codecs/qcelp_in.o
  CC      drivers/base/dma-mapping.o
  CC      techpack/audio/dsp/codecs/evrc_in.o
  CC      net/bluetooth/l2cap_sock.o
  CC      drivers/extcon/devres.o
  CC      drivers/devfreq/governor_cpufreq.o
  CC      drivers/dma/of-dma.o
  CC      kernel/irq/manage.o
  CC      net/core/stream.o
  DTC     arch/arm64/boot/dts/qcom/polaris-mp.dtb
  CC      net/bridge/br_stp_bpdu.o
clang: warning: argument unused during compilation: '-fuse-ld=lld' [-Wunused-command-line-argument]
  CC      techpack/audio/asoc/codecs/tas2557/tas2557-codec.o
  CC      techpack/audio/asoc/elliptic/elliptic.o
  CC      mm/mprotect.o
  CC      lib/iomap_copy.o
  CC      drivers/clk/qcom/clk-dummy.o
  CC      block/bsg.o
  CC      drivers/crypto/msm/qcedev.o
  DTC     arch/arm64/boot/dts/qcom/polaris-mp-v2.dtb
clang: warning: argument unused during compilation: '-fuse-ld=lld' [-Wunused-command-line-argument]
  CC      techpack/audio/dsp/codecs/amrnb_in.o
  CC      lib/devres.o
  CC      drivers/devfreq/governor_msm_adreno_tz.o
  CC      crypto/arc4.o
  CC      drivers/extcon/extcon-gpio.o
  CC      sound/soc/soc-io.o
  CC      techpack/audio/asoc/codecs/tas2557/tas2557-regmap.o
  CC      drivers/clk/qcom/clk-debug.o
  CC      drivers/base/dma-coherent.o
  CC      drivers/dma/qcom/gpi.o
  CC      drivers/dma-buf/reservation.o
  CC      techpack/audio/dsp/codecs/g711mlaw_in.o
  CC      lib/hweight.o
  CC      net/ethernet/eth.o
  CC      techpack/audio/asoc/elliptic/elliptic_mixer_controls.o
  CC      drivers/devfreq/governor_bw_vbif.o
  CC      net/bridge/br_stp_if.o
  CC      net/ipc_router/ipc_router_core.o
  CC      net/core/scm.o
  CC      kernel/irq/spurious.o
  DTC     arch/arm64/boot/dts/qcom/polaris-mp-v2.1.dtb
  CC      drivers/extcon/extcon-usb-gpio.o
  CC      block/noop-iosched.o
clang: warning: argument unused during compilation: '-fuse-ld=lld' [-Wunused-command-line-argument]
  CC      mm/mremap.o
  CC      lib/assoc_array.o
  CC      crypto/deflate.o
  CC      drivers/devfreq/governor_gpubw_mon.o
  CC      drivers/dma-buf/seqno-fence.o
  CC      techpack/audio/asoc/codecs/tas2557/tiload.o
  CC      techpack/audio/dsp/codecs/g711alaw_in.o
  CC      net/ipv4/route.o
  CC      fs/block_dev.o
  CC      sound/soc/soc-devres.o
  CC      drivers/clk/qcom/gdsc.o
  CC      drivers/base/dma-removed.o
  CC      techpack/audio/asoc/elliptic/io_modules/msm/elliptic_data_msm_io.o
  CC      kernel/irq/resend.o
  CC      block/deadline-iosched.o
  CC      drivers/devfreq/bimc-bwmon.o
  LD      drivers/extcon/extcon-core.o
  LD      techpack/audio/asoc/codecs/tas2557/snd-soc-tas2557.o
  CC      net/bridge/br_stp_timer.o
  CC      techpack/audio/dsp/codecs/audio_utils.o
  CC      crypto/crc32c_generic.o
  LD      drivers/extcon/built-in.o
  LD      techpack/audio/asoc/codecs/tas2557/built-in.o
  CC      drivers/clk/qcom/gdsc-regulator.o
  CC      techpack/audio/asoc/codecs/tas2559/tas2559-core.o
  CC      kernel/irq/chip.o
  CC      kernel/locking/mutex.o
  CC      drivers/dma-buf/fence-array.o
  LD      drivers/dma/qcom/built-in.o
  CC      techpack/audio/asoc/elliptic/io_modules/userspace/elliptic_data_userspace_io.o
  CC      mm/msync.o
  LD      drivers/dma/xilinx/built-in.o
  LD      drivers/dma/built-in.o
  CC      techpack/audio/asoc/codecs/tas2559/tas2559-regmap.o
  CC      lib/bitrev.o
  LD      net/ethernet/built-in.o
  CC      lib/rational.o
  CC      mm/rmap.o
  CC      net/bluetooth/smp.o
  CC      sound/soc/soc-ops.o
  CC      lib/crc-ccitt.o
  CC      block/cfq-iosched.o
  CC      net/ipc_router/ipc_router_socket.o
  CC      drivers/base/firmware_class.o
  CC      net/core/gen_stats.o
  CC      drivers/devfreq/arm-memlat-mon.o
  CC      crypto/crc32_generic.o
  CC      techpack/audio/asoc/elliptic/io_modules/userspace/elliptic_data_userspace_ctrl.o
  CC      drivers/dma-buf/sync_file.o
  CC      fs/direct-io.o
  CC      techpack/audio/dsp/codecs/audio_wma.o
  CC      techpack/audio/asoc/codecs/tas2559/tas2559-codec.o
  CC      kernel/locking/semaphore.o
  CC      net/bridge/br_netlink.o
  CC      drivers/clk/qcom/clk-cpu-osm.o
  CC      lib/crc16.o
  CC      kernel/power/qos.o
  CC      kernel/irq/dummychip.o
  CC      drivers/devfreq/msmcci-hwmon.o
  CC      crypto/authenc.o
  CC      net/ipv4/inetpeer.o
  CC      techpack/audio/asoc/elliptic/elliptic_sysfs.o
  CC      techpack/audio/dsp/codecs/audio_wmapro.o
  CC      sound/usb/card.o
  CC      kernel/locking/rwsem.o
  CC      techpack/audio/asoc/codecs/tas2559/tas2559-misc.o
  CC      sound/soc/soc-compress.o
  CC      mm/vmalloc.o
  HOSTCC  lib/gen_crc32table
  LD      drivers/dma-buf/built-in.o
  CC      net/core/gen_estimator.o
  CC      drivers/crypto/msm/qcrypto.o
  CC      drivers/base/module.o
  CC      mm/pagewalk.o
  CC      drivers/devfreq/m4m-hwmon.o
  CC      kernel/irq/devres.o
  CC      net/ipc_router/ipc_router_security.o
  CC      kernel/locking/percpu-rwsem.o
  CC      techpack/audio/dsp/codecs/audio_aac.o
  CC      block/compat_ioctl.o
  CC      net/ipv4/protocol.o
  CC      drivers/clk/qcom/clk-qpnp-div.o
  CC      lib/libcrc32c.o
  CC      net/bridge/br_sysfs_if.o
  LD      techpack/audio/asoc/elliptic/built-in.o
  CC      fs/mpage.o
  CC      drivers/base/soc.o
  CC      net/bluetooth/lib.o
  CC      techpack/audio/asoc/codecs/tas2559/tiload.o
  LD      techpack/audio/asoc/snd-soc-hostless-pcm.o
  CC      kernel/printk/printk.o
  CC      crypto/authencesn.o
  CC      drivers/devfreq/governor_bw_hwmon.o
  CC      kernel/locking/spinlock.o
  CC      kernel/power/main.o
  CC      techpack/audio/dsp/codecs/audio_multi_aac.o
  CC      kernel/irq/autoprobe.o
  CC      sound/usb/clock.o
  LD      sound/soc/adi/built-in.o
  LD      sound/soc/amd/built-in.o
  CC      net/bridge/br_sysfs_br.o
  LD      sound/soc/atmel/built-in.o
  LD      sound/soc/au1x/built-in.o
  LD      sound/soc/bcm/built-in.o
  LD      sound/soc/blackfin/built-in.o
  LD      sound/soc/cirrus/built-in.o
  CC      drivers/clk/qcom/camcc-sdm845.o
  CC      sound/soc/codecs/hdmi-codec.o
  CC      drivers/base/pinctrl.o
  CC      lib/genalloc.o
  LD      techpack/audio/asoc/codecs/tas2559/snd-soc-tas2559.o
  LD      techpack/audio/asoc/codecs/tas2559/built-in.o
  CC      techpack/audio/asoc/codecs/wcd934x/wcd934x.o
  CC      kernel/locking/osq_lock.o
  CC      lib/crypto/blake2s.o
  CC      block/blk-mq-pci.o
  CC      techpack/audio/dsp/codecs/audio_alac.o
  CC      drivers/base/platform-msi.o
  CC      sound/usb/endpoint.o
  CC      sound/last.o
  CC      kernel/irq/irqdomain.o
  CC      kernel/locking/rtmutex.o
  CC      net/ipv4/ip_input.o
  CC      net/core/net_namespace.o
  CC      kernel/power/process.o
  CC      drivers/clk/qcom/clk-aop-qmp.o
  CC      crypto/lzo.o
  LD      net/ipc_router/built-in.o
  CC      lib/crypto/blake2s-generic.o
  CC      net/bluetooth/ecc.o
  CC      mm/pgtable-generic.o
  CC      drivers/devfreq/governor_cache_hwmon.o
  CC      drivers/crypto/msm/ice.o
  CC      fs/proc_namespace.o
  LD      sound/soc/codecs/snd-soc-hdmi-codec.o
  LD      drivers/firewire/built-in.o
  LD      sound/soc/codecs/built-in.o
  LD      sound/soc/davinci/built-in.o
  CC      techpack/audio/dsp/codecs/audio_ape.o
  LD      sound/soc/dwc/built-in.o
  CC      drivers/firmware/psci.o
  CC      mm/process_vm_access.o
  LD      sound/soc/fsl/built-in.o
  LD      sound/soc/generic/built-in.o
  LD      sound/soc/img/built-in.o
  CC      crypto/rng.o
  LD      sound/soc/intel/boards/built-in.o
  LD      sound/soc/intel/built-in.o
  CC      net/bridge/br_multicast.o
  LD      sound/soc/jz4740/built-in.o
  LD      sound/soc/kirkwood/built-in.o
  LD      sound/soc/mediatek/built-in.o
  LD      sound/soc/mxs/built-in.o
  CC      drivers/clk/qcom/clk-rpmh.o
  LD      sound/soc/nuc900/built-in.o
  LD      sound/soc/omap/built-in.o
  LD      sound/soc/pxa/built-in.o
  LD      drivers/base/built-in.o
  LD      sound/soc/qcom/built-in.o
  LD      block/built-in.o
  CC      drivers/clk/qcom/dispcc-sdm845.o
  LD      sound/soc/rockchip/built-in.o
  CC      sound/usb/format.o
  LD      sound/soc/samsung/built-in.o
  LD      sound/soc/sh/built-in.o
  CC      kernel/locking/rwsem-xadd.o
  CC      net/bluetooth/hci_request.o
  LD      sound/soc/sirf/built-in.o
  LD      sound/soc/spear/built-in.o
  CC      drivers/clk/qcom/gcc-sdm845.o
  LD      sound/soc/sti/built-in.o
  LD      sound/soc/sunxi/built-in.o
  LD      sound/soc/tegra/built-in.o
  CC      drivers/clk/qcom/debugcc-sdm845.o
  CC      techpack/audio/dsp/codecs/audio_utils_aio.o
  LD      lib/crypto/libblake2s.o
  LD      sound/soc/txx9/built-in.o
  CC      fs/cifs/cifsfs.o
  LD      sound/soc/ux500/built-in.o
  LD      lib/crypto/built-in.o
  LD      sound/soc/xtensa/built-in.o
  LD      kernel/printk/built-in.o
  LD      sound/soc/zte/built-in.o
  CC      drivers/devfreq/governor_memlat.o
  LD      sound/soc/snd-soc-core.o
  CC      kernel/irq/proc.o
  CC      lib/lzo/lzo1x_compress.o
  CC      kernel/power/suspend.o
  CC      net/key/af_key.o
  LD      sound/soc/built-in.o
  CC      net/ipv6/af_inet6.o
  CC      mm/showmem.o
  CC      kernel/irq/cpuhotplug.o
  CC      sound/usb/helper.o
  CC      drivers/firmware/qcom_scm.o
  CC      net/ipv4/ip_fragment.o
  CC      lib/lzo/lzo1x_decompress_safe.o
  CC      fs/cifs/cifssmb.o
  CC      kernel/locking/qrwlock.o
  CC      drivers/clk/qcom/gpucc-sdm845.o
  CC      crypto/ansi_cprng.o
  CC      kernel/power/wakelock.o
  LD      drivers/crypto/msm/qcedevice.o
  CC      mm/vmpressure.o
  LD      drivers/crypto/msm/built-in.o
  CC      drivers/gpio/devres.o
  LD      drivers/crypto/built-in.o
  CC      sound/usb/mixer.o
  CC      kernel/irq/pm.o
  CC      kernel/rcu/update.o
  CC      kernel/rcu/sync.o
  LD      kernel/locking/built-in.o
  CC      fs/cifs/cifs_debug.o
  LD      lib/lzo/lzo_compress.o
  LD      lib/lzo/lzo_decompress.o
  CC      net/core/secure_seq.o
  LD      lib/lzo/built-in.o
  CC      drivers/devfreq/devfreq_devbw.o
  CC      lib/reed_solomon/reed_solomon.o
  CC      drivers/clk/qcom/videocc-sdm845.o
  CC      net/core/flow_dissector.o
  CC      techpack/audio/dsp/codecs/q6audio_v2.o
  CC      fs/cifs/connect.o
  CC      drivers/firmware/qcom_scm-64.o
  CC      kernel/rcu/srcu.o
  CC      mm/init-mm.o
  CC      crypto/drbg.o
  CC      kernel/power/poweroff.o
  CC      drivers/gpio/gpiolib.o
  CC      drivers/clk/qcom/mdss/mdss-pll-util.o
  CC      drivers/gpio/gpiolib-legacy.o
  CC      kernel/irq/msi.o
  CC      mm/nobootmem.o
  CC      mm/fadvise.o
  CC      kernel/power/wakeup_reason.o
  CC      drivers/devfreq/devfreq_simple_dev.o
  LD      drivers/firmware/broadcom/built-in.o
  CC      techpack/audio/dsp/codecs/q6audio_v2_aio.o
  CC      kernel/rcu/tree.o
  LD      drivers/firmware/meson/built-in.o
  LD      lib/reed_solomon/built-in.o
  CC      net/bluetooth/mgmt_util.o
  CC      drivers/firmware/qcom/tz_log.o
  CC      lib/zlib_deflate/deflate.o
  CC      net/ipv4/ip_forward.o
  CC      kernel/irq/affinity.o
  CC      net/ipv6/anycast.o
  CC      sound/usb/mixer_quirks.o
  CC      net/bridge/br_mdb.o
  LD      net/key/built-in.o
  CC      lib/zlib_deflate/deftree.o
  CC      net/ipv4/ip_options.o
  CC      crypto/jitterentropy.o
  CC      drivers/clk/qcom/mdss/mdss-pll.o
  LD      kernel/power/built-in.o
  CC      crypto/jitterentropy-kcapi.o
  CC      techpack/audio/dsp/codecs/audio_g711mlaw.o
  CC      lib/zlib_deflate/deflate_syms.o
  CC      techpack/audio/dsp/codecs/audio_g711alaw.o
  LD      drivers/devfreq/built-in.o
  LD      kernel/irq/built-in.o
  CC      techpack/audio/dsp/codecs/audio_mp3.o
  CC      net/bluetooth/sco.o
  CC      sound/usb/mixer_scarlett.o
  LD      drivers/firmware/qcom/built-in.o
  CC      fs/cifs/dir.o
  CC      mm/madvise.o
  LD      drivers/firmware/built-in.o
  CC      mm/memblock.o
  LD      sound/soundcore.o
  CC      mm/page_io.o
  CC      net/core/sysctl_net_core.o
  CC      net/ipv6/ip6_output.o
  CC      fs/configfs/inode.o
  CC      crypto/ghash-generic.o
  LD      techpack/audio/asoc/snd-soc-qdsp6v2.o
  CC      techpack/audio/dsp/codecs/audio_amrnb.o
  CC      kernel/sched/core.o
  CC      lib/zlib_inflate/inffast.o
  LD      lib/zlib_deflate/zlib_deflate.o
  CC      drivers/clk/qcom/mdss/mdss-dsi-pll-10nm.o
  LD      lib/zlib_deflate/built-in.o
  CC      lib/zlib_inflate/inflate.o
  CC      kernel/sched/loadavg.o
  CC      techpack/audio/asoc/codecs/wcd934x/wcd934x-dsp-cntl.o
  CC      kernel/sched/clock.o
  CC      sound/usb/pcm.o
  CC      kernel/sched/cputime.o
  LD      techpack/audio/asoc/snd-soc-sdm845.o
  CC      net/bridge/netfilter/ebtables.o
  CC      kernel/sched/idle_task.o
  CC      kernel/sched/fair.o
  CC      techpack/audio/dsp/codecs/audio_amrwb.o
  CC      techpack/audio/asoc/codecs/wcd9xxx-common-v2.o
  CC      sound/usb/proc.o
  CC      crypto/ablk_helper.o
  CC      lib/zlib_inflate/infutil.o
  CC      fs/configfs/file.o
  CC      mm/swap_state.o
  CC      net/core/dev.o
  CC      drivers/gpio/gpiolib-of.o
  CC      fs/cifs/file.o
  CC      lib/zlib_inflate/inftrees.o
  CC      net/core/ethtool.o
  CC      net/bluetooth/a2mp.o
  CC      net/ipv4/ip_output.o
  CC      techpack/audio/dsp/codecs/audio_amrwbplus.o
  CC      drivers/clk/qcom/mdss/mdss-dp-pll-10nm.o
  CC      lib/zlib_inflate/inflate_syms.o
  CC      net/bluetooth/amp.o
  CC      net/bluetooth/hci_debugfs.o
  CC      fs/configfs/dir.o
  CC      techpack/audio/asoc/codecs/wcd934x/wcd934x-mbhc.o
  CC      drivers/gpu/drm/drm_crtc_helper.o
  CC      sound/usb/quirks.o
  LD      crypto/crypto.o
  CC      fs/crypto/crypto.o
  LD      crypto/crypto_algapi.o
  CC      techpack/audio/dsp/codecs/audio_evrc.o
  LD      crypto/crypto_blkcipher.o
  CC      drivers/clk/qcom/mdss/mdss-dp-pll-10nm-util.o
  LD      crypto/crypto_hash.o
  CC      mm/swapfile.o
  CC      fs/cifs/inode.o
  LD      crypto/cryptomgr.o
  LD      lib/zlib_inflate/zlib_inflate.o
  LD      lib/zlib_inflate/built-in.o
  LD      crypto/jitterentropy_rng.o
  CC      drivers/gpio/gpiolib-sysfs.o
  LD      crypto/built-in.o
  CC      lib/textsearch.o
  LD      kernel/rcu/built-in.o
  CC      kernel/time/time.o
  CC      fs/debugfs/inode.o
  CC      techpack/audio/dsp/codecs/audio_qcelp.o
  CC      net/ipv6/ip6_input.o
  CC      fs/configfs/symlink.o
  CC      drivers/gpu/drm/drm_dp_helper.o
  LD      drivers/clk/qcom/mdss/built-in.o
  LD      net/bluetooth/bluetooth.o
  CC      sound/usb/stream.o
  LD      drivers/clk/qcom/clk-qcom.o
  CC      lib/ts_kmp.o
  LD      drivers/clk/qcom/built-in.o
  LD      net/bluetooth/built-in.o
  LD      drivers/clk/built-in.o
  CC      net/bridge/netfilter/ebtable_broute.o
  CC      techpack/audio/asoc/codecs/wcd934x/wcd934x-dsd.o
  CC      drivers/hid/hid-core.o
  CC      kernel/sched/rt.o
  CC      fs/crypto/fname.o
  CC      fs/configfs/mount.o
  CC      drivers/gpio/gpio-msm-smp2p.o
  CC      techpack/audio/dsp/codecs/amrwb_in.o
  CC      fs/configfs/item.o
  CC      lib/ts_bm.o
  CC      fs/debugfs/file.o
  CC      kernel/time/timer.o
  CC      mm/swap_ratio.o
  CC      techpack/audio/asoc/codecs/wcd9xxx-resmgr-v2.o
  CC      sound/usb/badd.o
  LD      drivers/gpio/built-in.o
  CC      kernel/trace/trace_clock.o
  CC      drivers/gpu/drm/drm_probe_helper.o
  CC      techpack/audio/dsp/codecs/audio_hwacc_effects.o
  CC      fs/cifs/link.o
  CC      net/l2tp/l2tp_core.o
  CC      lib/ts_fsm.o
  CC      net/ipv4/ip_sockglue.o
  LD      net/bridge/netfilter/built-in.o
  LD      net/bridge/bridge.o
  LD      fs/configfs/configfs.o
  CC      fs/crypto/hooks.o
  LD      net/bridge/built-in.o
  LD      fs/configfs/built-in.o
  CC      lib/percpu_counter.o
  CC      lib/audit.o
  LD      techpack/audio/asoc/codecs/wcd934x/snd-soc-wcd934x.o
  CC      net/l2tp/l2tp_ppp.o
  LD      techpack/audio/asoc/codecs/wcd934x/built-in.o
  CC      sound/usb/midi.o
  CC      drivers/hid/hid-input.o
  CC      techpack/audio/asoc/codecs/wcdcal-hwdep.o
  CC      kernel/trace/ring_buffer.o
  CC      lib/compat_audit.o
  CC      mm/dmapool.o
  CC      techpack/audio/asoc/codecs/wcd9xxx-soc-init.o
  CC      net/ipv6/addrconf.o
  CC      drivers/hwmon/hwmon.o
  LD      techpack/audio/dsp/codecs/built-in.o
  LD      techpack/audio/dsp/built-in.o
  LD      fs/debugfs/debugfs.o
  LD      fs/debugfs/built-in.o
  CC      net/ipv4/inet_hashtables.o
  CC      kernel/trace/trace.o
  CC      techpack/audio/asoc/codecs/wcd-dsp-utils.o
  CC      drivers/hwmon/qpnp-adc-voltage.o
  CC      lib/swiotlb.o
  CC      net/llc/llc_core.o
  CC      fs/crypto/keyinfo.o
  CC      lib/iommu-helper.o
  CC      drivers/gpu/drm/drm_plane_helper.o
  CC      fs/cifs/misc.o
  CC      fs/crypto/policy.o
  CC      net/core/dev_addr_lists.o
  CC      mm/sparse.o
  CC      kernel/time/hrtimer.o
  CC      techpack/audio/asoc/codecs/wcd-dsp-mgr.o
  LD      sound/usb/6fire/built-in.o
  LD      sound/usb/bcd2000/built-in.o
  LD      sound/usb/caiaq/built-in.o
  LD      sound/usb/hiface/built-in.o
  LD      sound/usb/misc/built-in.o
  CC      fs/devpts/inode.o
  CC      kernel/time/itimer.o
  LD      sound/usb/usx2y/built-in.o
  CC      sound/usb/usb_audio_qmi_v01.o
  CC      sound/usb/usb_audio_qmi_svc.o
  CC      drivers/hid/hid-debug.o
  CC      net/llc/llc_input.o
  CC      drivers/gpu/drm/drm_dp_mst_topology.o
  CC      net/ipv6/addrlabel.o
  CC      fs/crypto/bio.o
  CC      net/l2tp/l2tp_ip.o
  CC      fs/cifs/netmisc.o
  CC      net/ipv6/route.o
  CC      drivers/hwmon/qpnp-adc-common.o
  CC      lib/iommu-common.o
  CC      mm/sparse-vmemmap.o
  LD      fs/devpts/devpts.o
  LD      fs/devpts/built-in.o
  CC      drivers/gpu/msm/kgsl.o
  CC      fs/ecryptfs/dentry.o
  CC      drivers/gpu/vga/vgaarb.o
  CC      techpack/audio/asoc/codecs/audio-ext-clk-up.o
  CC      drivers/gpu/msm/kgsl_trace.o
  CC      net/core/dst.o
  CC      net/ipv4/inet_timewait_sock.o
  CC      mm/slub.o
  LD      sound/usb/snd-usb-audio.o
  LD      sound/usb/snd-usbmidi-lib.o
  LD      sound/usb/built-in.o
  CC      techpack/audio/asoc/codecs/wcd-mbhc-v2.o
  CC      fs/ecryptfs/file.o
  CC      kernel/time/posix-timers.o
  CC      lib/syscall.o
  LD      sound/built-in.o
  CC      drivers/hid/uhid.o
  CC      net/llc/llc_output.o
  CC      drivers/hid/hid-generic.o
  CC      fs/crypto/fscrypt_ice.o
  CC      drivers/hid/hid-apple.o
  CC      fs/cifs/smbencrypt.o
  CC      drivers/hwspinlock/hwspinlock_core.o
  CC      kernel/sched/deadline.o
  CC      lib/nlattr.o
  LD      drivers/gpu/vga/built-in.o
  LD      drivers/hwmon/built-in.o
../drivers/hid/uhid.c:265:48: warning: taking address of packed member 'id' of class or structure 'uhid_get_report_req' may result in an unaligned pointer value [-Waddress-of-packed-member]
  265 |         ret = __uhid_report_queue_and_wait(uhid, ev, &ev->u.get_report.id);
      |                                                       ^~~~~~~~~~~~~~~~~~~
../drivers/hid/uhid.c:309:48: warning: taking address of packed member 'id' of class or structure 'uhid_set_report_req' may result in an unaligned pointer value [-Waddress-of-packed-member]
  309 |         ret = __uhid_report_queue_and_wait(uhid, ev, &ev->u.set_report.id);
      |                                                       ^~~~~~~~~~~~~~~~~~~
  CC      drivers/hid/hid-elecom.o
  CC      drivers/gpu/drm/drm_atomic_helper.o
  CC      fs/ecryptfs/inode.o
  CC      net/l2tp/l2tp_netlink.o
  CC      net/netlabel/netlabel_user.o
2 warnings generated.
  CC      net/netfilter/core.o
  CC      kernel/trace/trace_output.o
  CC      fs/cifs/transport.o
  CC      net/netlabel/netlabel_kapi.o
  CC      drivers/hid/hid-magicmouse.o
  CC      kernel/freezer.o
  LD      fs/crypto/fscrypto.o
  LD      fs/crypto/built-in.o
  CC      kernel/time/posix-cpu-timers.o
  CC      lib/checksum.o
  LD      net/llc/llc.o
  CC      net/core/netevent.o
  CC      drivers/hwspinlock/msm_remote_spinlock.o
  LD      net/llc/built-in.o
  CC      net/ipv4/inet_connection_sock.o
  CC      techpack/audio/asoc/codecs/wcd-mbhc-adc.o
  CC      net/l2tp/l2tp_eth.o
  CC      lib/cpu_rmap.o
  CC      kernel/sched/stop_task.o
  CC      net/netfilter/nf_log.o
  CC      fs/ecryptfs/main.o
../kernel/trace/trace_output.c:29:2: warning: converting the enum constant to a boolean [-Wint-in-bool-context]
   29 |         trace_assign_type(field, entry);
      |         ^
../kernel/trace/trace.h:327:3: note: expanded from macro 'trace_assign_type'
  327 |                 IF_ASSIGN(var, ent, struct stack_entry, TRACE_STACK);   \
      |                 ^
../kernel/trace/trace.h:303:14: note: expanded from macro 'IF_ASSIGN'
  303 |                 WARN_ON(id && (entry)->type != id);     \
      |                            ^
../kernel/trace/trace_output.c:29:2: warning: converting the enum constant to a boolean [-Wint-in-bool-context]
../kernel/trace/trace.h:328:3: note: expanded from macro 'trace_assign_type'
  328 |                 IF_ASSIGN(var, ent, struct userstack_entry, TRACE_USER_STACK);\
      |                 ^
../kernel/trace/trace.h:303:14: note: expanded from macro 'IF_ASSIGN'
  303 |                 WARN_ON(id && (entry)->type != id);     \
      |                            ^
../kernel/trace/trace_output.c:29:2: warning: converting the enum constant to a boolean [-Wint-in-bool-context]
../kernel/trace/trace.h:329:3: note: expanded from macro 'trace_assign_type'
  329 |                 IF_ASSIGN(var, ent, struct print_entry, TRACE_PRINT);   \
      |                 ^
../kernel/trace/trace.h:303:14: note: expanded from macro 'IF_ASSIGN'
  303 |                 WARN_ON(id && (entry)->type != id);     \
      |                            ^
../kernel/trace/trace_output.c:29:2: warning: converting the enum constant to a boolean [-Wint-in-bool-context]
../kernel/trace/trace.h:330:3: note: expanded from macro 'trace_assign_type'
  330 |                 IF_ASSIGN(var, ent, struct bprint_entry, TRACE_BPRINT); \
      |                 ^
../kernel/trace/trace.h:303:14: note: expanded from macro 'IF_ASSIGN'
  303 |                 WARN_ON(id && (entry)->type != id);     \
      |                            ^
../kernel/trace/trace_output.c:29:2: warning: converting the enum constant to a boolean [-Wint-in-bool-context]
../kernel/trace/trace.h:331:3: note: expanded from macro 'trace_assign_type'
  331 |                 IF_ASSIGN(var, ent, struct bputs_entry, TRACE_BPUTS);   \
      |                 ^
../kernel/trace/trace.h:303:14: note: expanded from macro 'IF_ASSIGN'
  303 |                 WARN_ON(id && (entry)->type != id);     \
      |                            ^
../kernel/trace/trace_output.c:29:2: warning: converting the enum constant to a boolean [-Wint-in-bool-context]
../kernel/trace/trace.h:332:3: note: expanded from macro 'trace_assign_type'
  332 |                 IF_ASSIGN(var, ent, struct hwlat_entry, TRACE_HWLAT);   \
      |                 ^
../kernel/trace/trace.h:303:14: note: expanded from macro 'IF_ASSIGN'
  303 |                 WARN_ON(id && (entry)->type != id);     \
      |                            ^
../kernel/trace/trace_output.c:29:2: warning: converting the enum constant to a boolean [-Wint-in-bool-context]
../kernel/trace/trace.h:333:3: note: expanded from macro 'trace_assign_type'
  333 |                 IF_ASSIGN(var, ent, struct trace_mmiotrace_rw,          \
      |                 ^
../kernel/trace/trace.h:303:14: note: expanded from macro 'IF_ASSIGN'
  303 |                 WARN_ON(id && (entry)->type != id);     \
      |                            ^
../kernel/trace/trace_output.c:29:2: warning: converting the enum constant to a boolean [-Wint-in-bool-context]
../kernel/trace/trace.h:335:3: note: expanded from macro 'trace_assign_type'
  335 |                 IF_ASSIGN(var, ent, struct trace_mmiotrace_map,         \
      |                 ^
../kernel/trace/trace.h:303:14: note: expanded from macro 'IF_ASSIGN'
  303 |                 WARN_ON(id && (entry)->type != id);     \
      |                            ^
../kernel/trace/trace_output.c:29:2: warning: converting the enum constant to a boolean [-Wint-in-bool-context]
../kernel/trace/trace.h:337:3: note: expanded from macro 'trace_assign_type'
  337 |                 IF_ASSIGN(var, ent, struct trace_branch, TRACE_BRANCH); \
      |                 ^
../kernel/trace/trace.h:303:14: note: expanded from macro 'IF_ASSIGN'
  303 |                 WARN_ON(id && (entry)->type != id);     \
      |                            ^
../kernel/trace/trace_output.c:29:2: warning: converting the enum constant to a boolean [-Wint-in-bool-context]
../kernel/trace/trace.h:338:3: note: expanded from macro 'trace_assign_type'
  338 |                 IF_ASSIGN(var, ent, struct ftrace_graph_ent_entry,      \
      |                 ^
../kernel/trace/trace.h:303:14: note: expanded from macro 'IF_ASSIGN'
  303 |                 WARN_ON(id && (entry)->type != id);     \
      |                            ^
../kernel/trace/trace_output.c:29:2: warning: converting the enum constant to a boolean [-Wint-in-bool-context]
../kernel/trace/trace.h:340:3: note: expanded from macro 'trace_assign_type'
  340 |                 IF_ASSIGN(var, ent, struct ftrace_graph_ret_entry,      \
      |                 ^
../kernel/trace/trace.h:303:14: note: expanded from macro 'IF_ASSIGN'
  303 |                 WARN_ON(id && (entry)->type != id);     \
      |                            ^
../kernel/trace/trace_output.c:42:2: warning: converting the enum constant to a boolean [-Wint-in-bool-context]
   42 |         trace_assign_type(field, entry);
      |         ^
../kernel/trace/trace.h:327:3: note: expanded from macro 'trace_assign_type'
  327 |                 IF_ASSIGN(var, ent, struct stack_entry, TRACE_STACK);   \
      |                 ^
../kernel/trace/trace.h:303:14: note: expanded from macro 'IF_ASSIGN'
  303 |                 WARN_ON(id && (entry)->type != id);     \
      |                            ^
../kernel/trace/trace_output.c:42:2: warning: converting the enum constant to a boolean [-Wint-in-bool-context]
../kernel/trace/trace.h:328:3: note: expanded from macro 'trace_assign_type'
  328 |                 IF_ASSIGN(var, ent, struct userstack_entry, TRACE_USER_STACK);\
      |                 ^
../kernel/trace/trace.h:303:14: note: expanded from macro 'IF_ASSIGN'
  303 |                 WARN_ON(id && (entry)->type != id);     \
      |                            ^
../kernel/trace/trace_output.c:42:2: warning: converting the enum constant to a boolean [-Wint-in-bool-context]
../kernel/trace/trace.h:329:3: note: expanded from macro 'trace_assign_type'
  329 |                 IF_ASSIGN(var, ent, struct print_entry, TRACE_PRINT);   \
      |                 ^
../kernel/trace/trace.h:303:14: note: expanded from macro 'IF_ASSIGN'
  303 |                 WARN_ON(id && (entry)->type != id);     \
      |                            ^
../kernel/trace/trace_output.c:42:2: warning: converting the enum constant to a boolean [-Wint-in-bool-context]
../kernel/trace/trace.h:330:3: note: expanded from macro 'trace_assign_type'
  330 |                 IF_ASSIGN(var, ent, struct bprint_entry, TRACE_BPRINT); \
      |                 ^
../kernel/trace/trace.h:303:14: note: expanded from macro 'IF_ASSIGN'
  303 |                 WARN_ON(id && (entry)->type != id);     \
      |                            ^
../kernel/trace/trace_output.c:42:2: warning: converting the enum constant to a boolean [-Wint-in-bool-context]
../kernel/trace/trace.h:331:3: note: expanded from macro 'trace_assign_type'
  331 |                 IF_ASSIGN(var, ent, struct bputs_entry, TRACE_BPUTS);   \
      |                 ^
../kernel/trace/trace.h:303:14: note: expanded from macro 'IF_ASSIGN'
  303 |                 WARN_ON(id && (entry)->type != id);     \
      |                            ^
../kernel/trace/trace_output.c:42:2: warning: converting the enum constant to a boolean [-Wint-in-bool-context]
../kernel/trace/trace.h:332:3: note: expanded from macro 'trace_assign_type'
  332 |                 IF_ASSIGN(var, ent, struct hwlat_entry, TRACE_HWLAT);   \
      |                 ^
../kernel/trace/trace.h:303:14: note: expanded from macro 'IF_ASSIGN'
  303 |                 WARN_ON(id && (entry)->type != id);     \
      |                            ^
../kernel/trace/trace_output.c:42:2: warning: converting the enum constant to a boolean [-Wint-in-bool-context]
../kernel/trace/trace.h:333:3: note: expanded from macro 'trace_assign_type'
  333 |                 IF_ASSIGN(var, ent, struct trace_mmiotrace_rw,          \
      |                 ^
../kernel/trace/trace.h:303:14: note: expanded from macro 'IF_ASSIGN'
  303 |                 WARN_ON(id && (entry)->type != id);     \
      |                            ^
../kernel/trace/trace_output.c:42:2: warning: converting the enum constant to a boolean [-Wint-in-bool-context]
../kernel/trace/trace.h:335:3: note: expanded from macro 'trace_assign_type'
  335 |                 IF_ASSIGN(var, ent, struct trace_mmiotrace_map,         \
      |                 ^
../kernel/trace/trace.h:303:14: note: expanded from macro 'IF_ASSIGN'
  303 |                 WARN_ON(id && (entry)->type != id);     \
      |                            ^
../kernel/trace/trace_output.c:42:2: warning: converting the enum constant to a boolean [-Wint-in-bool-context]
../kernel/trace/trace.h:337:3: note: expanded from macro 'trace_assign_type'
  337 |                 IF_ASSIGN(var, ent, struct trace_branch, TRACE_BRANCH); \
      |                 ^
../kernel/trace/trace.h:303:14: note: expanded from macro 'IF_ASSIGN'
  303 |                 WARN_ON(id && (entry)->type != id);     \
      |                            ^
../kernel/trace/trace_output.c:42:2: warning: converting the enum constant to a boolean [-Wint-in-bool-context]
../kernel/trace/trace.h:338:3: note: expanded from macro 'trace_assign_type'
  338 |                 IF_ASSIGN(var, ent, struct ftrace_graph_ent_entry,      \
      |                 ^
../kernel/trace/trace.h:303:14: note: expanded from macro 'IF_ASSIGN'
  303 |                 WARN_ON(id && (entry)->type != id);     \
      |                            ^
../kernel/trace/trace_output.c:42:2: warning: converting the enum constant to a boolean [-Wint-in-bool-context]
../kernel/trace/trace.h:340:3: note: expanded from macro 'trace_assign_type'
  340 |                 IF_ASSIGN(var, ent, struct ftrace_graph_ret_entry,      \
      |                 ^
../kernel/trace/trace.h:303:14: note: expanded from macro 'IF_ASSIGN'
  303 |                 WARN_ON(id && (entry)->type != id);     \
      |                            ^
../kernel/trace/trace_output.c:55:2: warning: converting the enum constant to a boolean [-Wint-in-bool-context]
   55 |         trace_assign_type(field, entry);
      |         ^
../kernel/trace/trace.h:327:3: note: expanded from macro 'trace_assign_type'
  327 |                 IF_ASSIGN(var, ent, struct stack_entry, TRACE_STACK);   \
      |                 ^
../kernel/trace/trace.h:303:14: note: expanded from macro 'IF_ASSIGN'
  303 |                 WARN_ON(id && (entry)->type != id);     \
      |                            ^
../kernel/trace/trace_output.c:55:2: warning: converting the enum constant to a boolean [-Wint-in-bool-context]
../kernel/trace/trace.h:328:3: note: expanded from macro 'trace_assign_type'
  328 |                 IF_ASSIGN(var, ent, struct userstack_entry, TRACE_USER_STACK);\
      |                 ^
../kernel/trace/trace.h:303:14: note: expanded from macro 'IF_ASSIGN'
  303 |                 WARN_ON(id && (entry)->type != id);     \
      |                            ^
../kernel/trace/trace_output.c:55:2: warning: converting the enum constant to a boolean [-Wint-in-bool-context]
../kernel/trace/trace.h:329:3: note: expanded from macro 'trace_assign_type'
  329 |                 IF_ASSIGN(var, ent, struct print_entry, TRACE_PRINT);   \
      |                 ^
../kernel/trace/trace.h:303:14: note: expanded from macro 'IF_ASSIGN'
  303 |                 WARN_ON(id && (entry)->type != id);     \
      |                            ^
../kernel/trace/trace_output.c:55:2: warning: converting the enum constant to a boolean [-Wint-in-bool-context]
../kernel/trace/trace.h:330:3: note: expanded from macro 'trace_assign_type'
  330 |                 IF_ASSIGN(var, ent, struct bprint_entry, TRACE_BPRINT); \
      |                 ^
../kernel/trace/trace.h:303:14: note: expanded from macro 'IF_ASSIGN'
  303 |                 WARN_ON(id && (entry)->type != id);     \
      |                            ^
../kernel/trace/trace_output.c:55:2: warning: converting the enum constant to a boolean [-Wint-in-bool-context]
../kernel/trace/trace.h:331:3: note: expanded from macro 'trace_assign_type'
  331 |                 IF_ASSIGN(var, ent, struct bputs_entry, TRACE_BPUTS);   \
      |                 ^
../kernel/trace/trace.h:303:14: note: expanded from macro 'IF_ASSIGN'
  303 |                 WARN_ON(id && (entry)->type != id);     \
      |                            ^
../kernel/trace/trace_output.c:55:2: warning: converting the enum constant to a boolean [-Wint-in-bool-context]
../kernel/trace/trace.h:332:3: note: expanded from macro 'trace_assign_type'
  332 |                 IF_ASSIGN(var, ent, struct hwlat_entry, TRACE_HWLAT);   \
      |                 ^
../kernel/trace/trace.h:303:14: note: expanded from macro 'IF_ASSIGN'
  303 |                 WARN_ON(id && (entry)->type != id);     \
      |                            ^
../kernel/trace/trace_output.c:55:2: warning: converting the enum constant to a boolean [-Wint-in-bool-context]
../kernel/trace/trace.h:333:3: note: expanded from macro 'trace_assign_type'
  333 |                 IF_ASSIGN(var, ent, struct trace_mmiotrace_rw,          \
      |                 ^
../kernel/trace/trace.h:303:14: note: expanded from macro 'IF_ASSIGN'
  303 |                 WARN_ON(id && (entry)->type != id);     \
      |                            ^
../kernel/trace/trace_output.c:55:2: warning: converting the enum constant to a boolean [-Wint-in-bool-context]
../kernel/trace/trace.h:335:3: note: expanded from macro 'trace_assign_type'
  335 |                 IF_ASSIGN(var, ent, struct trace_mmiotrace_map,         \
      |                 ^
../kernel/trace/trace.h:303:14: note: expanded from macro 'IF_ASSIGN'
  303 |                 WARN_ON(id && (entry)->type != id);     \
      |                            ^
../kernel/trace/trace_output.c:55:2: warning: converting the enum constant to a boolean [-Wint-in-bool-context]
../kernel/trace/trace.h:337:3: note: expanded from macro 'trace_assign_type'
  337 |                 IF_ASSIGN(var, ent, struct trace_branch, TRACE_BRANCH); \
      |                 ^
../kernel/trace/trace.h:303:14: note: expanded from macro 'IF_ASSIGN'
  303 |                 WARN_ON(id && (entry)->type != id);     \
      |                            ^
../kernel/trace/trace_output.c:55:2: warning: converting the enum constant to a boolean [-Wint-in-bool-context]
../kernel/trace/trace.h:338:3: note: expanded from macro 'trace_assign_type'
  338 |                 IF_ASSIGN(var, ent, struct ftrace_graph_ent_entry,      \
      |                 ^
../kernel/trace/trace.h:303:14: note: expanded from macro 'IF_ASSIGN'
  303 |                 WARN_ON(id && (entry)->type != id);     \
      |                            ^
../kernel/trace/trace_output.c:55:2: warning: converting the enum constant to a boolean [-Wint-in-bool-context]
../kernel/trace/trace.h:340:3: note: expanded from macro 'trace_assign_type'
  340 |                 IF_ASSIGN(var, ent, struct ftrace_graph_ret_entry,      \
      |                 ^
../kernel/trace/trace.h:303:14: note: expanded from macro 'IF_ASSIGN'
  303 |                 WARN_ON(id && (entry)->type != id);     \
      |                            ^
  CC      lib/dynamic_queue_limits.o
../kernel/trace/trace_output.c:794:2: warning: converting the enum constant to a boolean [-Wint-in-bool-context]
  794 |         trace_assign_type(field, iter->ent);
      |         ^
../kernel/trace/trace.h:327:3: note: expanded from macro 'trace_assign_type'
  327 |                 IF_ASSIGN(var, ent, struct stack_entry, TRACE_STACK);   \
      |                 ^
../kernel/trace/trace.h:303:14: note: expanded from macro 'IF_ASSIGN'
  303 |                 WARN_ON(id && (entry)->type != id);     \
      |                            ^
../kernel/trace/trace_output.c:794:2: warning: converting the enum constant to a boolean [-Wint-in-bool-context]
../kernel/trace/trace.h:328:3: note: expanded from macro 'trace_assign_type'
  328 |                 IF_ASSIGN(var, ent, struct userstack_entry, TRACE_USER_STACK);\
      |                 ^
../kernel/trace/trace.h:303:14: note: expanded from macro 'IF_ASSIGN'
  303 |                 WARN_ON(id && (entry)->type != id);     \
      |                            ^
../kernel/trace/trace_output.c:794:2: warning: converting the enum constant to a boolean [-Wint-in-bool-context]
../kernel/trace/trace.h:329:3: note: expanded from macro 'trace_assign_type'
  329 |                 IF_ASSIGN(var, ent, struct print_entry, TRACE_PRINT);   \
      |                 ^
../kernel/trace/trace.h:303:14: note: expanded from macro 'IF_ASSIGN'
  303 |                 WARN_ON(id && (entry)->type != id);     \
      |                            ^
../kernel/trace/trace_output.c:794:2: warning: converting the enum constant to a boolean [-Wint-in-bool-context]
../kernel/trace/trace.h:330:3: note: expanded from macro 'trace_assign_type'
  330 |                 IF_ASSIGN(var, ent, struct bprint_entry, TRACE_BPRINT); \
      |                 ^
../kernel/trace/trace.h:303:14: note: expanded from macro 'IF_ASSIGN'
  303 |                 WARN_ON(id && (entry)->type != id);     \
      |                            ^
../kernel/trace/trace_output.c:794:2: warning: converting the enum constant to a boolean [-Wint-in-bool-context]
../kernel/trace/trace.h:331:3: note: expanded from macro 'trace_assign_type'
  331 |                 IF_ASSIGN(var, ent, struct bputs_entry, TRACE_BPUTS);   \
      |                 ^
../kernel/trace/trace.h:303:14: note: expanded from macro 'IF_ASSIGN'
  303 |                 WARN_ON(id && (entry)->type != id);     \
      |                            ^
../kernel/trace/trace_output.c:794:2: warning: converting the enum constant to a boolean [-Wint-in-bool-context]
../kernel/trace/trace.h:332:3: note: expanded from macro 'trace_assign_type'
  332 |                 IF_ASSIGN(var, ent, struct hwlat_entry, TRACE_HWLAT);   \
      |                 ^
../kernel/trace/trace.h:303:14: note: expanded from macro 'IF_ASSIGN'
  303 |                 WARN_ON(id && (entry)->type != id);     \
      |                            ^
../kernel/trace/trace_output.c:794:2: warning: converting the enum constant to a boolean [-Wint-in-bool-context]
../kernel/trace/trace.h:333:3: note: expanded from macro 'trace_assign_type'
  333 |                 IF_ASSIGN(var, ent, struct trace_mmiotrace_rw,          \
      |                 ^
../kernel/trace/trace.h:303:14: note: expanded from macro 'IF_ASSIGN'
  303 |                 WARN_ON(id && (entry)->type != id);     \
      |                            ^
../kernel/trace/trace_output.c:794:2: warning: converting the enum constant to a boolean [-Wint-in-bool-context]
../kernel/trace/trace.h:335:3: note: expanded from macro 'trace_assign_type'
  335 |                 IF_ASSIGN(var, ent, struct trace_mmiotrace_map,         \
      |                 ^
../kernel/trace/trace.h:303:14: note: expanded from macro 'IF_ASSIGN'
  303 |                 WARN_ON(id && (entry)->type != id);     \
      |                            ^
../kernel/trace/trace_output.c:794:2: warning: converting the enum constant to a boolean [-Wint-in-bool-context]
../kernel/trace/trace.h:337:3: note: expanded from macro 'trace_assign_type'
  337 |                 IF_ASSIGN(var, ent, struct trace_branch, TRACE_BRANCH); \
      |                 ^
../kernel/trace/trace.h:303:14: note: expanded from macro 'IF_ASSIGN'
  303 |                 WARN_ON(id && (entry)->type != id);     \
      |                            ^
../kernel/trace/trace_output.c:794:2: warning: converting the enum constant to a boolean [-Wint-in-bool-context]
../kernel/trace/trace.h:338:3: note: expanded from macro 'trace_assign_type'
  338 |                 IF_ASSIGN(var, ent, struct ftrace_graph_ent_entry,      \
      |                 ^
../kernel/trace/trace.h:303:14: note: expanded from macro 'IF_ASSIGN'
  303 |                 WARN_ON(id && (entry)->type != id);     \
      |                            ^
../kernel/trace/trace_output.c:794:2: warning: converting the enum constant to a boolean [-Wint-in-bool-context]
../kernel/trace/trace.h:340:3: note: expanded from macro 'trace_assign_type'
  340 |                 IF_ASSIGN(var, ent, struct ftrace_graph_ret_entry,      \
      |                 ^
../kernel/trace/trace.h:303:14: note: expanded from macro 'IF_ASSIGN'
  303 |                 WARN_ON(id && (entry)->type != id);     \
      |                            ^
../kernel/trace/trace_output.c:813:2: warning: converting the enum constant to a boolean [-Wint-in-bool-context]
  813 |         trace_assign_type(field, iter->ent);
      |         ^
../kernel/trace/trace.h:327:3: note: expanded from macro 'trace_assign_type'
  327 |                 IF_ASSIGN(var, ent, struct stack_entry, TRACE_STACK);   \
      |                 ^
../kernel/trace/trace.h:303:14: note: expanded from macro 'IF_ASSIGN'
  303 |                 WARN_ON(id && (entry)->type != id);     \
      |                            ^
../kernel/trace/trace_output.c:813:2: warning: converting the enum constant to a boolean [-Wint-in-bool-context]
../kernel/trace/trace.h:328:3: note: expanded from macro 'trace_assign_type'
  328 |                 IF_ASSIGN(var, ent, struct userstack_entry, TRACE_USER_STACK);\
      |                 ^
../kernel/trace/trace.h:303:14: note: expanded from macro 'IF_ASSIGN'
  303 |                 WARN_ON(id && (entry)->type != id);     \
      |                            ^
../kernel/trace/trace_output.c:813:2: warning: converting the enum constant to a boolean [-Wint-in-bool-context]
../kernel/trace/trace.h:329:3: note: expanded from macro 'trace_assign_type'
  329 |                 IF_ASSIGN(var, ent, struct print_entry, TRACE_PRINT);   \
      |                 ^
../kernel/trace/trace.h:303:14: note: expanded from macro 'IF_ASSIGN'
  303 |                 WARN_ON(id && (entry)->type != id);     \
      |                            ^
../kernel/trace/trace_output.c:813:2: warning: converting the enum constant to a boolean [-Wint-in-bool-context]
../kernel/trace/trace.h:330:3: note: expanded from macro 'trace_assign_type'
  330 |                 IF_ASSIGN(var, ent, struct bprint_entry, TRACE_BPRINT); \
      |                 ^
../kernel/trace/trace.h:303:14: note: expanded from macro 'IF_ASSIGN'
  303 |                 WARN_ON(id && (entry)->type != id);     \
      |                            ^
../kernel/trace/trace_output.c:813:2: warning: converting the enum constant to a boolean [-Wint-in-bool-context]
../kernel/trace/trace.h:331:3: note: expanded from macro 'trace_assign_type'
  331 |                 IF_ASSIGN(var, ent, struct bputs_entry, TRACE_BPUTS);   \
      |                 ^
../kernel/trace/trace.h:303:14: note: expanded from macro 'IF_ASSIGN'
  303 |                 WARN_ON(id && (entry)->type != id);     \
      |                            ^
../kernel/trace/trace_output.c:813:2: warning: converting the enum constant to a boolean [-Wint-in-bool-context]
../kernel/trace/trace.h:332:3: note: expanded from macro 'trace_assign_type'
  332 |                 IF_ASSIGN(var, ent, struct hwlat_entry, TRACE_HWLAT);   \
      |                 ^
../kernel/trace/trace.h:303:14: note: expanded from macro 'IF_ASSIGN'
  303 |                 WARN_ON(id && (entry)->type != id);     \
      |                            ^
../kernel/trace/trace_output.c:813:2: warning: converting the enum constant to a boolean [-Wint-in-bool-context]
../kernel/trace/trace.h:333:3: note: expanded from macro 'trace_assign_type'
  333 |                 IF_ASSIGN(var, ent, struct trace_mmiotrace_rw,          \
      |                 ^
../kernel/trace/trace.h:303:14: note: expanded from macro 'IF_ASSIGN'
  303 |                 WARN_ON(id && (entry)->type != id);     \
      |                            ^
../kernel/trace/trace_output.c:813:2: warning: converting the enum constant to a boolean [-Wint-in-bool-context]
../kernel/trace/trace.h:335:3: note: expanded from macro 'trace_assign_type'
  335 |                 IF_ASSIGN(var, ent, struct trace_mmiotrace_map,         \
      |                 ^
../kernel/trace/trace.h:303:14: note: expanded from macro 'IF_ASSIGN'
  303 |                 WARN_ON(id && (entry)->type != id);     \
      |                            ^
../kernel/trace/trace_output.c:813:2: warning: converting the enum constant to a boolean [-Wint-in-bool-context]
../kernel/trace/trace.h:337:3: note: expanded from macro 'trace_assign_type'
  337 |                 IF_ASSIGN(var, ent, struct trace_branch, TRACE_BRANCH); \
      |                 ^
../kernel/trace/trace.h:303:14: note: expanded from macro 'IF_ASSIGN'
  303 |                 WARN_ON(id && (entry)->type != id);     \
      |                            ^
../kernel/trace/trace_output.c:813:2: warning: converting the enum constant to a boolean [-Wint-in-bool-context]
../kernel/trace/trace.h:338:3: note: expanded from macro 'trace_assign_type'
  338 |                 IF_ASSIGN(var, ent, struct ftrace_graph_ent_entry,      \
      |                 ^
../kernel/trace/trace.h:303:14: note: expanded from macro 'IF_ASSIGN'
  303 |                 WARN_ON(id && (entry)->type != id);     \
      |                            ^
../kernel/trace/trace_output.c:813:2: warning: converting the enum constant to a boolean [-Wint-in-bool-context]
../kernel/trace/trace.h:340:3: note: expanded from macro 'trace_assign_type'
  340 |                 IF_ASSIGN(var, ent, struct ftrace_graph_ret_entry,      \
      |                 ^
../kernel/trace/trace.h:303:14: note: expanded from macro 'IF_ASSIGN'
  303 |                 WARN_ON(id && (entry)->type != id);     \
      |                            ^
../kernel/trace/trace_output.c:828:2: warning: converting the enum constant to a boolean [-Wint-in-bool-context]
  828 |         trace_assign_type(field, iter->ent);
      |         ^
../kernel/trace/trace.h:327:3: note: expanded from macro 'trace_assign_type'
  327 |                 IF_ASSIGN(var, ent, struct stack_entry, TRACE_STACK);   \
      |                 ^
../kernel/trace/trace.h:303:14: note: expanded from macro 'IF_ASSIGN'
  303 |                 WARN_ON(id && (entry)->type != id);     \
      |                            ^
../kernel/trace/trace_output.c:828:2: warning: converting the enum constant to a boolean [-Wint-in-bool-context]
../kernel/trace/trace.h:328:3: note: expanded from macro 'trace_assign_type'
  328 |                 IF_ASSIGN(var, ent, struct userstack_entry, TRACE_USER_STACK);\
      |                 ^
../kernel/trace/trace.h:303:14: note: expanded from macro 'IF_ASSIGN'
  303 |                 WARN_ON(id && (entry)->type != id);     \
      |                            ^
../kernel/trace/trace_output.c:828:2: warning: converting the enum constant to a boolean [-Wint-in-bool-context]
../kernel/trace/trace.h:329:3: note: expanded from macro 'trace_assign_type'
  329 |                 IF_ASSIGN(var, ent, struct print_entry, TRACE_PRINT);   \
      |                 ^
../kernel/trace/trace.h:303:14: note: expanded from macro 'IF_ASSIGN'
  303 |                 WARN_ON(id && (entry)->type != id);     \
      |                            ^
../kernel/trace/trace_output.c:828:2: warning: converting the enum constant to a boolean [-Wint-in-bool-context]
../kernel/trace/trace.h:330:3: note: expanded from macro 'trace_assign_type'
  330 |                 IF_ASSIGN(var, ent, struct bprint_entry, TRACE_BPRINT); \
      |                 ^
../kernel/trace/trace.h:303:14: note: expanded from macro 'IF_ASSIGN'
  303 |                 WARN_ON(id && (entry)->type != id);     \
      |                            ^
../kernel/trace/trace_output.c:828:2: warning: converting the enum constant to a boolean [-Wint-in-bool-context]
../kernel/trace/trace.h:331:3: note: expanded from macro 'trace_assign_type'
  331 |                 IF_ASSIGN(var, ent, struct bputs_entry, TRACE_BPUTS);   \
      |                 ^
../kernel/trace/trace.h:303:14: note: expanded from macro 'IF_ASSIGN'
  303 |                 WARN_ON(id && (entry)->type != id);     \
      |                            ^
../kernel/trace/trace_output.c:828:2: warning: converting the enum constant to a boolean [-Wint-in-bool-context]
../kernel/trace/trace.h:332:3: note: expanded from macro 'trace_assign_type'
  332 |                 IF_ASSIGN(var, ent, struct hwlat_entry, TRACE_HWLAT);   \
      |                 ^
../kernel/trace/trace.h:303:14: note: expanded from macro 'IF_ASSIGN'
  303 |                 WARN_ON(id && (entry)->type != id);     \
      |                            ^
../kernel/trace/trace_output.c:828:2: warning: converting the enum constant to a boolean [-Wint-in-bool-context]
../kernel/trace/trace.h:333:3: note: expanded from macro 'trace_assign_type'
  333 |                 IF_ASSIGN(var, ent, struct trace_mmiotrace_rw,          \
      |                 ^
../kernel/trace/trace.h:303:14: note: expanded from macro 'IF_ASSIGN'
  303 |                 WARN_ON(id && (entry)->type != id);     \
      |                            ^
../kernel/trace/trace_output.c:828:2: warning: converting the enum constant to a boolean [-Wint-in-bool-context]
../kernel/trace/trace.h:335:3: note: expanded from macro 'trace_assign_type'
  335 |                 IF_ASSIGN(var, ent, struct trace_mmiotrace_map,         \
      |                 ^
../kernel/trace/trace.h:303:14: note: expanded from macro 'IF_ASSIGN'
  303 |                 WARN_ON(id && (entry)->type != id);     \
      |                            ^
../kernel/trace/trace_output.c:828:2: warning: converting the enum constant to a boolean [-Wint-in-bool-context]
../kernel/trace/trace.h:337:3: note: expanded from macro 'trace_assign_type'
  337 |                 IF_ASSIGN(var, ent, struct trace_branch, TRACE_BRANCH); \
      |                 ^
../kernel/trace/trace.h:303:14: note: expanded from macro 'IF_ASSIGN'
  303 |                 WARN_ON(id && (entry)->type != id);     \
      |                            ^
../kernel/trace/trace_output.c:828:2: warning: converting the enum constant to a boolean [-Wint-in-bool-context]
../kernel/trace/trace.h:338:3: note: expanded from macro 'trace_assign_type'
  338 |                 IF_ASSIGN(var, ent, struct ftrace_graph_ent_entry,      \
      |                 ^
../kernel/trace/trace.h:303:14: note: expanded from macro 'IF_ASSIGN'
  303 |                 WARN_ON(id && (entry)->type != id);     \
      |                            ^
../kernel/trace/trace_output.c:828:2: warning: converting the enum constant to a boolean [-Wint-in-bool-context]
../kernel/trace/trace.h:340:3: note: expanded from macro 'trace_assign_type'
  340 |                 IF_ASSIGN(var, ent, struct  CC      drivers/hid/hid-microsoft.o
 ftrace_graph_ret_entry,      \
      |                 ^
../kernel/trace/trace.h:303:14: note: expanded from macro 'IF_ASSIGN'
  303 |                 WARN_ON(id && (entry)->type != id);     \
      |                            ^
../kernel/trace/trace_output.c:842:2: warning: converting the enum constant to a boolean [-Wint-in-bool-context]
  842 |         trace_assign_type(field, iter->ent);
      |         ^
../kernel/trace/trace.h:327:3: note: expanded from macro 'trace_assign_type'
  327 |                 IF_ASSIGN(var, ent, struct stack_entry, TRACE_STACK);   \
      |                 ^
../kernel/trace/trace.h:303:14: note: expanded from macro 'IF_ASSIGN'
  303 |                 WARN_ON(id && (entry)->type != id);     \
      |                            ^
../kernel/trace/trace_output.c:842:2: warning: converting the enum constant to a boolean [-Wint-in-bool-context]
../kernel/trace/trace.h:328:3: note: expanded from macro 'trace_assign_type'
  328 |                 IF_ASSIGN(var, ent, struct userstack_entry, TRACE_USER_STACK);\
      |                 ^
../kernel/trace/trace.h:303:14: note: expanded from macro 'IF_ASSIGN'
  303 |                 WARN_ON(id && (entry)->type != id);     \
      |                            ^
../kernel/trace/trace_output.c:842:2: warning: converting the enum constant to a boolean [-Wint-in-bool-context]
../kernel/trace/trace.h:329:3: note: expanded from macro 'trace_assign_type'
  329 |                 IF_ASSIGN(var, ent, struct print_entry, TRACE_PRINT);   \
      |                 ^
../kernel/trace/trace.h:303:14: note: expanded from macro 'IF_ASSIGN'
  303 |                 WARN_ON(id && (entry)->type != id);     \
      |                            ^
../kernel/trace/trace_output.c:842:2: warning: converting the enum constant to a boolean [-Wint-in-bool-context]
../kernel/trace/trace.h:330:3: note: expanded from macro 'trace_assign_type'
  330 |                 IF_ASSIGN(var, ent, struct bprint_entry, TRACE_BPRINT); \
      |                 ^
../kernel/trace/trace.h:303:14: note: expanded from macro 'IF_ASSIGN'
  303 |                 WARN_ON(id && (entry)->type != id);     \
      |                            ^
../kernel/trace/trace_output.c:842:2: warning: converting the enum constant to a boolean [-Wint-in-bool-context]
../kernel/trace/trace.h:331:3: note: expanded from macro 'trace_assign_type'
  331 |                 IF_ASSIGN(var, ent, struct bputs_entry, TRACE_BPUTS);   \
      |                 ^
../kernel/trace/trace.h:303:14: note: expanded from macro 'IF_ASSIGN'
  303 |                 WARN_ON(id && (entry)->type != id);     \
      |                            ^
../kernel/trace/trace_output.c:842:2: warning: converting the enum constant to a boolean [-Wint-in-bool-context]
../kernel/trace/trace.h:332:3: note: expanded from macro 'trace_assign_type'
  332 |                 IF_ASSIGN(var, ent, struct hwlat_entry, TRACE_HWLAT);   \
      |                 ^
../kernel/trace/trace.h:303:14: note: expanded from macro 'IF_ASSIGN'
  303 |                 WARN_ON(id && (entry)->type != id);     \
      |                            ^
../kernel/trace/trace_output.c:842:2: warning: converting the enum constant to a boolean [-Wint-in-bool-context]
../kernel/trace/trace.h:333:3: note: expanded from macro 'trace_assign_type'
  333 |                 IF_ASSIGN(var, ent, struct trace_mmiotrace_rw,          \
      |                 ^
../kernel/trace/trace.h:303:14: note: expanded from macro 'IF_ASSIGN'
  303 |                 WARN_ON(id && (entry)->type != id);     \
      |                            ^
../kernel/trace/trace_output.c:842:2: warning: converting the enum constant to a boolean [-Wint-in-bool-context]
../kernel/trace/trace.h:335:3: note: expanded from macro 'trace_assign_type'
  335 |                 IF_ASSIGN(var, ent, struct trace_mmiotrace_map,         \
      |                 ^
../kernel/trace/trace.h:303:14: note: expanded from macro 'IF_ASSIGN'
  303 |                 WARN_ON(id && (entry)->type != id);     \
      |                            ^
../kernel/trace/trace_output.c:842:2: warning: converting the enum constant to a boolean [-Wint-in-bool-context]
../kernel/trace/trace.h:337:3: note: expanded from macro 'trace_assign_type'
  337 |                 IF_ASSIGN(var, ent, struct trace_branch, TRACE_BRANCH); \
      |                 ^
../kernel/trace/trace.h:303:14: note: expanded from macro 'IF_ASSIGN'
  303 |                 WARN_ON(id && (entry)->type != id);     \
      |                            ^
../kernel/trace/trace_output.c:842:2: warning: converting the enum constant to a boolean [-Wint-in-bool-context]
../kernel/trace/trace.h:338:3: note: expanded from macro 'trace_assign_type'
  338 |                 IF_ASSIGN(var, ent, struct ftrace_graph_ent_entry,      \
      |                 ^
../kernel/trace/trace.h:303:14: note: expanded from macro 'IF_ASSIGN'
  303 |                 WARN_ON(id && (entry)->type != id);     \
      |                            ^
../kernel/trace/trace_output.c:842:2: warning: converting the enum constant to a boolean [-Wint-in-bool-context]
../kernel/trace/trace.h:340:3: note: expanded from macro 'trace_assign_type'
  340 |                 IF_ASSIGN(var, ent, struct ftrace_graph_ret_entry,      \
      |                 ^
../kernel/trace/trace.h:303:14: note: expanded from macro 'IF_ASSIGN'
  303 |                 WARN_ON(id && (entry)->type != id);     \
      |                            ^
../kernel/trace/trace_output.c:869:2: warning: converting the enum constant to a boolean [-Wint-in-bool-context]
  869 |         trace_assign_type(field, iter->ent);
      |         ^
../kernel/trace/trace.h:327:3: note: expanded from macro 'trace_assign_type'
  327 |                 IF_ASSIGN(var, ent, struct stack_entry, TRACE_STACK);   \
      |                 ^
../kernel/trace/trace.h:303:14: note: expanded from macro 'IF_ASSIGN'
  303 |                 WARN_ON(id && (entry)->type != id);     \
      |                            ^
../kernel/trace/trace_output.c:869:2: warning: converting the enum constant to a boolean [-Wint-in-bool-context]
../kernel/trace/trace.h:328:3: note: expanded from macro 'trace_assign_type'
  328 |                 IF_ASSIGN(var, ent, struct userstack_entry, TRACE_USER_STACK);\
      |                 ^
../kernel/trace/trace.h:303:14: note: expanded from macro 'IF_ASSIGN'
  303 |                 WARN_ON(id && (entry)->type != id);     \
      |                            ^
../kernel/trace/trace_output.c:869:2: warning: converting the enum constant to a boolean [-Wint-in-bool-context]
../kernel/trace/trace.h:329:3: note: expanded from macro 'trace_assign_type'
  329 |                 IF_ASSIGN(var, ent, struct print_entry, TRACE_PRINT);   \
      |                 ^
../kernel/trace/trace.h:303:14: note: expanded from macro 'IF_ASSIGN'
  303 |                 WARN_ON(id && (entry)->type != id);     \
      |                            ^
../kernel/trace/trace_output.c:869:2: warning: converting the enum constant to a boolean [-Wint-in-bool-context]
../kernel/trace/trace.h:330:3: note: expanded from macro 'trace_assign_type'
  330 |                 IF_ASSIGN(var, ent, struct bprint_entry, TRACE_BPRINT); \
      |                 ^
../kernel/trace/trace.h:303:14: note: expanded from macro 'IF_ASSIGN'
  303 |                 WARN_ON(id && (entry)->type != id);     \
      |                            ^
../kernel/trace/trace_output.c:869:2: warning: converting the enum constant to a boolean [-Wint-in-bool-context]
../kernel/trace/trace.h:331:3: note: expanded from macro 'trace_assign_type'
  331 |                 IF_ASSIGN(var, ent, struct bputs_entry, TRACE_BPUTS);   \
      |                 ^
../kernel/trace/trace.h:303:14: note: expanded from macro 'IF_ASSIGN'
  303 |                 WARN_ON(id && (entry)->type != id);     \
      |                            ^
../kernel/trace/trace_output.c:869:2: warning: converting the enum constant to a boolean [-Wint-in-bool-context]
../kernel/trace/trace.h:332:3: note: expanded from macro 'trace_assign_type'
  332 |                 IF_ASSIGN(var, ent, struct hwlat_entry, TRACE_HWLAT);   \
      |                 ^
../kernel/trace/trace.h:303:14: note: expanded from macro 'IF_ASSIGN'
  303 |                 WARN_ON(id && (entry)->type != id);     \
      |                            ^
../kernel/trace/trace_output.c:869:2: warning: converting the enum constant to a boolean [-Wint-in-bool-context]
../kernel/trace/trace.h:333:3: note: expanded from macro 'trace_assign_type'
  333 |                 IF_ASSIGN(var, ent, struct trace_mmiotrace_rw,          \
      |                 ^
../kernel/trace/trace.h:303:14: note: expanded from macro 'IF_ASSIGN'
  303 |                 WARN_ON(id && (entry)->type != id);     \
      |                            ^
../kernel/trace/trace_output.c:869:2: warning: converting the enum constant to a boolean [-Wint-in-bool-context]
../kernel/trace/trace.h:335:3: note: expanded from macro 'trace_assign_type'
  335 |                 IF_ASSIGN(var, ent, struct trace_mmiotrace_map,         \
      |                 ^
../kernel/trace/trace.h:303:14: note: expanded from macro 'IF_ASSIGN'
  303 |                 WARN_ON(id && (entry)->type != id);     \
      |                            ^
../kernel/trace/trace_output.c:869:2: warning: converting the enum constant to a boolean [-Wint-in-bool-context]
../kernel/trace/trace.h:337:3: note: expanded from macro 'trace_assign_type'
  337 |                 IF_ASSIGN(var, ent, struct trace_branch, TRACE_BRANCH); \
      |                 ^
../kernel/trace/trace.h:303:14: note: expanded from macro 'IF_ASSIGN'
  303 |                 WARN_ON(id && (entry)->type != id);     \
      |                            ^
../kernel/trace/trace_output.c:869:2: warning: converting the enum constant to a boolean [-Wint-in-bool-context]
../kernel/trace/trace.h:338:3: note: expanded from macro 'trace_assign_type'
  338 |                 IF_ASSIGN(var, ent, struct ftrace_graph_ent_entry,      \
      |                 ^
../kernel/trace/trace.h:303:14: note: expanded from macro 'IF_ASSIGN'
  303 |                 WARN_ON(id && (entry)->type != id);     \
      |                            ^
../kernel/trace/trace_output.c:869:2: warning: converting the enum constant to a boolean [-Wint-in-bool-context]
../kernel/trace/trace.h:340:3: note: expanded from macro 'trace_assign_type'
  340 |                 IF_ASSIGN(var, ent, struct ftrace_graph_ret_entry,      \
      |                 ^
../kernel/trace/trace.h:303:14: note: expanded from macro 'IF_ASSIGN'
  303 |                 WARN_ON(id && (entry)->type != id);     \
      |                            ^
../kernel/trace/trace_output.c:890:2: warning: converting the enum constant to a boolean [-Wint-in-bool-context]
  890 |         trace_assign_type(field, iter->ent);
      |         ^
../kernel/trace/trace.h:327:3: note: expanded from macro 'trace_assign_type'
  327 |                 IF_ASSIGN(var, ent, struct stack_entry, TRACE_STACK);   \
      |                 ^
../kernel/trace/trace.h:303:14: note: expanded from macro 'IF_ASSIGN'
  303 |                 WARN_ON(id && (entry)->type != id);     \
      |                            ^
../kernel/trace/trace_output.c:890:2: warning: converting the enum constant to a boolean [-Wint-in-bool-context]
../kernel/trace/trace.h:328:3: note: expanded from macro 'trace_assign_type'
  328 |                 IF_ASSIGN(var, ent, struct userstack_entry, TRACE_USER_STACK);\
      |                 ^
../kernel/trace/trace.h:303:14: note: expanded from macro 'IF_ASSIGN'
  303 |                 WARN_ON(id && (entry)->type != id);     \
      |                            ^
../kernel/trace/trace_output.c:890:2: warning: converting the enum constant to a boolean [-Wint-in-bool-context]
../kernel/trace/trace.h:329:3: note: expanded from macro 'trace_assign_type'
  329 |                 IF_ASSIGN(var, ent, struct print_entry, TRACE_PRINT);   \
      |                 ^
../kernel/trace/trace.h:303:14: note: expanded from macro 'IF_ASSIGN'
  303 |                 WARN_ON(id && (entry)->type != id);     \
      |                            ^
../kernel/trace/trace_output.c:890:2: warning: converting the enum constant to a boolean [-Wint-in-bool-context]
../kernel/trace/trace.h:330:3: note: expanded from macro 'trace_assign_type'
  330 |                 IF_ASSIGN(var, ent, struct bprint_entry, TRACE_BPRINT); \
      |                 ^
../kernel/trace/trace.h:303:14: note: expanded from macro 'IF_ASSIGN'
  303 |                 WARN_ON(id && (entry)->type != id);     \
      |                            ^
../kernel/trace/trace_output.c:890:2: warning: converting the enum constant to a boolean [-Wint-in-bool-context]
../kernel/trace/trace.h:331:3: note: expanded from macro 'trace_assign_type'
  331 |                 IF_ASSIGN(var, ent, struct bputs_entry, TRACE_BPUTS);   \
      |                 ^
../kernel/trace/trace.h:303:14: note: expanded from macro 'IF_ASSIGN'
  303 |                 WARN_ON(id && (entry)->type != id);     \
      |                            ^
../kernel/trace/trace_output.c:890:2: warning: converting the enum constant to a boolean [-Wint-in-bool-context]
../kernel/trace/trace.h:332:3: note: expanded from macro 'trace_assign_type'
  332 |                 IF_ASSIGN(var, ent, struct hwlat_entry, TRACE_HWLAT);   \
      |                 ^
../kernel/trace/trace.h:303:14: note: expanded from macro 'IF_ASSIGN'
  303 |                 WARN_ON(id && (entry)->type != id);     \
      |                            ^
../kernel/trace/trace_output.c:890:2: warning: converting the enum constant to a boolean [-Wint-in-bool-context]
../kernel/trace/trace.h:333:3: note: expanded from macro 'trace_assign_type'
  333 |                 IF_ASSIGN(var, ent, struct trace_mmiotrace_rw,          \
      |                 ^
../kernel/trace/trace.h:303:14: note: expanded from macro 'IF_ASSIGN'
  303 |                 WARN_ON(id && (entry)->type != id);     \
      |                            ^
../kernel/trace/trace_output.c:890:2: warning: converting the enum constant to a boolean [-Wint-in-bool-context]
../kernel/trace/trace.h:335:3: note: expanded from macro 'trace_assign_type'
  335 |                 IF_ASSIGN(var, ent, struct trace_mmiotrace_map,         \
      |                 ^
../kernel/trace/trace.h:303:14: note: expanded from macro 'IF_ASSIGN'
  303 |                 WARN_ON(id && (entry)->type != id);     \
      |                            ^
../kernel/trace/trace_output.c:890:2: warning: converting the enum constant to a boolean [-Wint-in-bool-context]
../kernel/trace/trace.h:337:3: note: expanded from macro 'trace_assign_type'
  337 |                 IF_ASSIGN(var, ent, struct trace_branch, TRACE_BRANCH); \
      |                 ^
../kernel/trace/trace.h:303:14: note: expanded from macro 'IF_ASSIGN'
  303 |                 WARN_ON(id && (entry)->type != id);     \
      |                            ^
../kernel/trace/trace_output.c:890:2: warning: converting the enum constant to a boolean [-Wint-in-bool-context]
../kernel/trace/trace.h:338:3: note: expanded from macro 'trace_assign_type'
  338 |                 IF_ASSIGN(var, ent, struct ftrace_graph_ent_entry,      \
      |                 ^
../kernel/trace/trace.h:303:14: note: expanded from macro 'IF_ASSIGN'
  303 |                 WARN_ON(id && (entry)->type != id);     \
      |                            ^
../kernel/trace/trace_output.c:890:2: warning: converting the enum constant to a boolean [-Wint-in-bool-context]
../kernel/trace/trace.h:340:3: note: expanded from macro 'trace_assign_type'
  340 |                 IF_ASSIGN(var, ent, struct ftrace_graph_ret_entry,      \
      |                 ^
../kernel/trace/trace.h:303:14: note: expanded from macro 'IF_ASSIGN'
  303 |                 WARN_ON(id && (entry)->type != id);     \
      |                            ^
../kernel/trace/trace_output.c:907:2: warning: converting the enum constant to a boolean [-Wint-in-bool-context]
  907 |         trace_assign_type(field, iter->ent);
      |         ^
../kernel/trace/trace.h:327:3: note: expanded from macro 'trace_assign_type'
  327 |                 IF_ASSIGN(var, ent, struct stack_entry, TRACE_STACK);   \
      |                 ^
../kernel/trace/trace.h:303:14: note: expanded from macro 'IF_ASSIGN'
  303 |                 WARN_ON(id && (entry)->type != id);     \
      |                            ^
../kernel/trace/trace_output.c:907:2: warning: converting the enum constant to a boolean [-Wint-in-bool-context]
../kernel/trace/trace.h:328:3: note: expanded from macro 'trace_assign_type'
  328 |                 IF_ASSIGN(var, ent, struct userstack_entry, TRACE_USER_STACK);\
      |                 ^
../kernel/trace/trace.h:303:14: note: expanded from macro 'IF_ASSIGN'
  303 |                 WARN_ON(id && (entry)->type != id);     \
      |                            ^
../kernel/trace/trace_output.c:907:2: warning: converting the enum constant to a boolean [-Wint-in-bool-context]
../kernel/trace/trace.h:329:3: note: expanded from macro 'trace_assign_type'
  329 |                 IF_ASSIGN(var, ent, struct print_entry, TRACE_PRINT);   \
      |                 ^
../kernel/trace/trace.h:303:14: note: expanded from macro 'IF_ASSIGN'
  303 |                 WARN_ON(id && (entry)->type != id);     \
      |                            ^
../kernel/trace/trace_output.c:907:2: warning: converting the enum constant to a boolean [-Wint-in-bool-context]
../kernel/trace/trace.h:330:3: note: expanded from macro 'trace_assign_type'
  330 |                 IF_ASSIGN(var, ent, struct bprint_entry, TRACE_BPRINT); \
      |                 ^
../kernel/trace/trace.h:303:14: note: expanded from macro 'IF_ASSIGN'
  303 |                 WARN_ON(id && (entry)->type != id);     \
      |                            ^
../kernel/trace/trace_output.c:907:2: warning: converting the enum constant to a boolean [-Wint-in-bool-context]
../kernel/trace/trace.h:331:3: note: expanded from macro 'trace_assign_type'
  331 |                 IF_ASSIGN(var, ent, struct bputs_entry, TRACE_BPUTS);   \
      |                 ^
../kernel/trace/trace.h:303:14: note: expanded from macro 'IF_ASSIGN'
  303 |                 WARN_ON(id && (entry)->type != id);     \
      |                            ^
../kernel/trace/trace_output.c:907:2: warning: converting the enum constant to a boolean [-Wint-in-bool-context]
../kernel/trace/trace.h:332:3: note: expanded from macro 'trace_assign_type'
  332 |                 IF_ASSIGN(var, ent, struct hwlat_entry, TRACE_HWLAT);   \
      |                 ^
../kernel/trace/trace.h:303:14: note: expanded from macro 'IF_ASSIGN'
  303 |                 WARN_ON(id && (entry)->type != id);     \
      |                            ^
../kernel/trace/trace_output.c:907:2: warning: converting the enum constant to a boolean [-Wint-in-bool-context]
../kernel/trace/trace.h:333:3: note: expanded from macro 'trace_assign_type'
  333 |                 IF_ASSIGN(var, ent, struct trace_mmiotrace_rw,          \
      |                 ^
../kernel/trace/trace.h:303:14: note: expanded from macro 'IF_ASSIGN'
  303 |                 WARN_ON(id && (entry)->type != id);     \
      |                            ^
../kernel/trace/trace_output.c:907:2: warning: converting the enum constant to a boolean [-Wint-in-bool-context]
../kernel/trace/trace.h:335:3: note: expanded from macro 'trace_assign_type'
  335 |                 IF_ASSIGN(var, ent, struct trace_mmiotrace_map,         \
      |                 ^
../kernel/trace/trace.h:303:14: note: expanded from macro 'IF_ASSIGN'
  303 |                 WARN_ON(id && (entry)->type != id);     \
      |                            ^
../kernel/trace/trace_output.c:907:2: warning: converting the enum constant to a boolean [-Wint-in-bool-context]
../kernel/trace/trace.h:337:3: note: expanded from macro 'trace_assign_type'
  337 |                 IF_ASSIGN(var, ent, struct trace_branch, TRACE_BRANCH); \
      |                 ^
../kernel/trace/trace.h:303:14: note: expanded from macro 'IF_ASSIGN'
  303 |                 WARN_ON(id && (entry)->type != id);     \
      |                            ^
../kernel/trace/trace_output.c:907:2: warning: converting the enum constant to a boolean [-Wint-in-bool-context]
../kernel/trace/trace.h:338:3: note: expanded from macro 'trace_assign_type'
  338 |                 IF_ASSIGN(var, ent, struct ftrace_graph_ent_entry,      \
      |                 ^
../kernel/trace/trace.h:303:14: note: expanded from macro 'IF_ASSIGN'
  303 |                 WARN_ON(id && (entry)->type != id);     \
      |                            ^
../kernel/trace/trace_output.c:907:2: warning: converting the enum constant to a boolean [-Wint-in-bool-context]
../kernel/trace/trace.h:340:3: note: expanded from macro 'trace_assign_type'
  340 |                 IF_ASSIGN(var, ent, struct ftrace_graph_ret_entry,      \
      |                 ^
../kernel/trace/trace.h:303:14: note: expanded from macro 'IF_ASSIGN'
  303 |                 WARN_ON(id && (entry)->type != id);     \
      |                            ^
../kernel/trace/trace_output.c:921:2: warning: converting the enum constant to a boolean [-Wint-in-bool-context]
  921 |         trace_assign_type(field, iter->ent);
      |         ^
../kernel/trace/trace.h:327:3: note: expanded from macro 'trace_assign_type'
  327 |                 IF_ASSIGN(var, ent, struct stack_entry, TRACE_STACK);   \
      |                 ^
../kernel/trace/trace.h:303:14: note: expanded from macro 'IF_ASSIGN'
  303 |                 WARN_ON(id && (entry)->type != id);     \
      |                            ^
../kernel/trace/trace_output.c:921:2: warning: converting the enum constant to a boolean [-Wint-in-bool-context]
../kernel/trace/trace.h:328:3: note: expanded from macro 'trace_assign_type'
  328 |                 IF_ASSIGN(var, ent, struct userstack_entry, TRACE_USER_STACK);\
      |                 ^
../kernel/trace/trace.h:303:14: note: expanded from macro 'IF_ASSIGN'
  303 |                 WARN_ON(id && (entry)->type != id);     \
      |                            ^
../kernel/trace/trace_output.c:921:2: warning: converting the enum constant to a boolean [-Wint-in-bool-context]
../kernel/trace/trace.h:329:3: note: expanded from macro 'trace_assign_type'
  329 |                 IF_ASSIGN(var, ent, struct print_entry, TRACE_PRINT);   \
      |                 ^
../kernel/trace/trace.h:303:14: note: expanded from macro 'IF_ASSIGN'
  303 |                 WARN_ON(id && (entry)->type != id);     \
      |                            ^
../kernel/trace/trace_output.c:921:2: warning: converting the enum constant to a boolean [-Wint-in-bool-context]
../kernel/trace/trace.h:330:3: note: expanded from macro 'trace_assign_type'
  330 |                 IF_ASSIGN(var, ent, struct bprint_entry, TRACE_BPRINT); \
      |                 ^
../kernel/trace/trace.h:303:14: note: expanded from macro 'IF_ASSIGN'
  303 |                 WARN_ON(id && (entry)->type != id);     \
      |                            ^
../kernel/trace/trace_output.c:921:2: warning: converting the enum constant to a boolean [-Wint-in-bool-context]
../kernel/trace/trace.h:331:3: note: expanded from macro 'trace_assign_type'
  331 |                 IF_ASSIGN(var, ent, struct bputs_entry, TRACE_BPUTS);   \
      |                 ^
../kernel/trace/trace.h:303:14: note: expanded from macro 'IF_ASSIGN'
  303 |                 WARN_ON(id && (entry)->type != id);     \
      |                            ^
  CC      net/netlabel/netlabel_domainhash.o
../kernel/trace/trace_output.c:921:2: warning: converting the enum constant to a boolean [-Wint-in-bool-context]
../kernel/trace/trace.h:332:3: note: expanded from macro 'trace_assign_type'
  332 |                 IF_ASSIGN(var, ent, struct hwlat_entry, TRACE_HWLAT);   \
      |                 ^
../kernel/trace/trace.h:303:14: note: expanded from macro 'IF_ASSIGN'
  303 |                 WARN_ON(id && (entry)->type != id);     \
      |                            ^
../kernel/trace/trace_output.c:921:2: warning: converting the enum constant to a boolean [-Wint-in-bool-context]
../kernel/trace/trace.h:333:3: note: expanded from macro 'trace_assign_type'
  333 |                 IF_ASSIGN(var, ent, struct trace_mmiotrace_rw,          \
      |                 ^
../kernel/trace/trace.h:303:14: note: expanded from macro 'IF_ASSIGN'
  303 |                 WARN_ON(id && (entry)->type != id);     \
      |                            ^
../kernel/trace/trace_output.c:921:2: warning: converting the enum constant to a boolean [-Wint-in-bool-context]
../kernel/trace/trace.h:335:3: note: expanded from macro 'trace_assign_type'
  335 |                 IF_ASSIGN(var, ent, struct trace_mmiotrace_map,         \
      |                 ^
../kernel/trace/trace.h:303:14: note: expanded from macro 'IF_ASSIGN'
  303 |                 WARN_ON(id && (entry)->type != id);     \
      |                            ^
../kernel/trace/trace_output.c:921:2: warning: converting the enum constant to a boolean [-Wint-in-bool-context]
../kernel/trace/trace.h:337:3: note: expanded from macro 'trace_assign_type'
  337 |                 IF_ASSIGN(var, ent, struct trace_branch, TRACE_BRANCH); \
      |                 ^
../kernel/trace/trace.h:303:14: note: expanded from macro 'IF_ASSIGN'
  303 |                 WARN_ON(id && (entry)->type != id);     \
      |                            ^
../kernel/trace/trace_output.c:921:2: warning: converting the enum constant to a boolean [-Wint-in-bool-context]
../kernel/trace/trace.h:338:3: note: expanded from macro 'trace_assign_type'
  338 |                 IF_ASSIGN(var, ent, struct ftrace_graph_ent_entry,      \
      |                 ^
../kernel/trace/trace.h:303:14: note: expanded from macro 'IF_ASSIGN'
  303 |                 WARN_ON(id && (entry)->type != id);     \
      |                            ^
../kernel/trace/trace_output.c:921:2: warning: converting the enum constant to a boolean [-Wint-in-bool-context]
../kernel/trace/trace.h:340:3: note: expanded from macro 'trace_assign_type'
  340 |                 IF_ASSIGN(var, ent, struct ftrace_graph_ret_entry,      \
      |                 ^
../kernel/trace/trace.h:303:14: note: expanded from macro 'IF_ASSIGN'
  303 |                 WARN_ON(id && (entry)->type != id);     \
      |                            ^
../kernel/trace/trace_output.c:949:2: warning: converting the enum constant to a boolean [-Wint-in-bool-context]
  949 |         trace_assign_type(field, entry);
      |         ^
../kernel/trace/trace.h:327:3: note: expanded from macro 'trace_assign_type'
  327 |                 IF_ASSIGN(var, ent, struct stack_entry, TRACE_STACK);   \
      |                 ^
../kernel/trace/trace.h:303:14: note: expanded from macro 'IF_ASSIGN'
  303 |                 WARN_ON(id && (entry)->type != id);     \
      |                            ^
../kernel/trace/trace_output.c:949:2: warning: converting the enum constant to a boolean [-Wint-in-bool-context]
../kernel/trace/trace.h:328:3: note: expanded from macro 'trace_assign_type'
  328 |                 IF_ASSIGN(var, ent, struct userstack_entry, TRACE_USER_STACK);\
      |                 ^
../kernel/trace/trace.h:303:14: note: expanded from macro 'IF_ASSIGN'
  303 |                 WARN_ON(id && (entry)->type != id);     \
      |                            ^
../kernel/trace/trace_output.c:949:2: warning: converting the enum constant to a boolean [-Wint-in-bool-context]
../kernel/trace/trace.h:329:3: note: expanded from macro 'trace_assign_type'
  329 |                 IF_ASSIGN(var, ent, struct print_entry, TRACE_PRINT);   \
      |                 ^
../kernel/trace/trace.h:303:14: note: expanded from macro 'IF_ASSIGN'
  303 |                 WARN_ON(id && (entry)->type != id);     \
      |                            ^
../kernel/trace/trace_output.c:949:2: warning: converting the enum constant to a boolean [-Wint-in-bool-context]
../kernel/trace/trace.h:330:3: note: expanded from macro 'trace_assign_type'
  330 |                 IF_ASSIGN(var, ent, struct bprint_entry, TRACE_BPRINT); \
      |                 ^
../kernel/trace/trace.h:303:14: note: expanded from macro 'IF_ASSIGN'
  303 |                 WARN_ON(id && (entry)->type != id);     \
      |                            ^
../kernel/trace/trace_output.c:949:2: warning: converting the enum constant to a boolean [-Wint-in-bool-context]
../kernel/trace/trace.h:331:3: note: expanded from macro 'trace_assign_type'
  331 |                 IF_ASSIGN(var, ent, struct bputs_entry, TRACE_BPUTS);   \
      |                 ^
../kernel/trace/trace.h:303:14: note: expanded from macro 'IF_ASSIGN'
  303 |                 WARN_ON(id && (entry)->type != id);     \
      |                            ^
../kernel/trace/trace_output.c:949:2: warning: converting the enum constant to a boolean [-Wint-in-bool-context]
../kernel/trace/trace.h:332:3: note: expanded from macro 'trace_assign_type'
  332 |                 IF_ASSIGN(var, ent, struct hwlat_entry, TRACE_HWLAT);   \
      |                 ^
../kernel/trace/trace.h:303:14: note: expanded from macro 'IF_ASSIGN'
  303 |                 WARN_ON(id && (entry)->type != id);     \
      |                            ^
../kernel/trace/trace_output.c:949:2: warning: converting the enum constant to a boolean [-Wint-in-bool-context]
../kernel/trace/trace.h:333:3: note: expanded from macro 'trace_assign_type'
  333 |                 IF_ASSIGN(var, ent, struct trace_mmiotrace_rw,          \
      |                 ^
../kernel/trace/trace.h:303:14: note: expanded from macro 'IF_ASSIGN'
  303 |                 WARN_ON(id && (entry)->type != id);     \
      |                            ^
../kernel/trace/trace_output.c:949:2: warning: converting the enum constant to a boolean [-Wint-in-bool-context]
../kernel/trace/trace.h:335:3: note: expanded from macro 'trace_assign_type'
  335 |                 IF_ASSIGN(var, ent, struct trace_mmiotrace_map,         \
      |                 ^
../kernel/trace/trace.h:303:14: note: expanded from macro 'IF_ASSIGN'
  303 |                 WARN_ON(id && (entry)->type != id);     \
      |                            ^
../kernel/trace/trace_output.c:949:2: warning: converting the enum constant to a boolean [-Wint-in-bool-context]
../kernel/trace/trace.h:337:3: note: expanded from macro 'trace_assign_type'
  337 |                 IF_ASSIGN(var, ent, struct trace_branch, TRACE_BRANCH); \
      |                 ^
../kernel/trace/trace.h:303:14: note: expanded from macro 'IF_ASSIGN'
  303 |                 WARN_ON(id && (entry)->type != id);     \
      |                            ^
../kernel/trace/trace_output.c:949:2: warning: converting the enum constant to a boolean [-Wint-in-bool-context]
../kernel/trace/trace.h:338:3: note: expanded from macro 'trace_assign_type'
  338 |                 IF_ASSIGN(var, ent, struct ftrace_graph_ent_entry,      \
      |                 ^
../kernel/trace/trace.h:303:14: note: expanded from macro 'IF_ASSIGN'
  303 |                 WARN_ON(id && (entry)->type != id);     \
      |                            ^
../kernel/trace/trace_output.c:949:2: warning: converting the enum constant to a boolean [-Wint-in-bool-context]
../kernel/trace/trace.h:340:3: note: expanded from macro 'trace_assign_type'
  340 |                 IF_ASSIGN(var, ent, struct ftrace_graph_ret_entry,      \
      |                 ^
../kernel/trace/trace.h:303:14: note: expanded from macro 'IF_ASSIGN'
  303 |                 WARN_ON(id && (entry)->type != id);     \
      |                            ^
../kernel/trace/trace_output.c:970:2: warning: converting the enum constant to a boolean [-Wint-in-bool-context]
  970 |         trace_assign_type(field, iter->ent);
      |         ^
../kernel/trace/trace.h:327:3: note: expanded from macro 'trace_assign_type'
  327 |                 IF_ASSIGN(var, ent, struct stack_entry, TRACE_STACK);   \
      |                 ^
../kernel/trace/trace.h:303:14: note: expanded from macro 'IF_ASSIGN'
  303 |                 WARN_ON(id && (entry)->type != id);     \
      |                            ^
../kernel/trace/trace_output.c:970:2: warning: converting the enum constant to a boolean [-Wint-in-bool-context]
../kernel/trace/trace.h:328:3: note: expanded from macro 'trace_assign_type'
  328 |                 IF_ASSIGN(var, ent, struct userstack_entry, TRACE_USER_STACK);\
      |                 ^
../kernel/trace/trace.h:303:14: note: expanded from macro 'IF_ASSIGN'
  303 |                 WARN_ON(id && (entry)->type != id);     \
      |                            ^
../kernel/trace/trace_output.c:970:2: warning: converting the enum constant to a boolean [-Wint-in-bool-context]
../kernel/trace/trace.h:329:3: note: expanded from macro 'trace_assign_type'
  329 |                 IF_ASSIGN(var, ent, struct print_entry, TRACE_PRINT);   \
      |                 ^
../kernel/trace/trace.h:303:14: note: expanded from macro 'IF_ASSIGN'
  303 |                 WARN_ON(id && (entry)->type != id);     \
      |                            ^
../kernel/trace/trace_output.c:970:2: warning: converting the enum constant to a boolean [-Wint-in-bool-context]
../kernel/trace/trace.h:330:3: note: expanded from macro 'trace_assign_type'
  330 |                 IF_ASSIGN(var, ent, struct bprint_entry, TRACE_BPRINT); \
      |                 ^
../kernel/trace/trace.h:303:14: note: expanded from macro 'IF_ASSIGN'
  303 |                 WARN_ON(id && (entry)->type != id);     \
      |                            ^
../kernel/trace/trace_output.c:970:2: warning: converting the enum constant to a boolean [-Wint-in-bool-context]
../kernel/trace/trace.h:331:3: note: expanded from macro 'trace_assign_type'
  331 |                 IF_ASSIGN(var, ent, struct bputs_entry, TRACE_BPUTS);   \
      |                 ^
../kernel/trace/trace.h:303:14: note: expanded from macro 'IF_ASSIGN'
  303 |                 WARN_ON(id && (entry)->type != id);     \
      |                            ^
../kernel/trace/trace_output.c:970:2: warning: converting the enum constant to a boolean [-Wint-in-bool-context]
../kernel/trace/trace.h:332:3: note: expanded from macro 'trace_assign_type'
  332 |                 IF_ASSIGN(var, ent, struct hwlat_entry, TRACE_HWLAT);   \
      |                 ^
../kernel/trace/trace.h:303:14: note: expanded from macro 'IF_ASSIGN'
  303 |                 WARN_ON(id && (entry)->type != id);     \
      |                            ^
../kernel/trace/trace_output.c:970:2: warning: converting the enum constant to a boolean [-Wint-in-bool-context]
../kernel/trace/trace.h:333:3: note: expanded from macro 'trace_assign_type'
  333 |                 IF_ASSIGN(var, ent, struct trace_mmiotrace_rw,          \
      |                 ^
../kernel/trace/trace.h:303:14: note: expanded from macro 'IF_ASSIGN'
  303 |                 WARN_ON(id && (entry)->type != id);     \
      |                            ^
../kernel/trace/trace_output.c:970:2: warning: converting the enum constant to a boolean [-Wint-in-bool-context]
../kernel/trace/trace.h:335:3: note: expanded from macro 'trace_assign_type'
  335 |                 IF_ASSIGN(var, ent, struct trace_mmiotrace_map,         \
      |                 ^
../kernel/trace/trace.h:303:14: note: expanded from macro 'IF_ASSIGN'
  303 |                 WARN_ON(id && (entry)->type != id);     \
      |                            ^
../kernel/trace/trace_output.c:970:2: warning: converting the enum constant to a boolean [-Wint-in-bool-context]
../kernel/trace/trace.h:337:3: note: expanded from macro 'trace_assign_type'
  337 |                 IF_ASSIGN(var, ent, struct trace_branch, TRACE_BRANCH); \
      |                 ^
../kernel/trace/trace.h:303:14: note: expanded from macro 'IF_ASSIGN'
  303 |                 WARN_ON(id && (entry)->type != id);     \
      |                            ^
../kernel/trace/trace_output.c:970:2: warning: converting the enum constant to a boolean [-Wint-in-bool-context]
../kernel/trace/trace.h:338:3: note: expanded from macro 'trace_assign_type'
  338 |                 IF_ASSIGN(var, ent, struct ftrace_graph_ent_entry,      \
      |                 ^
../kernel/trace/trace.h:303:14: note: expanded from macro 'IF_ASSIGN'
  303 |                 WARN_ON(id && (entry)->type != id);     \
      |                            ^
../kernel/trace/trace_output.c:970:2: warning: converting the enum constant to a boolean [-Wint-in-bool-context]
../kernel/trace/trace.h:340:3: note: expanded from macro 'trace_assign_type'
  340 |                 IF_ASSIGN(var, ent, struct ftrace_graph_ret_entry,      \
      |                 ^
../kernel/trace/trace.h:303:14: note: expanded from macro 'IF_ASSIGN'
  303 |                 WARN_ON(id && (entry)->type != id);     \
      |                            ^
../kernel/trace/trace_output.c:990:2: warning: converting the enum constant to a boolean [-Wint-in-bool-context]
  990 |         trace_assign_type(field, iter->ent);
      |         ^
../kernel/trace/trace.h:327:3: note: expanded from macro 'trace_assign_type'
  327 |                 IF_ASSIGN(var, ent, struct stack_entry, TRACE_STACK);   \
      |                 ^
../kernel/trace/trace.h:303:14: note: expanded from macro 'IF_ASSIGN'
  303 |                 WARN_ON(id && (entry)->type != id);     \
      |                            ^
../kernel/trace/trace_output.c:990:2: warning: converting the enum constant to a boolean [-Wint-in-bool-context]
../kernel/trace/trace.h:328:3: note: expanded from macro 'trace_assign_type'
  328 |                 IF_ASSIGN(var, ent, struct userstack_entry, TRACE_USER_STACK);\
      |                 ^
../kernel/trace/trace.h:303:14: note: expanded from macro 'IF_ASSIGN'
  303 |                 WARN_ON(id && (entry)->type != id);     \
      |                            ^
../kernel/trace/trace_output.c:990:2: warning: converting the enum constant to a boolean [-Wint-in-bool-context]
../kernel/trace/trace.h:329:3: note: expanded from macro 'trace_assign_type'
  329 |                 IF_ASSIGN(var, ent, struct print_entry, TRACE_PRINT);   \
      |                 ^
../kernel/trace/trace.h:303:14: note: expanded from macro 'IF_ASSIGN'
  303 |                 WARN_ON(id && (entry)->type != id);     \
      |                            ^
../kernel/trace/trace_output.c:990:2: warning: converting the enum constant to a boolean [-Wint-in-bool-context]
../kernel/trace/trace.h:330:3: note: expanded from macro 'trace_assign_type'
  330 |                 IF_ASSIGN(var, ent, struct bprint_entry, TRACE_BPRINT); \
      |                 ^
../kernel/trace/trace.h:303:14: note: expanded from macro 'IF_ASSIGN'
  303 |                 WARN_ON(id && (entry)->type != id);     \
      |                            ^
../kernel/trace/trace_output.c:990:2: warning: converting the enum constant to a boolean [-Wint-in-bool-context]
../kernel/trace/trace.h:331:3: note: expanded from macro 'trace_assign_type'
  331 |                 IF_ASSIGN(var, ent, struct bputs_entry, TRACE_BPUTS);   \
      |                 ^
../kernel/trace/trace.h:303:14: note: expanded from macro 'IF_ASSIGN'
  303 |                 WARN_ON(id && (entry)->type != id);     \
      |                            ^
../kernel/trace/trace_output.c:990:2: warning: converting the enum constant to a boolean [-Wint-in-bool-context]
../kernel/trace/trace.h:332:3: note: expanded from macro 'trace_assign_type'
  332 |                 IF_ASSIGN(var, ent, struct hwlat_entry, TRACE_HWLAT);   \
      |                 ^
../kernel/trace/trace.h:303:14: note: expanded from macro 'IF_ASSIGN'
  303 |                 WARN_ON(id && (entry)->type != id);     \
      |                            ^
../kernel/trace/trace_output.c:990:2: warning: converting the enum constant to a boolean [-Wint-in-bool-context]
../kernel/trace/trace.h:333:3: note: expanded from macro 'trace_assign_type'
  333 |                 IF_ASSIGN(var, ent, struct trace_mmiotrace_rw,          \
      |                 ^
../kernel/trace/trace.h:303:14: note: expanded from macro 'IF_ASSIGN'
  303 |                 WARN_ON(id && (entry)->type != id);     \
      |                            ^
../kernel/trace/trace_output.c:990:2: warning: converting the enum constant to a boolean [-Wint-in-bool-context]
../kernel/trace/trace.h:335:3: note: expanded from macro 'trace_assign_type'
  335 |                 IF_ASSIGN(var, ent, struct trace_mmiotrace_map,         \
      |                 ^
../kernel/trace/trace.h:303:14: note: expanded from macro 'IF_ASSIGN'
  303 |                 WARN_ON(id && (entry)->type != id);     \
      |                            ^
../kernel/trace/trace_output.c:990:2: warning: converting the enum constant to a boolean [-Wint-in-bool-context]
../kernel/trace/trace.h:337:3: note: expanded from macro 'trace_assign_type'
  337 |                 IF_ASSIGN(var, ent, struct trace_branch, TRACE_BRANCH); \
      |                 ^
../kernel/trace/trace.h:303:14: note: expanded from macro 'IF_ASSIGN'
  303 |                 WARN_ON(id && (entry)->type != id);     \
      |                            ^
../kernel/trace/trace_output.c:990:2: warning: converting the enum constant to a boolean [-Wint-in-bool-context]
../kernel/trace/trace.h:338:3: note: expanded from macro 'trace_assign_type'
  338 |                 IF_ASSIGN(var, ent, struct ftrace_graph_ent_entry,      \
      |                 ^
../kernel/trace/trace.h:303:14: note: expanded from macro 'IF_ASSIGN'
  303 |                 WARN_ON(id && (entry)->type != id);     \
      |                            ^
../kernel/trace/trace_output.c:990:2: warning: converting the enum constant to a boolean [-Wint-in-bool-context]
../kernel/trace/trace.h:340:3: note: expanded from macro 'trace_assign_type'
  340 |                 IF_ASSIGN(var, ent, struct ftrace_graph_ret_entry,      \
      |                 ^
../kernel/trace/trace.h:303:14: note: expanded from macro 'IF_ASSIGN'
  303 |                 WARN_ON(id && (entry)->type != id);     \
      |                            ^
../kernel/trace/trace_output.c:1007:2: warning: converting the enum constant to a boolean [-Wint-in-bool-context]
 1007 |         trace_assign_type(field, iter->ent);
      |         ^
../kernel/trace/trace.h:327:3: note: expanded from macro 'trace_assign_type'
  327 |                 IF_ASSIGN(var, ent, struct stack_entry, TRACE_STACK);   \
      |                 ^
../kernel/trace/trace.h:303:14: note: expanded from macro 'IF_ASSIGN'
  303 |                 WARN_ON(id && (entry)->type != id);     \
      |                            ^
../kernel/trace/trace_output.c:1007:2: warning: converting the enum constant to a boolean [-Wint-in-bool-context]
../kernel/trace/trace.h:328:3: note: expanded from macro 'trace_assign_type'
  328 |                 IF_ASSIGN(var, ent, struct userstack_entry, TRACE_USER_STACK);\
      |                 ^
../kernel/trace/trace.h:303:14: note: expanded from macro 'IF_ASSIGN'
  303 |                 WARN_ON(id && (entry)->type != id);     \
      |                            ^
../kernel/trace/trace_output.c:1007:2: warning: converting the enum constant to a boolean [-Wint-in-bool-context]
../kernel/trace/trace.h:329:3: note: expanded from macro 'trace_assign_type'
  329 |                 IF_ASSIGN(var, ent, struct print_entry, TRACE_PRINT);   \
      |                 ^
../kernel/trace/trace.h:303:14: note: expanded from macro 'IF_ASSIGN'
  303 |                 WARN_ON(id && (entry)->type != id);     \
      |                            ^
../kernel/trace/trace_output.c:1007:2: warning: converting the enum constant to a boolean [-Wint-in-bool-context]
../kernel/trace/trace.h:330:3: note: expanded from macro 'trace_assign_type'
  330 |                 IF_ASSIGN(var, ent, struct bprint_entry, TRACE_BPRINT); \
      |                 ^
../kernel/trace/trace.h:303:14: note: expanded from macro 'IF_ASSIGN'
  303 |                 WARN_ON(id && (entry)->type != id);     \
      |                            ^
../kernel/trace/trace_output.c:1007:2: warning: converting the enum constant to a boolean [-Wint-in-bool-context]
../kernel/trace/trace.h:331:3: note: expanded from macro 'trace_assign_type'
  331 |                 IF_ASSIGN(var, ent, struct bputs_entry, TRACE_BPUTS);   \
      |                 ^
../kernel/trace/trace.h:303:14: note: expanded from macro 'IF_ASSIGN'
  303 |                 WARN_ON(id && (entry)->type != id);     \
      |                            ^
../kernel/trace/trace_output.c:1007:2: warning: converting the enum constant to a boolean [-Wint-in-bool-context]
../kernel/trace/trace.h:332:3: note: expanded from macro 'trace_assign_type'
  332 |                 IF_ASSIGN(var, ent, struct hwlat_entry, TRACE_HWLAT);   \
      |                 ^
../kernel/trace/trace.h:303:14: note: expanded from macro 'IF_ASSIGN'
  303 |                 WARN_ON(id && (entry)->type != id);     \
      |                            ^
../kernel/trace/trace_output.c:1007:2: warning: converting the enum constant to a boolean [-Wint-in-bool-context]
../kernel/trace/trace.h:333:3: note: expanded from macro 'trace_assign_type'
  333 |                 IF_ASSIGN(var, ent, struct trace_mmiotrace_rw,          \
      |                 ^
../kernel/trace/trace.h:303:14: note: expanded from macro 'IF_ASSIGN'
  303 |                 WARN_ON(id && (entry)->type != id);     \
      |                            ^
../kernel/trace/trace_output.c:1007:2: warning: converting the enum constant to a boolean [-Wint-in-bool-context]
../kernel/trace/trace.h:335:3: note: expanded from macro 'trace_assign_type'
  335 |                 IF_ASSIGN(var, ent, struct trace_mmiotrace_map,         \
      |                 ^
../kernel/trace/trace.h:303:14: note: expanded from macro 'IF_ASSIGN'
  303 |                 WARN_ON(id && (entry)->type != id);     \
      |                            ^
../kernel/trace/trace_output.c:1007:2: warning: converting the enum constant to a boolean [-Wint-in-bool-context]
../kernel/trace/trace.h:337:3: note: expanded from macro 'trace_assign_type'
  337 |                 IF_ASSIGN(var, ent, struct trace_branch, TRACE_BRANCH); \
      |                 ^
../kernel/trace/trace.h:303:14: note: expanded from macro 'IF_ASSIGN'
  303 |                 WARN_ON(id && (entry)->type != id);     \
      |                            ^
../kernel/trace/trace_output.c:1007:2: warning: converting the enum constant to a boolean [-Wint-in-bool-context]
../kernel/trace/trace.h:338:3: note: expanded from macro 'trace_assign_type'
  338 |                 IF_ASSIGN(var, ent, struct ftrace_graph_ent_entry,      \
      |                 ^
../kernel/trace/trace.h:303:14: note: expanded from macro 'IF_ASSIGN'
  303 |                 WARN_ON(id && (entry)->type != id);     \
      |                            ^
../kernel/trace/trace_output.c:1007:2: warning: converting the enum constant to a boolean [-Wint-in-bool-context]
../kernel/trace/trace.h:340:3: note: expanded from macro 'trace_assign_type'
  340 |                 IF_ASSIGN(var, ent, struct ftrace_graph_ret_entry,      \
      |                 ^
../kernel/trace/trace.h:303:14: note: expanded from macro 'IF_ASSIGN'
  303 |                 WARN_ON(id && (entry)->type != id);     \
      |                            ^
../kernel/trace/trace_output.c:1039:2: warning: converting the enum constant to a boolean [-Wint-in-bool-context]
 1039 |         trace_assign_type(field, iter->ent);
      |         ^
../kernel/trace/trace.h:327:3: note: expanded from macro 'trace_assign_type'
  327 |                 IF_ASSIGN(var, ent, struct stack_entry, TRACE_STACK);   \
      |                 ^
../kernel/trace/trace.h:303:14: note: expanded from macro 'IF_ASSIGN'
  303 |                 WARN_ON(id && (entry)->type != id);     \
      |                            ^
../kernel/trace/trace_output.c:1039:2: warning: converting the enum constant to a boolean [-Wint-in-bool-context]
../kernel/trace/trace.h:328:3: note: expanded from macro 'trace_assign_type'
  328 |                 IF_ASSIGN(var, ent, struct userstack_entry, TRACE_USER_STACK);\
      |                 ^
../kernel/trace/trace.h:303:14: note: expanded from macro 'IF_ASSIGN'
  303 |                 WARN_ON(id && (entry)->type != id);     \
      |                            ^
../kernel/trace/trace_output.c:1039:2: warning: converting the enum constant to a boolean [-Wint-in-bool-context]
../kernel/trace/trace.h:329:3: note: expanded from macro 'trace_assign_type'
  329 |                 IF_ASSIGN(var, ent, struct print_entry, TRACE_PRINT);   \
      |                 ^
../kernel/trace/trace.h:303:14: note: expanded from macro 'IF_ASSIGN'
  303 |                 WARN_ON(id && (entry)->type != id);     \
      |                            ^
../kernel/trace/trace_output.c:1039:2: warning: converting the enum constant to a boolean [-Wint-in-bool-context]
../kernel/trace/trace.h:330:3: note: expanded from macro 'trace_assign_type'
  330 |                 IF_ASSIGN(var, ent, struct bprint_entry, TRACE_BPRINT); \
      |                 ^
../kernel/trace/trace.h:303:14: note: expanded from macro 'IF_ASSIGN'
  303 |                 WARN_ON(id && (entry)->type != id);     \
      |                            ^
../kernel/trace/trace_output.c:1039:2: warning: converting the enum constant to a boolean [-Wint-in-bool-context]
../kernel/trace/trace.h:331:3: note: expanded from macro 'trace_assign_type'
  331 |                 IF_ASSIGN(var, ent, struct bputs_entry, TRACE_BPUTS);   \
      |                 ^
../kernel/trace/trace.h:303:14: note: expanded from macro 'IF_ASSIGN'
  303 |                 WARN_ON(id && (entry)->type != id);     \
      |                            ^
../kernel/trace/trace_output.c:1039:2: warning: converting the enum constant to a boolean [-Wint-in-bool-context]
../kernel/trace/trace.h:332:3: note: expanded from macro 'trace_assign_type'
  332 |                 IF_ASSIGN(var, ent, struct hwlat_entry, TRACE_HWLAT);   \
      |                 ^
../kernel/trace/trace.h:303:14: note: expanded from macro 'IF_ASSIGN'
  303 |                 WARN_ON(id && (entry)->type != id);     \
      |                            ^
../kernel/trace/trace_output.c:1039:2: warning: converting the enum constant to a boolean [-Wint-in-bool-context]
../kernel/trace/trace.h:333:3: note: expanded from macro 'trace_assign_type'
  333 |                 IF_ASSIGN(var, ent, struct trace_mmiotrace_rw,          \
      |                 ^
../kernel/trace/trace.h:303:14: note: expanded from macro 'IF_ASSIGN'
  303 |                 WARN_ON(id && (entry)->type != id);     \
      |                            ^
../kernel/trace/trace_output.c:1039:2: warning: converting the enum constant to a boolean [-Wint-in-bool-context]
../kernel/trace/trace.h:335:3: note: expanded from macro 'trace_assign_type'
  335 |                 IF_ASSIGN(var, ent, struct trace_mmiotrace_map,         \
      |                 ^
../kernel/trace/trace.h:303:14: note: expanded from macro 'IF_ASSIGN'
  303 |                 WARN_ON(id && (entry)->type != id);     \
      |                            ^
../kernel/trace/trace_output.c:1039:2: warning: converting the enum constant to a boolean [-Wint-in-bool-context]
../kernel/trace/trace.h:337:3: note: expanded from macro 'trace_assign_type'
  337 |                 IF_ASSIGN(var, ent, struct trace_branch, TRACE_BRANCH); \
      |                 ^
../kernel/trace/trace.h:303:14: note: expanded from macro 'IF_ASSIGN'
  303 |                 WARN_ON(id && (entry)->type != id);     \
      |                            ^
../kernel/trace/trace_output.c:1039:2: warning: converting the enum constant to a boolean [-Wint-in-bool-context]
../kernel/trace/trace.h:338:3: note: expanded from macro 'trace_assign_type'
  338 |                 IF_ASSIGN(var, ent, struct ftrace_graph_ent_entry,      \
      |                 ^
../kernel/trace/trace.h:303:14: note: expanded from macro 'IF_ASSIGN'
  303 |                 WARN_ON(id && (entry)->type != id);     \
      |                            ^
../kernel/trace/trace_output.c:1039:2: warning: converting the enum constant to a boolean [-Wint-in-bool-context]
../kernel/trace/trace.h:340:3: note: expanded from macro 'trace_assign_type'
  340 |                 IF_ASSIGN(var, ent, struct ftrace_graph_ret_entry,      \
      |                 ^
../kernel/trace/trace.h:303:14: note: expanded from macro 'IF_ASSIGN'
  303 |                 WARN_ON(id && (entry)->type != id);     \
      |                            ^
../kernel/trace/trace_output.c:1074:2: warning: converting the enum constant to a boolean [-Wint-in-bool-context]
 1074 |         trace_assign_type(field, iter->ent);
      |         ^
../kernel/trace/trace.h:327:3: note: expanded from macro 'trace_assign_type'
  327 |                 IF_ASSIGN(var, ent, struct stack_entry, TRACE_STACK);   \
      |                 ^
../kernel/trace/trace.h:303:14: note: expanded from macro 'IF_ASSIGN'
  303 |                 WARN_ON(id && (entry)->type != id);     \
      |                            ^
../kernel/trace/trace_output.c:1074:2: warning: converting the enum constant to a boolean [-Wint-in-bool-context]
../kernel/trace/trace.h:328:3: note: expanded from macro 'trace_assign_type'
  328 |                 IF_ASSIGN(var, ent, struct userstack_entry, TRACE_USER_STACK);\
      |                 ^
../kernel/trace/trace.h:303:14: note: expanded from macro 'IF_ASSIGN'
  303 |                 WARN_ON(id && (entry)->type != id);     \
      |                            ^
../kernel/trace/trace_output.c:1074:2: warning: converting the enum constant to a boolean [-Wint-in-bool-context]
../kernel/trace/trace.h:329:3: note: expanded from macro 'trace_assign_type'
  329 |                 IF_ASSIGN(var, ent, struct print_entry, TRACE_PRINT);   \
      |                 ^
../kernel/trace/trace.h:303:14: note: expanded from macro 'IF_ASSIGN'
  303 |                 WARN_ON(id && (entry)->type != id);     \
      |                            ^
../kernel/trace/trace_output.c:1074:2: warning: converting the enum constant to a boolean [-Wint-in-bool-context]
../kernel/trace/trace.h:330:3: note: expanded from macro 'trace_assign_type'
  330 |                 IF_ASSIGN(var, ent, struct bprint_entry, TRACE_BPRINT); \
      |                 ^
../kernel/trace/trace.h:303:14: note: expanded from macro 'IF_ASSIGN'
  303 |                 WARN_ON(id && (entry)->type != id);     \
      |                            ^
../kernel/trace/trace_output.c:1074:2: warning: converting the enum constant to a boolean [-Wint-in-bool-context]
../kernel/trace/trace.h:331:3: note: expanded from macro 'trace_assign_type'
  331 |                 IF_ASSIGN(var, ent, struct bputs_entry, TRACE_BPUTS);   \
      |                 ^
../kernel/trace/trace.h:303:14: note: expanded from macro 'IF_ASSIGN'
  303 |                 WARN_ON(id && (entry)->type != id);     \
      |                            ^
../kernel/trace/trace_output.c:1074:2: warning: converting the enum constant to a boolean [-Wint-in-bool-context]
../kernel/trace/trace.h:332:3: note: expanded from macro 'trace_assign_type'
  332 |                 IF_ASSIGN(var, ent, struct hwlat_entry, TRACE_HWLAT);   \
      |                 ^
../kernel/trace/trace.h:303:14: note: expanded from macro 'IF_ASSIGN'
  303 |                 WARN_ON(id && (entry)->type != id);     \
      |                            ^
../kernel/trace/trace_output.c:1074:2: warning: converting the enum constant to a boolean [-Wint-in-bool-context]
../kernel/trace/trace.h:333:3: note: expanded from macro 'trace_assign_type'
  333 |                 IF_ASSIGN(var, ent, struct trace_mmiotrace_rw,          \
      |                 ^
../kernel/trace/trace.h:303:14: note: expanded from macro 'IF_ASSIGN'
  303 |                 WARN_ON(id && (entry)->type != id);     \
      |                            ^
../kernel/trace/trace_output.c:1074:2: warning: converting the enum constant to a boolean [-Wint-in-bool-context]
../kernel/trace/trace.h:335:3: note: expanded from macro 'trace_assign_type'
  335 |                 IF_ASSIGN(var, ent, struct trace_mmiotrace_map,         \
      |                 ^
../kernel/trace/trace.h:303:14: note: expanded from macro 'IF_ASSIGN'
  303 |                 WARN_ON(id && (entry)->type != id);     \
      |                            ^
../kernel/trace/trace_output.c:1074:2: warning: converting the enum constant to a boolean [-Wint-in-bool-context]
../kernel/trace/trace.h:337:3: note: expanded from macro 'trace_assign_type'
  337 |                 IF_ASSIGN(var, ent, struct trace_branch, TRACE_BRANCH); \
      |                 ^
../kernel/trace/trace.h:303:14: note: expanded from macro 'IF_ASSIGN'
  303 |                 WARN_ON(id && (entry)->type != id);     \
      |                            ^
../kernel/trace/trace_output.c:1074:2: warning: converting the enum constant to a boolean [-Wint-in-bool-context]
../kernel/trace/trace.h:338:3: note: expanded from macro 'trace_assign_type'
  338 |                 IF_ASSIGN(var, ent, struct ftrace_graph_ent_entry,      \
      |                 ^
../kernel/trace/trace.h:303:14: note: expanded from macro 'IF_ASSIGN'
  303 |                 WARN_ON(id && (entry)->type != id);     \
      |                            ^
../kernel/trace/trace_output.c:1074:2: warning: converting the enum constant to a boolean [-Wint-in-bool-context]
../kernel/trace/trace.h:340:3: note: expanded from macro 'trace_assign_type'
  340 |                 IF_ASSIGN(var, ent, struct ftrace_graph_ret_entry,      \
      |                 ^
../kernel/trace/trace.h:303:14: note: expanded from macro 'IF_ASSIGN'
  303 |                 WARN_ON(id && (entry)->type != id);     \
      |                            ^
../kernel/trace/trace_output.c:1110:2: warning: converting the enum constant to a boolean [-Wint-in-bool-context]
 1110 |         trace_assign_type(field, iter->ent);
      |         ^
../kernel/trace/trace.h:327:3: note: expanded from macro 'trace_assign_type'
  327 |                 IF_ASSIGN(var, ent, struct stack_entry, TRACE_STACK);   \
      |                 ^
../kernel/trace/trace.h:303:14: note: expanded from macro 'IF_ASSIGN'
  303 |                 WARN_ON(id && (entry)->type != id);     \
      |                            ^
../kernel/trace/trace_output.c:1110:2: warning: converting the enum constant to a boolean [-Wint-in-bool-context]
../kernel/trace/trace.h:328:3: note: expanded from macro 'trace_assign_type'
  328 |                 IF_ASSIGN(var, ent, struct userstack_entry, TRACE_USER_STACK);\
      |                 ^
../kernel/trace/trace.h:303:14: note: expanded from macro 'IF_ASSIGN'
  303 |                 WARN_ON(id && (entry)->type != id);     \
      |                            ^
../kernel/trace/trace_output.c:1110:2: warning: converting the enum constant to a boolean [-Wint-in-bool-context]
../kernel/trace/trace.h:329:3: note: expanded from macro 'trace_assign_type'
  329 |                 IF_ASSIGN(var, ent, struct print_entry, TRACE_PRINT);   \
      |                 ^
../kernel/trace/trace.h:303:14: note: expanded from macro 'IF_ASSIGN'
  303 |                 WARN_ON(id && (entry)->type != id);     \
      |                            ^
../kernel/trace/trace_output.c:1110:2: warning: converting the enum constant to a boolean [-Wint-in-bool-context]
../kernel/trace/trace.h:330:3: note: expanded from macro 'trace_assign_type'
  330 |                 IF_ASSIGN(var, ent, struct bprint_entry, TRACE_BPRINT); \
      |                 ^
../kernel/trace/trace.h:303:14: note: expanded from macro 'IF_ASSIGN'
  303 |                 WARN_ON(id && (entry)->type != id);     \
      |                            ^
../kernel/trace/trace_output.c:1110:2: warning: converting the enum constant to a boolean [-Wint-in-bool-context]
../kernel/trace/trace.h:331:3: note: expanded from macro 'trace_assign_type'
  331 |                 IF_ASSIGN(var, ent, struct bputs_entry, TRACE_BPUTS);   \
      |                 ^
../kernel/trace/trace.h:303:14: note: expanded from macro 'IF_ASSIGN'
  303 |                 WARN_ON(id && (entry)->type != id);     \
      |                            ^
../kernel/trace/trace_output.c:1110:2: warning: converting the enum constant to a boolean [-Wint-in-bool-context]
../kernel/trace/trace.h:332:3: note: expanded from macro 'trace_assign_type'
  332 |                 IF_ASSIGN(var, ent, struct hwlat_entry, TRACE_HWLAT);   \
      |                 ^
../kernel/trace/trace.h:303:14: note: expanded from macro 'IF_ASSIGN'
  303 |                 WARN_ON(id && (entry)->type != id);     \
      |                            ^
../kernel/trace/trace_output.c:1110:2: warning: converting the enum constant to a boolean [-Wint-in-bool-context]
../kernel/trace/trace.h:333:3: note: expanded from macro 'trace_assign_type'
  333 |                 IF_ASSIGN(var, ent, struct trace_mmiotrace_rw,          \
      |                 ^
../kernel/trace/trace.h:303:14: note: expanded from macro 'IF_ASSIGN'
  303 |                 WARN_ON(id && (entry)->type != id);     \
      |                            ^
../kernel/trace/trace_output.c:1110:2: warning: converting the enum constant to a boolean [-Wint-in-bool-context]
../kernel/trace/trace.h:335:3: note: expanded from macro 'trace_assign_type'
  335 |                 IF_ASSIGN(var, ent, struct trace_mmiotrace_map,         \
      |                 ^
../kernel/trace/trace.h:303:14: note: expanded from macro 'IF_ASSIGN'
  303 |                 WARN_ON(id && (entry)->type != id);     \
      |                            ^
../kernel/trace/trace_output.c:1110:2: warning: converting the enum constant to a boolean [-Wint-in-bool-context]
../kernel/trace/trace.h:337:3: note: expanded from macro 'trace_assign_type'
  337 |                 IF_ASSIGN(var, ent, struct trace_branch, TRACE_BRANCH); \
      |                 ^
../kernel/trace/trace.h:303:14: note: expanded from macro 'IF_ASSIGN'
  303 |                 WARN_ON(id && (entry)->type != id);     \
      |                            ^
../kernel/trace/trace_output.c:1110:2: warning: converting the enum constant to a boolean [-Wint-in-bool-context]
../kernel/trace/trace.h:338:3: note: expanded from macro 'trace_assign_type'
  338 |                 IF_ASSIGN(var, ent, struct ftrace_graph_ent_entry,      \
      |                 ^
../kernel/trace/trace.h:303:14: note: expanded from macro 'IF_ASSIGN'
  303 |                 WARN_ON(id && (entry)->type != id);     \
      |                            ^
../kernel/trace/trace_output.c:1110:2: warning: converting the enum constant to a boolean [-Wint-in-bool-context]
../kernel/trace/trace.h:340:3: note: expanded from macro 'trace_assign_type'
  340 |                 IF_ASSIGN(var, ent, struct ftrace_graph_ret_entry,      \
      |                 ^
../kernel/trace/trace.h:303:14: note: expanded from macro 'IF_ASSIGN'
  303 |                 WARN_ON(id && (entry)->type != id);     \
      |                            ^
../kernel/trace/trace_output.c:1145:2: warning: converting the enum constant to a boolean [-Wint-in-bool-context]
 1145 |         trace_assign_type(field, iter->ent);
      |         ^
../kernel/trace/trace.h:327:3: note: expanded from macro 'trace_assign_type'
  327 |                 IF_ASSIGN(var, ent, struct stack_entry, TRACE_STACK);   \
      |                 ^
../kernel/trace/trace.h:303:14: note: expanded from macro 'IF_ASSIGN'
  303 |                 WARN_ON(id && (entry)->type != id);     \
      |                            ^
../kernel/trace/trace_output.c:1145:2: warning: converting the enum constant to a boolean [-Wint-in-bool-context]
../kernel/trace/trace.h:328:3: note: expanded from macro 'trace_assign_type'
  328 |                 IF_ASSIGN(var, ent, struct userstack_entry, TRACE_USER_STACK);\
      |                 ^
../kernel/trace/trace.h:303:14: note: expanded from macro 'IF_ASSIGN'
  303 |                 WARN_ON(id && (entry)->type != id);     \
      |                            ^
../kernel/trace/trace_output.c:1145:2: warning: converting the enum constant to a boolean [-Wint-in-bool-context]
../kernel/trace/trace.h:329:3: note: expanded from macro 'trace_assign_type'
  329 |                 IF_ASSIGN(var, ent, struct print_entry, TRACE_PRINT);   \
      |                 ^
../kernel/trace/trace.h:303:14: note: expanded from macro 'IF_ASSIGN'
  303 |                 WARN_ON(id && (entry)->type != id);     \
      |                            ^
../kernel/trace/trace_output.c:1145:2: warning: converting the enum constant to a boolean [-Wint-in-bool-context]
../kernel/trace/trace.h:330:3: note: expanded from macro 'trace_assign_type'
  330 |                 IF_ASSIGN(var, ent, struct bprint_entry, TRACE_BPRINT); \
      |                 ^
../kernel/trace/trace.h:303:14: note: expanded from macro 'IF_ASSIGN'
  303 |                 WARN_ON(id && (entry)->type != id);     \
      |                            ^
../kernel/trace/trace_output.c:1145:2: warning: converting the enum constant to a boolean [-Wint-in-bool-context]
../kernel/trace/trace.h:331:3: note: expanded from macro 'trace_assign_type'
  331 |                 IF_ASSIGN(var, ent, struct bputs_entry, TRACE_BPUTS);   \
      |                 ^
../kernel/trace/trace.h:303:14: note: expanded from macro 'IF_ASSIGN'
  303 |                 WARN_ON(id && (entry)->type != id);     \
      |                            ^
../kernel/trace/trace_output.c:1145:2: warning: converting the enum constant to a boolean [-Wint-in-bool-context]
../kernel/trace/trace.h:332:3: note: expanded from macro 'trace_assign_type'
  332 |                 IF_ASSIGN(var, ent, struct hwlat_entry, TRACE_HWLAT);   \
      |                 ^
../kernel/trace/trace.h:303:14: note: expanded from macro 'IF_ASSIGN'
  303 |                 WARN_ON(id && (entry)->type != id);     \
      |                            ^
../kernel/trace/trace_output.c:1145:2: warning: converting the enum constant to a boolean [-Wint-in-bool-context]
../kernel/trace/trace.h:333:3: note: expanded from macro 'trace_assign_type'
  333 |                 IF_ASSIGN(var, ent, struct trace_mmiotrace_rw,          \
      |                 ^
../kernel/trace/trace.h:303:14: note: expanded from macro 'IF_ASSIGN'
  303 |                 WARN_ON(id && (entry)->type != id);     \
      |                            ^
../kernel/trace/trace_output.c:1145:2: warning: converting the enum constant to a boolean [-Wint-in-bool-context]
../kernel/trace/trace.h:335:3: note: expanded from macro 'trace_assign_type'
  335 |                 IF_ASSIGN(var, ent, struct trace_mmiotrace_map,         \
      |                 ^
../kernel/trace/trace.h:303:14: note: expanded from macro 'IF_ASSIGN'
  303 |                 WARN_ON(id && (entry)->type != id);     \
      |                            ^
../kernel/trace/trace_output.c:1145:2: warning: converting the enum constant to a boolean [-Wint-in-bool-context]
../kernel/trace/trace.h:337:3: note: expanded from macro 'trace_assign_type'
  337 |                 IF_ASSIGN(var, ent, struct trace_branch, TRACE_BRANCH); \
      |                 ^
../kernel/trace/trace.h:303:14: note: expanded from macro 'IF_ASSIGN'
  303 |                 WARN_ON(id && (entry)->type != id);     \
      |                            ^
../kernel/trace/trace_output.c:1145:2: warning: converting the enum constant to a boolean [-Wint-in-bool-context]
../kernel/trace/trace.h:338:3: note: expanded from macro 'trace_assign_type'
  338 |                 IF_ASSIGN(var, ent, struct ftrace_graph_ent_entry,      \
      |                 ^
../kernel/trace/trace.h:303:14: note: expanded from macro 'IF_ASSIGN'
  303 |                 WARN_ON(id && (entry)->type != id);     \
      |                            ^
../kernel/trace/trace_output.c:1145:2: warning: converting the enum constant to a boolean [-Wint-in-bool-context]
../kernel/trace/trace.h:340:3: note: expanded from macro 'trace_assign_type'
  340 |                 IF_ASSIGN(var, ent, struct ftrace_graph_ret_entry,      \
      |                 ^
../kernel/trace/trace.h:303:14: note: expanded from macro 'IF_ASSIGN'
  303 |                 WARN_ON(id && (entry)->type != id);     \
      |                            ^
../kernel/trace/trace_output.c:1192:2: warning: converting the enum constant to a boolean [-Wint-in-bool-context]
 1192 |         trace_assign_type(field, iter->ent);
      |         ^
../kernel/trace/trace.h:327:3: note: expanded from macro 'trace_assign_type'
  327 |                 IF_ASSIGN(var, ent, struct stack_entry, TRACE_STACK);   \
      |                 ^
../kernel/trace/trace.h:303:14: note: expanded from macro 'IF_ASSIGN'
  303 |                 WARN_ON(id && (entry)->type != id);     \
      |                            ^
../kernel/trace/trace_output.c:1192:2: warning: converting the enum constant to a boolean [-Wint-in-bool-context]
../kernel/trace/trace.h:328:3: note: expanded from macro 'trace_assign_type'
  328 |                 IF_ASSIGN(var, ent, struct userstack_entry, TRACE_USER_STACK);\
      |                 ^
../kernel/trace/trace.h:303:14: note: expanded from macro 'IF_ASSIGN'
  303 |                 WARN_ON(id && (entry)->type != id);     \
      |                            ^
../kernel/trace/trace_output.c:1192:2: warning: converting the enum constant to a boolean [-Wint-in-bool-context]
../kernel/trace/trace.h:329:3: note: expanded from macro 'trace_assign_type'
  329 |                 IF_ASSIGN(var, ent, struct print_entry, TRACE_PRINT);   \
      |                 ^
../kernel/trace/trace.h:303:14: note: expanded from macro 'IF_ASSIGN'
  303 |                 WARN_ON(id && (entry)->type != id);     \
      |                            ^
../kernel/trace/trace_output.c:1192:2: warning: converting the enum constant to a boolean [-Wint-in-bool-context]
../kernel/trace/trace.h:330:3: note: expanded from macro 'trace_assign_type'
  330 |                 IF_ASSIGN(var, ent, struct bprint_entry, TRACE_BPRINT); \
      |                 ^
../kernel/trace/trace.h:303:14: note: expanded from macro 'IF_ASSIGN'
  303 |                 WARN_ON(id && (entry)->type != id);     \
      |                            ^
../kernel/trace/trace_output.c:1192:2: warning: converting the enum constant to a boolean [-Wint-in-bool-context]
../kernel/trace/trace.h:331:3: note: expanded from macro 'trace_assign_type'
  331 |                 IF_ASSIGN(var, ent, struct bputs_entry, TRACE_BPUTS);   \
      |                 ^
../kernel/trace/trace.h:303:14: note: expanded from macro 'IF_ASSIGN'
  303 |                 WARN_ON(id && (entry)->type != id);     \
      |                            ^
../kernel/trace/trace_output.c:1192:2: warning: converting the enum constant to a boolean [-Wint-in-bool-context]
../kernel/trace/trace.h:332:3: note: expanded from macro 'trace_assign_type'
  332 |                 IF_ASSIGN(var, ent, struct hwlat_entry, TRACE_HWLAT);   \
      |                 ^
../kernel/trace/trace.h:303:14: note: expanded from macro 'IF_ASSIGN'
  303 |                 WARN_ON(id && (entry)->type != id);     \
      |                            ^
../kernel/trace/trace_output.c:1192:2: warning: converting the enum constant to a boolean [-Wint-in-bool-context]
../kernel/trace/trace.h:333:3: note: expanded from macro 'trace_assign_type'
  333 |                 IF_ASSIGN(var, ent, struct trace_mmiotrace_rw,          \
      |                 ^
../kernel/trace/trace.h:303:14: note: expanded from macro 'IF_ASSIGN'
  303 |                 WARN_ON(id && (entry)->type != id);     \
      |                            ^
../kernel/trace/trace_output.c:1192:2: warning: converting the enum constant to a boolean [-Wint-in-bool-context]
../kernel/trace/trace.h:335:3: note: expanded from macro 'trace_assign_type'
  335 |                 IF_ASSIGN(var, ent, struct trace_mmiotrace_map,         \
      |                 ^
../kernel/trace/trace.h:303:14: note: expanded from macro 'IF_ASSIGN'
  303 |                 WARN_ON(id && (entry)->type != id);     \
      |                            ^
../kernel/trace/trace_output.c:1192:2: warning: converting the enum constant to a boolean [-Wint-in-bool-context]
../kernel/trace/trace.h:337:3: note: expanded from macro 'trace_assign_type'
  337 |                 IF_ASSIGN(var, ent, struct trace_branch, TRACE_BRANCH); \
      |                 ^
../kernel/trace/trace.h:303:14: note: expanded from macro 'IF_ASSIGN'
  303 |                 WARN_ON(id && (entry)->type != id);     \
      |                            ^
../kernel/trace/trace_output.c:1192:2: warning: converting the enum constant to a boolean [-Wint-in-bool-context]
../kernel/trace/trace.h:338:3: note: expanded from macro 'trace_assign_type'
  338 |                 IF_ASSIGN(var, ent, struct ftrace_graph_ent_entry,      \
      |                 ^
../kernel/trace/trace.h:303:14: note: expanded from macro 'IF_ASSIGN'
  303 |                 WARN_ON(id && (entry)->type != id);     \
      |                            ^
../kernel/trace/trace_output.c:1192:2: warning: converting the enum constant to a boolean [-Wint-in-bool-context]
../kernel/trace/trace.h:340:3: note: expanded from macro 'trace_assign_type'
  340 |                 IF_ASSIGN(var, ent, struct ftrace_graph_ret_entry,      \
      |                 ^
../kernel/trace/trace.h:303:14: note: expanded from macro 'IF_ASSIGN'
  303 |                 WARN_ON(id && (entry)->type != id);     \
      |                            ^
../kernel/trace/trace_output.c:1229:2: warning: converting the enum constant to a boolean [-Wint-in-bool-context]
 1229 |         trace_assign_type(field, iter->ent);
      |         ^
../kernel/trace/trace.h:327:3: note: expanded from macro 'trace_assign_type'
  327 |                 IF_ASSIGN(var, ent, struct stack_entry, TRACE_STACK);   \
      |                 ^
../kernel/trace/trace.h:303:14: note: expanded from macro 'IF_ASSIGN'
  303 |                 WARN_ON(id && (entry)->type != id);     \
      |                            ^
../kernel/trace/trace_output.c:1229:2: warning: converting the enum constant to a boolean [-Wint-in-bool-context]
../kernel/trace/trace.h:328:3: note: expanded from macro 'trace_assign_type'
  328 |                 IF_ASSIGN(var, ent, struct userstack_entry, TRACE_USER_STACK);\
      |                 ^
../kernel/trace/trace.h:303:14: note: expanded from macro 'IF_ASSIGN'
  303 |                 WARN_ON(id && (entry)->type != id);     \
      |                            ^
../kernel/trace/trace_output.c:1229:2: warning: converting the enum constant to a boolean [-Wint-in-bool-context]
../kernel/trace/trace.h:329:3: note: expanded from macro 'trace_assign_type'
  329 |                 IF_ASSIGN(var, ent, struct print_entry, TRACE_PRINT);   \
      |                 ^
../kernel/trace/trace.h:303:14: note: expanded from macro 'IF_ASSIGN'
  303 |                 WARN_ON(id && (entry)->type != id);     \
      |                            ^
../kernel/trace/trace_output.c:1229:2: warning: converting the enum constant to a boolean [-Wint-in-bool-context]
../kernel/trace/trace.h:330:3: note: expanded from macro 'trace_assign_type'
  330 |                 IF_ASSIGN(var, ent, struct bprint_entry, TRACE_BPRINT); \
      |                 ^
../kernel/trace/trace.h:303:14: note: expanded from macro 'IF_ASSIGN'
  303 |                 WARN_ON(id && (entry)->type != id);     \
      |                            ^
../kernel/trace/trace_output.c:1229:2: warning: converting the enum constant to a boolean [-Wint-in-bool-context]
../kernel/trace/trace.h:331:3: note: expanded from macro 'trace_assign_type'
  331 |                 IF_ASSIGN(var, ent, struct bputs_entry, TRACE_BPUTS);   \
      |                 ^
../kernel/trace/trace.h:303:14: note: expanded from macro 'IF_ASSIGN'
  303 |                 WARN_ON(id && (entry)->type != id);     \
      |                            ^
../kernel/trace/trace_output.c:1229:2: warning: converting the enum constant to a boolean [-Wint-in-bool-context]
../kernel/trace/trace.h:332:3: note: expanded from macro 'trace_assign_type'
  332 |                 IF_ASSIGN(var, ent, struct hwlat_entry, TRACE_HWLAT);   \
      |                 ^
../kernel/trace/trace.h:303:14: note: expanded from macro 'IF_ASSIGN'
  303 |                 WARN_ON(id && (entry)->type != id);     \
      |                            ^
../kernel/trace/trace_output.c:1229:2: warning: converting the enum constant to a boolean [-Wint-in-bool-context]
../kernel/trace/trace.h:333:3: note: expanded from macro 'trace_assign_type'
  333 |                 IF_ASSIGN(var, ent, struct trace_mmiotrace_rw,          \
      |                 ^
../kernel/trace/trace.h:303:14: note: expanded from macro 'IF_ASSIGN'
  303 |                 WARN_ON(id && (entry)->type != id);     \
      |                            ^
../kernel/trace/trace_output.c:1229:2: warning: converting the enum constant to a boolean [-Wint-in-bool-context]
../kernel/trace/trace.h:335:3: note: expanded from macro 'trace_assign_type'
  335 |                 IF_ASSIGN(var, ent, struct trace_mmiotrace_map,         \
      |                 ^
../kernel/trace/trace.h:303:14: note: expanded from macro 'IF_ASSIGN'
  303 |                 WARN_ON(id && (entry)->type != id);     \
      |                            ^
../kernel/trace/trace_output.c:1229:2: warning: converting the enum constant to a boolean [-Wint-in-bool-context]
../kernel/trace/trace.h:337:3: note: expanded from macro 'trace_assign_type'
  337 |                 IF_ASSIGN(var, ent, struct trace_branch, TRACE_BRANCH); \
      |                 ^
../kernel/trace/trace.h:303:14: note: expanded from macro 'IF_ASSIGN'
  303 |                 WARN_ON(id && (entry)->type != id);     \
      |                            ^
../kernel/trace/trace_output.c:1229:2: warning: converting the enum constant to a boolean [-Wint-in-bool-context]
../kernel/trace/trace.h:338:3: note: expanded from macro 'trace_assign_type'
  338 |                 IF_ASSIGN(var, ent, struct ftrace_graph_ent_entry,      \
      |                 ^
../kernel/trace/trace.h:303:14: note: expanded from macro 'IF_ASSIGN'
  303 |                 WARN_ON(id && (entry)->type != id);     \
      |                            ^
../kernel/trace/trace_output.c:1229:2: warning: converting the enum constant to a boolean [-Wint-in-bool-context]
../kernel/trace/trace.h:340:3: note: expanded from macro 'trace_assign_type'
  340 |                 IF_ASSIGN(var, ent, struct ftrace_graph_ret_entry,      \
      |                 ^
../kernel/trace/trace.h:303:14: note: expanded from macro 'IF_ASSIGN'
  303 |                 WARN_ON(id && (entry)->type != id);     \
      |                            ^
../kernel/trace/trace_output.c:1288:2: warning: converting the enum constant to a boolean [-Wint-in-bool-context]
 1288 |         trace_assign_type(field, entry);
      |         ^
../kernel/trace/trace.h:327:3: note: expanded from macro 'trace_assign_type'
  327 |                 IF_ASSIGN(var, ent, struct stack_entry, TRACE_STACK);   \
      |                 ^
../kernel/trace/trace.h:303:14: note: expanded from macro 'IF_ASSIGN'
  303 |                 WARN_ON(id && (entry)->type != id);     \
      |                            ^
../kernel/trace/trace_output.c:1288:2: warning: converting the enum constant to a boolean [-Wint-in-bool-context]
../kernel/trace/trace.h:328:3: note: expanded from macro 'trace_assign_type'
  328 |                 IF_ASSIGN(var, ent, struct userstack_entry, TRACE_USER_STACK);\
      |                 ^
../kernel/trace/trace.h:303:14: note: expanded from macro 'IF_ASSIGN'
  303 |                 WARN_ON(id && (entry)->type != id);     \
      |                            ^
../kernel/trace/trace_output.c:1288:2: warning: converting the enum constant to a boolean [-Wint-in-bool-context]
../kernel/trace/trace.h:329:3: note: expanded from macro 'trace_assign_type'
  329 |                 IF_ASSIGN(var, ent, struct print_entry, TRACE_PRINT);   \
      |                 ^
../kernel/trace/trace.h:303:14: note: expanded from macro 'IF_ASSIGN'
  303 |                 WARN_ON(id && (entry)->type != id);     \
      |                            ^
../kernel/trace/trace_output.c:1288:2: warning: converting the enum constant to a boolean [-Wint-in-bool-context]
../kernel/trace/trace.h:330:3: note: expanded from macro 'trace_assign_type'
  330 |                 IF_ASSIGN(var, ent, struct bprint_entry, TRACE_BPRINT); \
      |                 ^
../kernel/trace/trace.h:303:14: note: expanded from macro 'IF_ASSIGN'
  303 |                 WARN_ON(id && (entry)->type != id);     \
      |                            ^
../kernel/trace/trace_output.c:1288:2: warning: converting the enum constant to a boolean [-Wint-in-bool-context]
../kernel/trace/trace.h:331:3: note: expanded from macro 'trace_assign_type'
  331 |                 IF_ASSIGN(var, ent, struct bputs_entry, TRACE_BPUTS);   \
      |                 ^
../kernel/trace/trace.h:303:14: note: expanded from macro 'IF_ASSIGN'
  303 |                 WARN_ON(id && (entry)->type != id);     \
      |                            ^
../kernel/trace/trace_output.c:1288:2: warning: converting the enum constant to a boolean [-Wint-in-bool-context]
../kernel/trace/trace.h:332:3: note: expanded from macro 'trace_assign_type'
  332 |                 IF_ASSIGN(var, ent, struct hwlat_entry, TRACE_HWLAT);   \
      |                 ^
../kernel/trace/trace.h:303:14: note: expanded from macro 'IF_ASSIGN'
  303 |                 WARN_ON(id && (entry)->type != id);     \
      |                            ^
../kernel/trace/trace_output.c:1288:2: warning: converting the enum constant to a boolean [-Wint-in-bool-context]
../kernel/trace/trace.h:333:3: note: expanded from macro 'trace_assign_type'
  333 |                 IF_ASSIGN(var, ent, struct trace_mmiotrace_rw,          \
      |                 ^
../kernel/trace/trace.h:303:14: note: expanded from macro 'IF_ASSIGN'
  303 |                 WARN_ON(id && (entry)->type != id);     \
      |                            ^
../kernel/trace/trace_output.c:1288:2: warning: converting the enum constant to a boolean [-Wint-in-bool-context]
../kernel/trace/trace.h:335:3: note: expanded from macro 'trace_assign_type'
  335 |                 IF_ASSIGN(var, ent, struct trace_mmiotrace_map,         \
      |                 ^
../kernel/trace/trace.h:303:14: note: expanded from macro 'IF_ASSIGN'
  303 |                 WARN_ON(id && (entry)->type != id);     \
      |                            ^
../kernel/trace/trace_output.c:1288:2: warning: converting the enum constant to a boolean [-Wint-in-bool-context]
../kernel/trace/trace.h:337:3: note: expanded from macro 'trace_assign_type'
  337 |                 IF_ASSIGN(var, ent, struct trace_branch, TRACE_BRANCH); \
      |                 ^
../kernel/trace/trace.h:303:14: note: expanded from macro 'IF_ASSIGN'
  303 |                 WARN_ON(id && (entry)->type != id);     \
      |                            ^
../kernel/trace/trace_output.c:1288:2: warning: converting the enum constant to a boolean [-Wint-in-bool-context]
../kernel/trace/trace.h:338:3: note: expanded from macro 'trace_assign_type'
  338 |                 IF_ASSIGN(var, ent, struct ftrace_graph_ent_entry,      \
      |                 ^
../kernel/trace/trace.h:303:14: note: expanded from macro 'IF_ASSIGN'
  303 |                 WARN_ON(id && (entry)->type != id);     \
      |                            ^
../kernel/trace/trace_output.c:1288:2: warning: converting the enum constant to a boolean [-Wint-in-bool-context]
../kernel/trace/trace.h:340:3: note: expanded from macro 'trace_assign_type'
  340 |                 IF_ASSIGN(var, ent, struct ftrace_graph_ret_entry,      \
      |                 ^
../kernel/trace/trace.h:303:14: note: expanded from macro 'IF_ASSIGN'
  303 |                 WARN_ON(id && (entry)->type != id);     \
      |                            ^
../kernel/trace/trace_output.c:1322:2: warning: converting the enum constant to a boolean [-Wint-in-bool-context]
 1322 |         trace_assign_type(field, iter->ent);
      |         ^
../kernel/trace/trace.h:327:3: note: expanded from macro 'trace_assign_type'
  327 |                 IF_ASSIGN(var, ent, struct stack_entry, TRACE_STACK);   \
      |                 ^
../kernel/trace/trace.h:303:14: note: expanded from macro 'IF_ASSIGN'
  303 |                 WARN_ON(id && (entry)->type != id);     \
      |                            ^
../kernel/trace/trace_output.c:1322:2: warning: converting the enum constant to a boolean [-Wint-in-bool-context]
../kernel/trace/trace.h:328:3: note: expanded from macro 'trace_assign_type'
  328 |                 IF_ASSIGN(var, ent, struct userstack_entry, TRACE_USER_STACK);\
      |                 ^
../kernel/trace/trace.h:303:14: note: expanded from macro 'IF_ASSIGN'
  303 |                 WARN_ON(id && (entry)->type != id);     \
      |                            ^
../kernel/trace/trace_output.c:1322:2: warning: converting the enum constant to a boolean [-Wint-in-bool-context]
../kernel/trace/trace.h:329:3: note: expanded from macro 'trace_assign_type'
  329 |                 IF_ASSIGN(var, ent, struct print_entry, TRACE_PRINT);   \
      |                 ^
../kernel/trace/trace.h:303:14: note: expanded from macro 'IF_ASSIGN'
  303 |                 WARN_ON(id && (entry)->type != id);     \
      |                            ^
../kernel/trace/trace_output.c:1322:2: warning: converting the enum constant to a boolean [-Wint-in-bool-context]
../kernel/trace/trace.h:330:3: note: expanded from macro 'trace_assign_type'
  330 |                 IF_ASSIGN(var, ent, struct bprint_entry, TRACE_BPRINT); \
      |                 ^
../kernel/trace/trace.h:303:14: note: expanded from macro 'IF_ASSIGN'
  303 |                 WARN_ON(id && (entry)->type != id);     \
      |                            ^
../kernel/trace/trace_output.c:1322:2: warning: converting the enum constant to a boolean [-Wint-in-bool-context]
../kernel/trace/trace.h:331:3: note: expanded from macro 'trace_assign_type'
  331 |                 IF_ASSIGN(var, ent, struct bputs_entry, TRACE_BPUTS);   \
      |                 ^
../kernel/trace/trace.h:303:14: note: expanded from macro 'IF_ASSIGN'
  303 |                 WARN_ON(id && (entry)->type != id);     \
      |                            ^
../kernel/trace/trace_output.c:1322:2: warning: converting the enum constant to a boolean [-Wint-in-bool-context]
../kernel/trace/trace.h:332:3: note: expanded from macro 'trace_assign_type'
  332 |                 IF_ASSIGN(var, ent, struct hwlat_entry, TRACE_HWLAT);   \
      |                 ^
../kernel/trace/trace.h:303:14: note: expanded from macro 'IF_ASSIGN'
  303 |                 WARN_ON(id && (entry)->type != id);     \
      |                            ^
../kernel/trace/trace_output.c:1322:2: warning: converting the enum constant to a boolean [-Wint-in-bool-context]
../kernel/trace/trace.h:333:3: note: expanded from macro 'trace_assign_type'
  333 |                 IF_ASSIGN(var, ent, struct trace_mmiotrace_rw,          \
      |                 ^
../kernel/trace/trace.h:303:14: note: expanded from macro 'IF_ASSIGN'
  303 |                 WARN_ON(id && (entry)->type != id);     \
      |                            ^
../kernel/trace/trace_output.c:1322:2: warning: converting the enum constant to a boolean [-Wint-in-bool-context]
../kernel/trace/trace.h:335:3: note: expanded from macro 'trace_assign_type'
  335 |                 IF_ASSIGN(var, ent, struct trace_mmiotrace_map,         \
      |                 ^
../kernel/trace/trace.h:303:14: note: expanded from macro 'IF_ASSIGN'
  303 |                 WARN_ON(id && (entry)->type != id);     \
      |                            ^
../kernel/trace/trace_output.c:1322:2: warning: converting the enum constant to a boolean [-Wint-in-bool-context]
../kernel/trace/trace.h:337:3: note: expanded from macro 'trace_assign_type'
  337 |                 IF_ASSIGN(var, ent, struct trace_branch, TRACE_BRANCH); \
      |                 ^
../kernel/trace/trace.h:303:14: note: expanded from macro 'IF_ASSIGN'
  303 |                 WARN_ON(id && (entry)->type != id);     \
      |                            ^
../kernel/trace/trace_output.c:1322:2: warning: converting the enum constant to a boolean [-Wint-in-bool-context]
../kernel/trace/trace.h:338:3: note: expanded from macro 'trace_assign_type'
  338 |                 IF_ASSIGN(var, ent, struct ftrace_graph_ent_entry,      \
      |                 ^
../kernel/trace/trace.h:303:14: note: expanded from macro 'IF_ASSIGN'
  303 |                 WARN_ON(id && (entry)->type != id);     \
      |                            ^
../kernel/trace/trace_output.c:1322:2: warning: converting the enum constant to a boolean [-Wint-in-bool-context]
../kernel/trace/trace.h:340:3: note: expanded from macro 'trace_assign_type'
  340 |                 IF_ASSIGN(var, ent, struct ftrace_graph_ret_entry,      \
      |                 ^
../kernel/trace/trace.h:303:14: note: expanded from macro 'IF_ASSIGN'
  303 |                 WARN_ON(id && (entry)->type != id);     \
      |                            ^
../kernel/trace/trace_output.c:1353:2: warning: converting the enum constant to a boolean [-Wint-in-bool-context]
 1353 |         trace_assign_type(field, entry);
      |         ^
../kernel/trace/trace.h:327:3: note: expanded from macro 'trace_assign_type'
  327 |                 IF_ASSIGN(var, ent, struct stack_entry, TRACE_STACK);   \
      |                 ^
../kernel/trace/trace.h:303:14: note: expanded from macro 'IF_ASSIGN'
  303 |                 WARN_ON(id && (entry)->type != id);     \
      |                            ^
../kernel/trace/trace_output.c:1353:2: warning: converting the enum constant to a boolean [-Wint-in-bool-context]
../kernel/trace/trace.h:328:3: note: expanded from macro 'trace_assign_type'
  328 |                 IF_ASSIGN(var, ent, struct userstack_entry, TRACE_USER_STACK);\
      |                 ^
../kernel/trace/trace.h:303:14: note: expanded from macro 'IF_ASSIGN'
  303 |                 WARN_ON(id && (entry)->type != id);     \
      |                            ^
../kernel/trace/trace_output.c:1353:2: warning: converting the enum constant to a boolean [-Wint-in-bool-context]
../kernel/trace/trace.h:329:3: note: expanded from macro 'trace_assign_type'
  329 |                 IF_ASSIGN(var, ent, struct print_entry, TRACE_PRINT);   \
      |                 ^
../kernel/trace/trace.h:303:14: note: expanded from macro 'IF_ASSIGN'
  303 |                 WARN_ON(id && (entry)->type != id);     \
      |                            ^
../kernel/trace/trace_output.c:1353:2: warning: converting the enum constant to a boolean [-Wint-in-bool-context]
../kernel/trace/trace.h:330:3: note: expanded from macro 'trace_assign_type'
  330 |                 IF_ASSIGN(var, ent, struct bprint_entry, TRACE_BPRINT); \
      |                 ^
../kernel/trace/trace.h:303:14: note: expanded from macro 'IF_ASSIGN'
  303 |                 WARN_ON(id && (entry)->type != id);     \
      |                            ^
../kernel/trace/trace_output.c:1353:2: warning: converting the enum constant to a boolean [-Wint-in-bool-context]
../kernel/trace/trace.h:331:3: note: expanded from macro 'trace_assign_type'
  331 |                 IF_ASSIGN(var, ent, struct bputs_entry, TRACE_BPUTS);   \
      |                 ^
../kernel/trace/trace.h:303:14: note: expanded from macro 'IF_ASSIGN'
  303 |                 WARN_ON(id && (entry)->type != id);     \
      |                            ^
../kernel/trace/trace_output.c:1353:2: warning: converting the enum constant to a boolean [-Wint-in-bool-context]
../kernel/trace/trace.h:332:3: note: expanded from macro 'trace_assign_type'
  332 |                 IF_ASSIGN(var, ent, struct hwlat_entry, TRACE_HWLAT);   \
      |                 ^
../kernel/trace/trace.h:303:14: note: expanded from macro 'IF_ASSIGN'
  303 |                 WARN_ON(id && (entry)->type != id);     \
      |                            ^
../kernel/trace/trace_output.c:1353:2: warning: converting the enum constant to a boolean [-Wint-in-bool-context]
../kernel/trace/trace.h:333:3: note: expanded from macro 'trace_assign_type'
  333 |                 IF_ASSIGN(var, ent, struct trace_mmiotrace_rw,          \
      |                 ^
../kernel/trace/trace.h:303:14: note: expanded from macro 'IF_ASSIGN'
  303 |                 WARN_ON(id && (entry)->type != id);     \
      |                            ^
../kernel/trace/trace_output.c:1353:2: warning: converting the enum constant to a boolean [-Wint-in-bool-context]
../kernel/trace/trace.h:335:3: note: expanded from macro 'trace_assign_type'
  335 |                 IF_ASSIGN(var, ent, struct trace_mmiotrace_map,         \
      |                 ^
../kernel/trace/trace.h:303:14: note: expanded from macro 'IF_ASSIGN'
  303 |                 WARN_ON(id && (entry)->type != id);     \
      |                            ^
../kernel/trace/trace_output.c:1353:2: warning: converting the enum constant to a boolean [-Wint-in-bool-context]
../kernel/trace/trace.h:337:3: note: expanded from macro 'trace_assign_type'
  337 |                 IF_ASSIGN(var, ent, struct trace_branch, TRACE_BRANCH); \
      |                 ^
../kernel/trace/trace.h:303:14: note: expanded from macro 'IF_ASSIGN'
  303 |                 WARN_ON(id && (entry)->type != id);     \
      |                            ^
../kernel/trace/trace_output.c:1353:2: warning: converting the enum constant to a boolean [-Wint-in-bool-context]
../kernel/trace/trace.h:338:3: note: expanded from macro 'trace_assign_type'
  338 |                 IF_ASSIGN(var, ent, struct ftrace_graph_ent_entry,      \
      |                 ^
../kernel/trace/trace.h:303:14: note: expanded from macro 'IF_ASSIGN'
  303 |                 WARN_ON(id && (entry)->type != id);     \
      |                            ^
../kernel/trace/trace_output.c:1353:2: warning: converting the enum constant to a boolean [-Wint-in-bool-context]
../kernel/trace/trace.h:340:3: note: expanded from macro 'trace_assign_type'
  340 |                 IF_ASSIGN(var, ent, struct ftrace_graph_ret_entry,      \
      |                 ^
../kernel/trace/trace.h:303:14: note: expanded from macro 'IF_ASSIGN'
  303 |                 WARN_ON(id && (entry)->type != id);     \
      |                            ^
../kernel/trace/trace_output.c:1370:2: warning: converting the enum constant to a boolean [-Wint-in-bool-context]
 1370 |         trace_assign_type(field, iter->ent);
      |         ^
../kernel/trace/trace.h:327:3: note: expanded from macro 'trace_assign_type'
  327 |                 IF_ASSIGN(var, ent, struct stack_entry, TRACE_STACK);   \
      |                 ^
../kernel/trace/trace.h:303:14: note: expanded from macro 'IF_ASSIGN'
  303 |                 WARN_ON(id && (entry)->type != id);     \
      |                            ^
../kernel/trace/trace_output.c:1370:2: warning: converting the enum constant to a boolean [-Wint-in-bool-context]
../kernel/trace/trace.h:328:3: note: expanded from macro 'trace_assign_type'
  328 |                 IF_ASSIGN(var, ent, struct userstack_entry, TRACE_USER_STACK);\
      |                 ^
../kernel/trace/trace.h:303:14: note: expanded from macro 'IF_ASSIGN'
  303 |                 WARN_ON(id && (entry)->type != id);     \
      |                            ^
../kernel/trace/trace_output.c:1370:2: warning: converting the enum constant to a boolean [-Wint-in-bool-context]
../kernel/trace/trace.h:329:3: note: expanded from macro 'trace_assign_type'
  329 |                 IF_ASSIGN(var, ent, struct print_entry, TRACE_PRINT);   \
      |                 ^
../kernel/trace/trace.h:303:14: note: expanded from macro 'IF_ASSIGN'
  303 |                 WARN_ON(id && (entry)->type != id);     \
      |                            ^
../kernel/trace/trace_output.c:1370:2: warning: converting the enum constant to a boolean [-Wint-in-bool-context]
../kernel/trace/trace.h:330:3: note: expanded from macro 'trace_assign_type'
  330 |                 IF_ASSIGN(var, ent, struct bprint_entry, TRACE_BPRINT); \
      |                 ^
../kernel/trace/trace.h:303:14: note: expanded from macro 'IF_ASSIGN'
  303 |                 WARN_ON(id && (entry)->type != id);     \
      |                            ^
../kernel/trace/trace_output.c:1370:2: warning: converting the enum constant to a boolean [-Wint-in-bool-context]
../kernel/trace/trace.h:331:3: note: expanded from macro 'trace_assign_type'
  331 |                 IF_ASSIGN(var, ent, struct bputs_entry, TRACE_BPUTS);   \
      |                 ^
../kernel/trace/trace.h:303:14: note: expanded from macro 'IF_ASSIGN'
  303 |                 WARN_ON(id && (entry)->type != id);     \
      |                            ^
../kernel/trace/trace_output.c:1370:2: warning: converting the enum constant to a boolean [-Wint-in-bool-context]
../kernel/trace/trace.h:332:3: note: expanded from macro 'trace_assign_type'
  332 |                 IF_ASSIGN(var, ent, struct hwlat_entry, TRACE_HWLAT);   \
      |                 ^
../kernel/trace/trace.h:303:14: note: expanded from macro 'IF_ASSIGN'
  303 |                 WARN_ON(id && (entry)->type != id);     \
      |                            ^
../kernel/trace/trace_output.c:1370:2: warning: converting the enum constant to a boolean [-Wint-in-bool-context]
../kernel/trace/trace.h:333:3: note: expanded from macro 'trace_assign_type'
  333 |                 IF_ASSIGN(var, ent, struct trace_mmiotrace_rw,          \
      |                 ^
../kernel/trace/trace.h:303:14: note: expanded from macro 'IF_ASSIGN'
  303 |                 WARN_ON(id && (entry)->type != id);     \
      |                            ^
../kernel/trace/trace_output.c:1370:2: warning: converting the enum constant to a boolean [-Wint-in-bool-context]
../kernel/trace/trace.h:335:3: note: expanded from macro 'trace_assign_type'
  335 |                 IF_ASSIGN(var, ent, struct trace_mmiotrace_map,         \
      |                 ^
../kernel/trace/trace.h:303:14: note: expanded from macro 'IF_ASSIGN'
  303 |                 WARN_ON(id && (entry)->type != id);     \
      |                            ^
../kernel/trace/trace_output.c:1370:2: warning: converting the enum constant to a boolean [-Wint-in-bool-context]
../kernel/trace/trace.h:337:3: note: expanded from macro 'trace_assign_type'
  337 |                 IF_ASSIGN(var, ent, struct trace_branch, TRACE_BRANCH); \
      |                 ^
../kernel/trace/trace.h:303:14: note: expanded from macro 'IF_ASSIGN'
  303 |                 WARN_ON(id && (entry)->type != id);     \
      |                            ^
../kernel/trace/trace_output.c:1370:2: warning: converting the enum constant to a boolean [-Wint-in-bool-context]
../kernel/trace/trace.h:338:3: note: expanded from macro 'trace_assign_type'
  338 |                 IF_ASSIGN(var, ent, struct ftrace_graph_ent_entry,      \
      |                 ^
../kernel/trace/trace.h:303:14: note: expanded from macro 'IF_ASSIGN'
  303 |                 WARN_ON(id && (entry)->type != id);     \
      |                            ^
../kernel/trace/trace_output.c:1370:2: warning: converting the enum constant to a boolean [-Wint-in-bool-context]
../kernel/trace/trace.h:340:3: note: expanded from macro 'trace_assign_type'
  340 |                 IF_ASSIGN(var, ent, struct ftrace_graph_ret_entry,      \
      |                 ^
../kernel/trace/trace.h:303:14: note: expanded from macro 'IF_ASSIGN'
  303 |                 WARN_ON(id && (entry)->type != id);     \
      |                            ^
../kernel/trace/trace_output.c:1397:2: warning: converting the enum constant to a boolean [-Wint-in-bool-context]
 1397 |         trace_assign_type(field, entry);
      |         ^
../kernel/trace/trace.h:327:3: note: expanded from macro 'trace_assign_type'
  327 |                 IF_ASSIGN(var, ent, struct stack_entry, TRACE_STACK);   \
      |                 ^
../kernel/trace/trace.h:303:14: note: expanded from macro 'IF_ASSIGN'
  303 |                 WARN_ON(id && (entry)->type != id);     \
      |                            ^
../kernel/trace/trace_output.c:1397:2: warning: converting the enum constant to a boolean [-Wint-in-bool-context]
../kernel/trace/trace.h:328:3: note: expanded from macro 'trace_assign_type'
  328 |                 IF_ASSIGN(var, ent, struct userstack_entry, TRACE_USER_STACK);\
      |                 ^
../kernel/trace/trace.h:303:14: note: expanded from macro 'IF_ASSIGN'
  303 |                 WARN_ON(id && (entry)->type != id);     \
      |                            ^
../kernel/trace/trace_output.c:1397:2: warning: converting the enum constant to a boolean [-Wint-in-bool-context]
../kernel/trace/trace.h:329:3: note: expanded from macro 'trace_assign_type'
  329 |                 IF_ASSIGN(var, ent, struct print_entry, TRACE_PRINT);   \
      |                 ^
../kernel/trace/trace.h:303:14: note: expanded from macro 'IF_ASSIGN'
  303 |                 WARN_ON(id && (entry)->type != id);     \
      |                            ^
../kernel/trace/trace_output.c:1397:2: warning: converting the enum constant to a boolean [-Wint-in-bool-context]
../kernel/trace/trace.h:330:3: note: expanded from macro 'trace_assign_type'
  330 |                 IF_ASSIGN(var, ent, struct bprint_entry, TRACE_BPRINT); \
      |                 ^
../kernel/trace/trace.h:303:14: note: expanded from macro 'IF_ASSIGN'
  303 |                 WARN_ON(id && (entry)->type != id);     \
      |                            ^
../kernel/trace/trace_output.c:1397:2: warning: converting the enum constant to a boolean [-Wint-in-bool-context]
../kernel/trace/trace.h:331:3: note: expanded from macro 'trace_assign_type'
  331 |                 IF_ASSIGN(var, ent, struct bputs_entry, TRACE_BPUTS);   \
      |                 ^
../kernel/trace/trace.h:303:14: note: expanded from macro 'IF_ASSIGN'
  303 |                 WARN_ON(id && (entry)->type != id);     \
      |                            ^
../kernel/trace/trace_output.c:1397:2: warning: converting the enum constant to a boolean [-Wint-in-bool-context]
../kernel/trace/trace.h:332:3: note: expanded from macro 'trace_assign_type'
  332 |                 IF_ASSIGN(var, ent, struct hwlat_entry, TRACE_HWLAT);   \
      |                 ^
../kernel/trace/trace.h:303:14: note: expanded from macro 'IF_ASSIGN'
  303 |                 WARN_ON(id && (entry)->type != id);     \
      |                            ^
../kernel/trace/trace_output.c:1397:2: warning: converting the enum constant to a boolean [-Wint-in-bool-context]
../kernel/trace/trace.h:333:3: note: expanded from macro 'trace_assign_type'
  333 |                 IF_ASSIGN(var, ent, struct trace_mmiotrace_rw,          \
      |                 ^
../kernel/trace/trace.h:303:14: note: expanded from macro 'IF_ASSIGN'
  303 |                 WARN_ON(id && (entry)->type != id);     \
      |                            ^
../kernel/trace/trace_output.c:1397:2: warning: converting the enum constant to a boolean [-Wint-in-bool-context]
../kernel/trace/trace.h:335:3: note: expanded from macro 'trace_assign_type'
  335 |                 IF_ASSIGN(var, ent, struct trace_mmiotrace_map,         \
      |                 ^
../kernel/trace/trace.h:303:14: note: expanded from macro 'IF_ASSIGN'
  303 |                 WARN_ON(id && (entry)->type != id);     \
      |                            ^
../kernel/trace/trace_output.c:1397:2: warning: converting the enum constant to a boolean [-Wint-in-bool-context]
../kernel/trace/trace.h:337:3: note: expanded from macro 'trace_assign_type'
  337 |                 IF_ASSIGN(var, ent, struct trace_branch, TRACE_BRANCH); \
      |                 ^
../kernel/trace/trace.h:303:14: note: expanded from macro 'IF_ASSIGN'
  303 |                 WARN_ON(id && (entry)->type != id);     \
      |                            ^
../kernel/trace/trace_output.c:1397:2: warning: converting the enum constant to a boolean [-Wint-in-bool-context]
../kernel/trace/trace.h:338:3: note: expanded from macro 'trace_assign_type'
  338 |                 IF_ASSIGN(var, ent, struct ftrace_graph_ent_entry,      \
      |                 ^
../kernel/trace/trace.h:303:14: note: expanded from macro 'IF_ASSIGN'
  303 |                 WARN_ON(id && (entry)->type != id);     \
      |                            ^
../kernel/trace/trace_output.c:1397:2: warning: converting the enum constant to a boolean [-Wint-in-bool-context]
../kernel/trace/trace.h:340:3: note: expanded from macro 'trace_assign_type'
  340 |                 IF_ASSIGN(var, ent, struct ftrace_graph_ret_entry,      \
      |                 ^
../kernel/trace/trace.h:303:14: note: expanded from macro 'IF_ASSIGN'
  303 |                 WARN_ON(id && (entry)->type != id);     \
      |                            ^
../kernel/trace/trace_output.c:1414:2: warning: converting the enum constant to a boolean [-Wint-in-bool-context]
 1414 |         trace_assign_type(field, iter->ent);
      |         ^
../kernel/trace/trace.h:327:3: note: expanded from macro 'trace_assign_type'
  327 |                 IF_ASSIGN(var, ent, struct stack_entry, TRACE_STACK);   \
      |                 ^
../kernel/trace/trace.h:303:14: note: expanded from macro 'IF_ASSIGN'
  303 |                 WARN_ON(id && (entry)->type != id);     \
      |                            ^
../kernel/trace/trace_output.c:1414:2: warning: converting the enum constant to a boolean [-Wint-in-bool-context]
../kernel/trace/trace.h:328:3: note: expanded from macro 'trace_assign_type'
  328 |                 IF_ASSIGN(var, ent, struct userstack_entry, TRACE_USER_STACK);\
      |                 ^
../kernel/trace/trace.h:303:14: note: expanded from macro 'IF_ASSIGN'
  303 |                 WARN_ON(id && (entry)->type != id);     \
      |                            ^
../kernel/trace/trace_output.c:1414:2: warning: converting the enum constant to a boolean [-Wint-in-bool-context]
../kernel/trace/trace.h:329:3: note: expanded from macro 'trace_assign_type'
  329 |                 IF_ASSIGN(var, ent, struct print_entry, TRACE_PRINT);   \
      |                 ^
../kernel/trace/trace.h:303:14: note: expanded from macro 'IF_ASSIGN'
  303 |                 WARN_ON(id && (entry)->type != id);     \
      |                            ^
../kernel/trace/trace_output.c:1414:2: warning: converting the enum constant to a boolean [-Wint-in-bool-context]
../kernel/trace/trace.h:330:3: note: expanded from macro 'trace_assign_type'
  330 |                 IF_ASSIGN(var, ent, struct bprint_entry, TRACE_BPRINT); \
      |                 ^
../kernel/trace/trace.h:303:14: note: expanded from macro 'IF_ASSIGN'
  303 |                 WARN_ON(id && (entry)->type != id);     \
      |                            ^
../kernel/trace/trace_output.c:1414:2: warning: converting the enum constant to a boolean [-Wint-in-bool-context]
../kernel/trace/trace.h:331:3: note: expanded from macro 'trace_assign_type'
  331 |                 IF_ASSIGN(var, ent, struct bputs_entry, TRACE_BPUTS);   \
      |                 ^
../kernel/trace/trace.h:303:14: note: expanded from macro 'IF_ASSIGN'
  303 |                 WARN_ON(id && (entry)->type != id);     \
      |                            ^
../kernel/trace/trace_output.c:1414:2: warning: converting the enum constant to a boolean [-Wint-in-bool-context]
../kernel/trace/trace.h:332:3: note: expanded from macro 'trace_assign_type'
  332 |                 IF_ASSIGN(var, ent, struct hwlat_entry, TRACE_HWLAT);   \
      |                 ^
../kernel/trace/trace.h:303:14: note: expanded from macro 'IF_ASSIGN'
  303 |                 WARN_ON(id && (entry)->type != id);     \
      |                            ^
../kernel/trace/trace_output.c:1414:2: warning: converting the enum constant to a boolean [-Wint-in-bool-context]
../kernel/trace/trace.h:333:3: note: expanded from macro 'trace_assign_type'
  333 |                 IF_ASSIGN(var, ent, struct trace_mmiotrace_rw,          \
      |                 ^
../kernel/trace/trace.h:303:14: note: expanded from macro 'IF_ASSIGN'
  303 |                 WARN_ON(id && (entry)->type != id);     \
      |                            ^
../kernel/trace/trace_output.c:1414:2: warning: converting the enum constant to a boolean [-Wint-in-bool-context]
../kernel/trace/trace.h:335:3: note: expanded from macro 'trace_assign_type'
  335 |                 IF_ASSIGN(var, ent, struct trace_mmiotrace_map,         \
      |                 ^
../kernel/trace/trace.h:303:14: note: expanded from macro 'IF_ASSIGN'
  303 |                 WARN_ON(id && (entry)->type != id);     \
      |                            ^
../kernel/trace/trace_output.c:1414:2: warning: converting the enum constant to a boolean [-Wint-in-bool-context]
../kernel/trace/trace.h:337:3: note: expanded from macro 'trace_assign_type'
  337 |                 IF_ASSIGN(var, ent, struct trace_branch, TRACE_BRANCH); \
      |                 ^
../kernel/trace/trace.h:303:14: note: expanded from macro 'IF_ASSIGN'
  303 |                 WARN_ON(id && (entry)->type != id);     \
      |                            ^
../kernel/trace/trace_output.c:1414:2: warning: converting the enum constant to a boolean [-Wint-in-bool-context]
../kernel/trace/trace.h:338:3: note: expanded from macro 'trace_assign_type'
  338 |                 IF_ASSIGN(var, ent, struct ftrace_graph_ent_entry,      \
      |                 ^
../kernel/trace/trace.h:303:14: note: expanded from macro 'IF_ASSIGN'
  303 |                 WARN_ON(id && (entry)->type != id);     \
      |                            ^
../kernel/trace/trace_output.c:1414:2: warning: converting the enum constant to a boolean [-Wint-in-bool-context]
../kernel/trace/trace.h:340:3: note: expanded from macro 'trace_assign_type'
  340 |                 IF_ASSIGN(var, ent, struct ftrace_graph_ret_entry,      \
      |                 ^
../kernel/trace/trace.h:303:14: note: expanded from macro 'IF_ASSIGN'
  303 |                 WARN_ON(id && (entry)->type != id);     \
      |                            ^
../kernel/trace/trace_output.c:1439:2: warning: converting the enum constant to a boolean [-Wint-in-bool-context]
 1439 |         trace_assign_type(field, iter->ent);
      |         ^
../kernel/trace/trace.h:327:3: note: expanded from macro 'trace_assign_type'
  327 |                 IF_ASSIGN(var, ent, struct stack_entry, TRACE_STACK);   \
      |                 ^
../kernel/trace/trace.h:303:14: note: expanded from macro 'IF_ASSIGN'
  303 |                 WARN_ON(id && (entry)->type != id);     \
      |                            ^
../kernel/trace/trace_output.c:1439:2: warning: converting the enum constant to a boolean [-Wint-in-bool-context]
../kernel/trace/trace.h:328:3: note: expanded from macro 'trace_assign_type'
  328 |                 IF_ASSIGN(var, ent, struct userstack_entry, TRACE_USER_STACK);\
      |                 ^
../kernel/trace/trace.h:303:14: note: expanded from macro 'IF_ASSIGN'
  303 |                 WARN_ON(id && (entry)->type != id);     \
      |                            ^
../kernel/trace/trace_output.c:1439:2: warning: converting the enum constant to a boolean [-Wint-in-bool-context]
../kernel/trace/trace.h:329:3: note: expanded from macro 'trace_assign_type'
  329 |                 IF_ASSIGN(var, ent, struct print_entry, TRACE_PRINT);   \
      |                 ^
../kernel/trace/trace.h:303:14: note: expanded from macro 'IF_ASSIGN'
  303 |                 WARN_ON(id && (entry)->type != id);     \
      |                            ^
../kernel/trace/trace_output.c:1439:2: warning: converting the enum constant to a boolean [-Wint-in-bool-context]
../kernel/trace/trace.h:330:3: note: expanded from macro 'trace_assign_type'
  330 |                 IF_ASSIGN(var, ent, struct bprint_entry, TRACE_BPRINT); \
      |                 ^
../kernel/trace/trace.h:303:14: note: expanded from macro 'IF_ASSIGN'
  303 |                 WARN_ON(id && (entry)->type != id);     \
      |                            ^
../kernel/trace/trace_output.c:1439:2: warning: converting the enum constant to a boolean [-Wint-in-bool-context]
../kernel/trace/trace.h:331:3: note: expanded from macro 'trace_assign_type'
  331 |                 IF_ASSIGN(var, ent, struct bputs_entry, TRACE_BPUTS);   \
      |                 ^
../kernel/trace/trace.h:303:14: note: expanded from macro 'IF_ASSIGN'
  303 |                 WARN_ON(id && (entry)->type != id);     \
      |                            ^
../kernel/trace/trace_output.c:1439:2: warning: converting the enum constant to a boolean [-Wint-in-bool-context]
../kernel/trace/trace.h:332:3: note: expanded from macro 'trace_assign_type'
  332 |                 IF_ASSIGN(var, ent, struct hwlat_entry, TRACE_HWLAT);   \
      |                 ^
../kernel/trace/trace.h:303:14: note: expanded from macro 'IF_ASSIGN'
  303 |                 WARN_ON(id && (entry)->type != id);     \
      |                            ^
../kernel/trace/trace_output.c:1439:2: warning: converting the enum constant to a boolean [-Wint-in-bool-context]
../kernel/trace/trace.h:333:3: note: expanded from macro 'trace_assign_type'
  333 |                 IF_ASSIGN(var, ent, struct trace_mmiotrace_rw,          \
      |                 ^
../kernel/trace/trace.h:303:14: note: expanded from macro 'IF_ASSIGN'
  303 |                 WARN_ON(id && (entry)->type != id);     \
      |                            ^
../kernel/trace/trace_output.c:1439:2: warning: converting the enum constant to a boolean [-Wint-in-bool-context]
../kernel/trace/trace.h:335:3: note: expanded from macro 'trace_assign_type'
  335 |                 IF_ASSIGN(var, ent, struct trace_mmiotrace_map,         \
      |                 ^
../kernel/trace/trace.h:303:14: note: expanded from macro 'IF_ASSIGN'
  303 |                 WARN_ON(id && (entry)->type != id);     \
      |                            ^
../kernel/trace/trace_output.c:1439:2: warning: converting the enum constant to a boolean [-Wint-in-bool-context]
../kernel/trace/trace.h:337:3: note: expanded from macro 'trace_assign_type'
  337 |                 IF_ASSIGN(var, ent, struct trace_branch, TRACE_BRANCH); \
      |                 ^
../kernel/trace/trace.h:303:14: note: expanded from macro 'IF_ASSIGN'
  303 |                 WARN_ON(id && (entry)->type != id);     \
      |                            ^
../kernel/trace/trace_output.c:1439:2: warning: converting the enum constant to a boolean [-Wint-in-bool-context]
../kernel/trace/trace.h:338:3: note: expanded from macro 'trace_assign_type'
  338 |                 IF_ASSIGN(var, ent, struct ftrace_graph_ent_entry,      \
      |                 ^
../kernel/trace/trace.h:303:14: note: expanded from macro 'IF_ASSIGN'
  303 |                 WARN_ON(id && (entry)->type != id);     \
      |                            ^
../kernel/trace/trace_output.c:1439:2: warning: converting the enum constant to a boolean [-Wint-in-bool-context]
../kernel/trace/trace.h:340:3: note: expanded from macro 'trace_assign_type'
  340 |                 IF_ASSIGN(var, ent, struct ftrace_graph_ret_entry,      \
      |                 ^
../kernel/trace/trace.h:303:14: note: expanded from macro 'IF_ASSIGN'
  303 |                 WARN_ON(id && (entry)->type != id);     \
      |                            ^
../kernel/trace/trace_output.c:1452:2: warning: converting the enum constant to a boolean [-Wint-in-bool-context]
 1452 |         trace_assign_type(field, iter->ent);
      |         ^
../kernel/trace/trace.h:327:3: note: expanded from macro 'trace_assign_type'
  327 |                 IF_ASSIGN(var, ent, struct stack_entry, TRACE_STACK);   \
      |                 ^
../kernel/trace/trace.h:303:14: note: expanded from macro 'IF_ASSIGN'
  303 |                 WARN_ON(id && (entry)->type != id);     \
      |                            ^
../kernel/trace/trace_output.c:1452:2: warning: converting the enum constant to a boolean [-Wint-in-bool-context]
../kernel/trace/trace.h:328:3: note: expanded from macro 'trace_assign_type'
  328 |                 IF_ASSIGN(var, ent, struct userstack_entry, TRACE_USER_STACK);\
      |                 ^
../kernel/trace/trace.h:303:14: note: expanded from macro 'IF_ASSIGN'
  303 |                 WARN_ON(id && (entry)->type != id);     \
      |                            ^
../kernel/trace/trace_output.c:1452:2: warning: converting the enum constant to a boolean [-Wint-in-bool-context]
../kernel/trace/trace.h:329:3: note: expanded from macro 'trace_assign_type'
  329 |                 IF_ASSIGN(var, ent, struct print_entry, TRACE_PRINT);   \
      |                 ^
../kernel/trace/trace.h:303:14: note: expanded from macro 'IF_ASSIGN'
  303 |                 WARN_ON(id && (entry)->type != id);     \
      |                            ^
../kernel/trace/trace_output.c:1452:2: warning: converting the enum constant to a boolean [-Wint-in-bool-context]
../kernel/trace/trace.h:330:3: note: expanded from macro 'trace_assign_type'
  330 |                 IF_ASSIGN(var, ent, struct bprint_entry, TRACE_BPRINT); \
      |                 ^
../kernel/trace/trace.h:303:14: note: expanded from macro 'IF_ASSIGN'
  303 |                 WARN_ON(id && (entry)->type != id);     \
      |                            ^
../kernel/trace/trace_output.c:1452:2: warning: converting the enum constant to a boolean [-Wint-in-bool-context]
../kernel/trace/trace.h:331:3: note: expanded from macro 'trace_assign_type'
  331 |                 IF_ASSIGN(var, ent, struct bputs_entry, TRACE_BPUTS);   \
      |                 ^
../kernel/trace/trace.h:303:14: note: expanded from macro 'IF_ASSIGN'
  303 |                 WARN_ON(id && (entry)->type != id);     \
      |                            ^
../kernel/trace/trace_output.c:1452:2: warning: converting the enum constant to a boolean [-Wint-in-bool-context]
../kernel/trace/trace.h:332:3: note: expanded from macro 'trace_assign_type'
  332 |                 IF_ASSIGN(var, ent, struct hwlat_entry, TRACE_HWLAT);   \
      |                 ^
../kernel/trace/trace.h:303:14: note: expanded from macro 'IF_ASSIGN'
  303 |                 WARN_ON(id && (entry)->type != id);     \
      |                            ^
../kernel/trace/trace_output.c:1452:2: warning: converting the enum constant to a boolean [-Wint-in-bool-context]
../kernel/trace/trace.h:333:3: note: expanded from macro 'trace_assign_type'
  333 |                 IF_ASSIGN(var, ent, struct trace_mmiotrace_rw,          \
      |                 ^
../kernel/trace/trace.h:303:14: note: expanded from macro 'IF_ASSIGN'
  303 |                 WARN_ON(id && (entry)->type != id);     \
      |                            ^
../kernel/trace/trace_output.c:1452:2: warning: converting the enum constant to a boolean [-Wint-in-bool-context]
../kernel/trace/trace.h:335:3: note: expanded from macro 'trace_assign_type'
  335 |                 IF_ASSIGN(var, ent, struct trace_mmiotrace_map,         \
      |                 ^
../kernel/trace/trace.h:303:14: note: expanded from macro 'IF_ASSIGN'
  303 |                 WARN_ON(id && (entry)->type != id);     \
      |                            ^
../kernel/trace/trace_output.c:1452:2: warning: converting the enum constant to a boolean [-Wint-in-bool-context]
../kernel/trace/trace.h:337:3: note: expanded from macro 'trace_assign_type'
  337 |                 IF_ASSIGN(var, ent, struct trace_branch, TRACE_BRANCH); \
      |                 ^
../kernel/trace/trace.h:303:14: note: expanded from macro 'IF_ASSIGN'
  303 |                 WARN_ON(id && (entry)->type != id);     \
      |                            ^
../kernel/trace/trace_output.c:1452:2: warning: converting the enum constant to a boolean [-Wint-in-bool-context]
../kernel/trace/trace.h:338:3: note: expanded from macro 'trace_assign_type'
  338 |                 IF_ASSIGN(var, ent, struct ftrace_graph_ent_entry,      \
      |                 ^
../kernel/trace/trace.h:303:14: note: expanded from macro 'IF_ASSIGN'
  303 |                 WARN_ON(id && (entry)->type != id);     \
      |                            ^
../kernel/trace/trace_output.c:1452:2: warning: converting the enum constant to a boolean [-Wint-in-bool-context]
../kernel/trace/trace.h:340:3: note: expanded from macro 'trace_assign_type'
  340 |                 IF_ASSIGN(var, ent, struct ftrace_graph_ret_entry,      \
      |                 ^
../kernel/trace/trace.h:303:14: note: expanded from macro 'IF_ASSIGN'
  303 |                 WARN_ON(id && (entry)->type != id);     \
      |                            ^
  CC      drivers/gpu/msm/kgsl_drawobj.o
  CC      lib/strncpy_from_user.o
  CC      net/ipv6/ip6_fib.o
  LD      drivers/hwspinlock/built-in.o
  CC      kernel/sched/wait.o
  CC      kernel/time/timekeeping.o
  CC      mm/migrate.o
  CC      net/ipv4/tcp.o
  CC      drivers/hid/hid-multitouch.o
319 warnings generated.
  CC      techpack/audio/asoc/codecs/wsa881x.o
  CC      fs/cifs/asn1.o
  CC      kernel/trace/trace_seq.o
  CC      fs/ecryptfs/super.o
  CC      kernel/profile.o
  CC      techpack/audio/asoc/codecs/wsa881x-tables.o
  CC      drivers/gpu/drm/drm_kms_helper_common.o
  CC      net/core/neighbour.o
  CC      net/l2tp/l2tp_ip6.o
  CC      drivers/gpu/drm/drm_dp_dual_mode_helper.o
  CC      kernel/stacktrace.o
  CC      drivers/gpu/drm/drm_simple_kms_helper.o
  CC      lib/strnlen_user.o
  CC      net/ipv6/ipv6_sockglue.o
  LD      drivers/hwtracing/intel_th/built-in.o
  CC      kernel/time/ntp.o
  CC      drivers/hid/hid-plantronics.o
  CC      net/netlabel/netlabel_addrlist.o
  CC      net/netfilter/nf_queue.o
  CC      fs/ecryptfs/mmap.o
  CC      kernel/futex.o
  CC      kernel/sched/swait.o
  CC      kernel/trace/trace_stat.o
  CC      drivers/gpu/drm/drm_modeset_helper.o
  CC      lib/net_utils.o
  CC      drivers/gpu/msm/kgsl_ioctl.o
  CC      drivers/hid/hid-sony.o
  CC      techpack/audio/asoc/codecs/wsa881x-regmap.o
  CC      kernel/trace/trace_printk.o
  CC      fs/cifs/cifs_unicode.o
  CC      kernel/time/clocksource.o
  CC      net/ipv4/tcp_input.o
  CC      kernel/sched/completion.o
  CC      net/ipv4/tcp_output.o
  CC      kernel/sched/idle.o
  LD      net/l2tp/built-in.o
  CC      kernel/sched/cpupri.o
  CC      fs/ecryptfs/read_write.o
  LD      fs/exofs/built-in.o
  CC      net/netlabel/netlabel_mgmt.o
  CC      mm/page_counter.o
  CC      drivers/i2c/i2c-boardinfo.o
  CC      drivers/gpu/msm/kgsl_sharedmem.o
  CC      drivers/i2c/i2c-core.o
  CC      drivers/i2c/i2c-dev.o
  CC      lib/sg_pool.o
  CC      drivers/gpu/drm/drm_auth.o
  CC      net/ipv4/tcp_timer.o
  CC      mm/memcontrol.o
  CC      drivers/i2c/i2c-mux.o
  CC      kernel/time/jiffies.o
  CC      fs/ecryptfs/crypto.o
  CC      kernel/trace/trace_sched_switch.o
  CC      drivers/hid/usbhid/hid-core.o
  CC      techpack/audio/asoc/codecs/wsa881x-temp-sensor.o
  CC      fs/cifs/nterr.o
  CC      net/netfilter/nf_sockopt.o
  CC      kernel/sched/cpudeadline.o
  CC      kernel/sched/energy.o
  CC      drivers/gpu/drm/drm_bufs.o
  CC      net/ipv6/ndisc.o
  CC      drivers/gpu/drm/drm_cache.o
  CC      lib/sbitmap.o
  CC      fs/ecryptfs/keystore.o
  CC      kernel/time/timer_list.o
  CC      fs/cifs/cifsencrypt.o
  CC      net/netlabel/netlabel_unlabeled.o
  CC      mm/swap_cgroup.o
  CC      drivers/gpu/msm/kgsl_pwrctrl.o
  CC      kernel/trace/trace_cpu_freq_switch.o
  CC      net/core/rtnetlink.o
  CC      net/core/utils.o
  CC      drivers/hid/usbhid/hid-quirks.o
  CC      kernel/sched/sched_avg.o
  CC      techpack/audio/asoc/codecs/wcd-spi.o
  CC      kernel/time/timeconv.o
  CC      lib/qmi_encdec.o
  CC      kernel/trace/trace_nop.o
  CC      drivers/gpu/drm/drm_context.o
../fs/ecryptfs/keystore.c:1173:43: warning: taking address of packed member 'session_key' of class or structure 'ecryptfs_auth_tok' may result in an unaligned pointer value [-Waddress-of-packed-member]
 1173 |         rc = write_tag_64_packet(auth_tok_sig, &(auth_tok->session_key),
      |                                                  ^~~~~~~~~~~~~~~~~~~~~
../fs/ecryptfs/keystore.c:1192:29: warning: taking address of packed member 'session_key' of class or structure 'ecryptfs_auth_tok' may result in an unaligned pointer value [-Waddress-of-packed-member]
 1192 |         rc = parse_tag_65_packet(&(auth_tok->session_key),
      |                                    ^~~~~~~~~~~~~~~~~~~~~
  CC      kernel/smp.o
  CC      net/netlink/af_netlink.o
  CC      net/netfilter/nfnetlink.o
  CC      net/packet/af_packet.o
  CC      drivers/gpu/msm/kgsl_pwrscale.o
  CC      kernel/time/timecounter.o
  LD      drivers/hid/usbhid/usbhid.o
  LD      drivers/hid/usbhid/built-in.o
  LD      drivers/hid/hid.o
  CC      kernel/time/posix-clock.o
  LD      drivers/hid/built-in.o
  CC      kernel/time/alarmtimer.o
  CC      techpack/audio/asoc/codecs/msm_stub.o
  CC      kernel/time/clockevents.o
  CC      drivers/i2c/algos/i2c-algo-bit.o
2 warnings generated.
  CC      kernel/trace/blktrace.o
  CC      net/netlabel/netlabel_cipso_v4.o
  CC      drivers/gpu/drm/drm_dma.o
  CC      fs/ecryptfs/kthread.o
  CC      kernel/time/tick-common.o
  CC      lib/argv_split.o
  CC      kernel/sched/walt.o
  CC      fs/cifs/readdir.o
  CC      kernel/sched/boost.o
  CC      net/netlink/genetlink.o
  CC      techpack/audio/asoc/codecs/wcd9xxx-rst.o
  CC      net/ipv6/udp.o
  CC      lib/bug.o
  CC      fs/ecryptfs/debug.o
  CC      kernel/time/tick-broadcast.o
  CC      net/netfilter/nfnetlink_queue.o
  LD      drivers/i2c/algos/built-in.o
  CC      fs/ecryptfs/messaging.o
  CC      drivers/gpu/drm/drm_fops.o
  CC      drivers/i2c/busses/i2c-qcom-geni.o
  CC      lib/chacha.o
  CC      kernel/sched/auto_group.o
  CC      drivers/gpu/msm/kgsl_mmu.o
  LD      drivers/i2c/muxes/built-in.o
  CC      net/netfilter/nfnetlink_log.o
  CC      net/ipv6/udplite.o
  CC      techpack/audio/asoc/codecs/wcd9xxx-core-init.o
  CC      mm/page_isolation.o
  CC      fs/ext4/balloc.o
  CC      kernel/trace/trace_events.o
  CC      fs/f2fs/dir.o
  CC      net/ipv4/tcp_ipv4.o
  CC      net/netlabel/netlabel_calipso.o
  CC      lib/cmdline.o
  CC      techpack/audio/asoc/codecs/wcd9xxx-core.o
  CC      kernel/time/tick-broadcast-hrtimer.o
  CC      net/core/link_watch.o
  CC      fs/ecryptfs/miscdev.o
../net/netfilter/nfnetlink_queue.c:466:21: warning: taking address of packed member 'packet_id' of class or structure 'nfqnl_msg_packet_hdr' may result in an unaligned pointer value [-Waddress-of-packed-member]
  466 |         *packet_id_ptr          = &pmsg->packet_id;
      |                                    ^~~~~~~~~~~~~~~
  CC      fs/cifs/ioctl.o
  CC      drivers/gpu/msm/kgsl_snapshot.o
  CC      lib/cpumask.o
  LD      drivers/i2c/busses/built-in.o
  CC      mm/zsmalloc.o
  LD      drivers/i2c/built-in.o
  CC      fs/fat/cache.o
  CC      net/netfilter/nf_conntrack_core.o
  CC      fs/ext4/bitmap.o
  CC      kernel/sched/stats.o
  CC      drivers/gpu/drm/drm_gem.o
1 warning generated.
  CC      fs/cifs/sess.o
  CC      kernel/time/sched_clock.o
  CC      techpack/audio/asoc/codecs/wcd9xxx-irq.o
../drivers/gpu/msm/kgsl_snapshot.c:181:43: warning: taking address of packed member 'current_context' of class or structure 'kgsl_snapshot_linux_v2' may result in an unaligned pointer value [-Waddress-of-packed-member]
  181 |         kgsl_sharedmem_readl(&device->memstore, &header->current_context,
      |                                                  ^~~~~~~~~~~~~~~~~~~~~~~
  LD      net/netlink/built-in.o
  CC      lib/ctype.o
../drivers/gpu/msm/kgsl_snapshot.c:698:38: warning: taking address of packed member 'chipid' of class or structure 'kgsl_snapshot_header' may result in an unaligned pointer value [-Waddress-of-packed-member]
  698 |         header->gpuid = kgsl_gpuid(device, &header->chipid);
      |                                             ^~~~~~~~~~~~~~
  CC      drivers/gpu/msm/kgsl_events.o
  CC      lib/dec_and_lock.o
  LD      fs/ecryptfs/ecryptfs.o
  LD      fs/ecryptfs/built-in.o
  CC      kernel/time/tick-oneshot.o
  CC      kernel/sched/debug.o
  LD      net/packet/built-in.o
  CC      fs/fat/dir.o
  CC      net/ipv6/raw.o
  CC      kernel/trace/trace_export.o
  CC      fs/f2fs/file.o
  CC      lib/decompress.o
  CC      fs/ext4/dir.o
2 warnings generated.
  CC      drivers/gpu/drm/drm_ioctl.o
  CC      lib/decompress_bunzip2.o
  CC      fs/ext4/file.o
  CC      fs/ext4/fsync.o
  CC      fs/f2fs/inode.o
  CC      kernel/uid16.o
  CC      kernel/time/tick-sched.o
  LD      net/netlabel/built-in.o
  CC      fs/fuse/dev.o
  CC      fs/fat/fatent.o
  CC      net/core/filter.o
  CC      techpack/audio/asoc/codecs/wcd9xxx-slimslave.o
  CC      fs/f2fs/namei.o
  CC      kernel/trace/trace_event_perf.o
  LD      drivers/idle/built-in.o
  CC      fs/f2fs/hash.o
  CC      fs/cifs/export.o
  CC      mm/early_ioremap.o
  CC      fs/f2fs/super.o
  CC      drivers/gpu/msm/kgsl_pool.o
  CC      lib/decompress_inflate.o
  CC      fs/f2fs/inline.o
  CC      kernel/sched/tune.o
  CC      net/ipv4/tcp_minisocks.o
  CC      fs/cifs/smb1ops.o
  CC      fs/ext4/ialloc.o
  CC      drivers/gpu/drm/drm_irq.o
  CC      mm/cma.o
  CC      kernel/time/timekeeping_debug.o
  CC      lib/decompress_unlzma.o
  CC      drivers/gpu/msm/kgsl_gmu.o
  CC      net/ipv6/icmp.o
  CC      techpack/audio/asoc/codecs/wcd9xxx-utils.o
  CC      fs/jbd2/transaction.o
  CC      fs/fat/file.o
  CC      kernel/trace/trace_events_filter.o
  CC      fs/jbd2/commit.o
  CC      net/netfilter/nf_conntrack_standalone.o
  CC      fs/jbd2/recovery.o
  CC      drivers/iio/industrialio-core.o
  LD      kernel/time/built-in.o
  CC      kernel/sched/cpuacct.o
  CC      lib/dma-noop.o
  CC      kernel/sched/cpufreq.o
  CC      mm/usercopy.o
  CC      fs/ext4/inode.o
  CC      fs/fuse/dir.o
  CC      drivers/gpu/msm/kgsl_hfi.o
  CC      drivers/iio/industrialio-event.o
  CC      kernel/module.o
  CC      net/ipv4/tcp_cong.o
  CC      drivers/iio/inkern.o
  CC      net/rfkill/core.o
  CC      fs/fuse/file.o
  CC      lib/dump_stack.o
  CC      kernel/sched/cpufreq_schedutil.o
  CC      fs/cifs/winucase.o
  CC      drivers/gpu/drm/drm_lock.o
  CC      techpack/audio/asoc/codecs/wcd9335-regmap.o
  LD      fs/cifs/cifs.o
  CC      fs/jbd2/checkpoint.o
  CC      net/ipv6/mcast.o
  LD      fs/cifs/built-in.o
  CC      fs/fuse/inode.o
  CC      fs/fat/inode.o
  CC      kernel/kallsyms.o
  CC      net/netfilter/nf_conntrack_expect.o
  CC      kernel/trace/trace_events_trigger.o
  LD      mm/built-in.o
  CC      kernel/sched/core_ctl.o
  CC      lib/earlycpio.o
  CC      fs/fat/misc.o
  CC      lib/extable.o
  CC      net/ipv4/tcp_metrics.o
  LD      drivers/iio/accel/built-in.o
  CC      drivers/gpu/msm/kgsl_iommu.o
  CC      drivers/iio/adc/qcom-rradc.o
  CC      net/core/sock_diag.o
  LD      net/rfkill/rfkill.o
  LD      net/rfkill/built-in.o
  CC      techpack/audio/asoc/codecs/wcd9335-tables.o
  CC      techpack/audio/asoc/codecs/msm-cdc-pinctrl.o
  LD      drivers/iio/amplifiers/built-in.o
  CC      net/core/dev_ioctl.o
  CC      fs/kernfs/mount.o
  CC      lib/fdt.o
  CC      fs/jbd2/revoke.o
  CC      lib/fdt_empty_tree.o
  CC      lib/fdt_ro.o
  CC      fs/f2fs/checkpoint.o
  CC      fs/kernfs/inode.o
  CC      kernel/compat.o
  CC      drivers/gpu/drm/drm_memory.o
  CC      drivers/gpu/msm/kgsl_debugfs.o
  LD      drivers/iio/adc/built-in.o
  CC      kernel/cgroup.o
  LD      drivers/iio/buffer/built-in.o
  CC      techpack/audio/asoc/codecs/msm-cdc-supply.o
  LD      drivers/iio/chemical/built-in.o
  LD      drivers/iio/common/hid-sensors/built-in.o
  LD      drivers/iio/common/ms_sensors/built-in.o
  CC      fs/kernfs/dir.o
  LD      drivers/iio/common/ssp_sensors/built-in.o
  LD      drivers/iio/common/st_sensors/built-in.o
  LD      drivers/iio/common/built-in.o
  CC      kernel/trace/power-traces.o
  CC      fs/jbd2/journal.o
  LD      drivers/iio/dac/built-in.o
  CC      lib/fdt_rw.o
  LD      drivers/iio/dummy/built-in.o
  LD      drivers/iio/frequency/built-in.o
  CC      fs/fat/nfs.o
  LD      drivers/iio/gyro/built-in.o
  LD      drivers/iio/health/built-in.o
  LD      drivers/iio/humidity/built-in.o
  LD      drivers/iio/imu/bmi160/built-in.o
  CC      lib/fdt_strerror.o
  LD      drivers/iio/imu/inv_icm20602/built-in.o
  LD      drivers/iio/imu/inv_mpu/inv_test/built-in.o
  LD      drivers/iio/imu/inv_mpu/built-in.o
  LD      drivers/iio/imu/inv_mpu6050/built-in.o
  LD      drivers/iio/imu/st_asm330lhh/built-in.o
  LD      drivers/iio/imu/built-in.o
  CC      fs/nls/nls_base.o
  CC      lib/fdt_sw.o
  CC      techpack/audio/asoc/codecs/wcd934x/wcd934x-regmap.o
  CC      fs/fuse/control.o
  CC      kernel/sched/psi.o
  LD      drivers/iio/light/built-in.o
  LD      drivers/iio/magnetometer/built-in.o
  LD      drivers/iio/orientation/built-in.o
  LD      drivers/iio/potentiometer/built-in.o
  LD      drivers/iio/pressure/built-in.o
  LD      drivers/iio/proximity/built-in.o
  CC      fs/ext4/page-io.o
  CC      net/netfilter/nf_conntrack_helper.o
  LD      drivers/iio/temperature/built-in.o
  CC      lib/fdt_wip.o
  LD      drivers/iio/trigger/built-in.o
  LD      drivers/iio/industrialio.o
  CC      net/netfilter/nf_conntrack_proto.o
  CC      fs/fat/namei_vfat.o
  LD      drivers/iio/built-in.o
  CC      lib/flex_proportions.o
  CC      net/core/tso.o
  CC      drivers/gpu/drm/drm_drv.o
  CC      fs/ext4/ioctl.o
  CC      drivers/input/input.o
  CC      drivers/gpu/msm/kgsl_sync.o
  CC      fs/f2fs/gc.o
  CC      net/ipv4/tcp_fastopen.o
  CC      fs/nls/nls_cp437.o
  CC      fs/fuse/xattr.o
  CC      lib/idr.o
  CC      techpack/audio/asoc/codecs/wcd934x/wcd934x-tables.o
  CC      fs/kernfs/file.o
  CC      net/ipv6/reassembly.o
  CC      techpack/audio/asoc/codecs/msm_hdmi_codec_rx.o
  LD      kernel/sched/built-in.o
  CC      fs/nls/nls_cp936.o
  CC      net/rmnet_data/rmnet_data_main.o
  CC      fs/notify/fsnotify.o
  CC      net/ipv6/tcp_ipv6.o
  CC      fs/f2fs/data.o
  CC      fs/fuse/acl.o
  CC      fs/fat/namei_msdos.o
  CC      fs/ext4/namei.o
  LD      techpack/audio/asoc/codecs/snd-soc-wcd9xxx.o
  CC      drivers/gpu/msm/kgsl_compat.o
  CC      drivers/gpu/drm/drm_vm.o
  LD      techpack/audio/asoc/codecs/snd-soc-wcd-mbhc.o
  CC      fs/nls/nls_cp950.o
  CC      lib/int_sqrt.o
  CC      lib/ioremap.o
  LD      techpack/audio/asoc/codecs/snd-soc-wsa881x.o
  LD      techpack/audio/asoc/codecs/snd-soc-wcd-spi.o
  CC      kernel/trace/rpm-traces.o
  LD      techpack/audio/asoc/codecs/snd-soc-msm-stub.o
  LD      techpack/audio/asoc/codecs/wcd-core.o
  CC      fs/kernfs/symlink.o
  LD      techpack/audio/asoc/codecs/built-in.o
  CC      net/netfilter/nf_conntrack_l3proto_generic.o
  CC      net/core/sock_reuseport.o
  LD      techpack/audio/asoc/built-in.o
  CC      fs/notify/notification.o
  CC      drivers/input/input-compat.o
  LD      fs/jbd2/jbd2.o
  CC      fs/ext4/super.o
  LD      techpack/audio/built-in.o
  CC      net/sched/sch_generic.o
  LD      fs/jbd2/built-in.o
  CC      fs/fuse/passthrough.o
  CC      drivers/gpu/drm/drm_scatter.o
  CC      fs/nls/nls_iso8859-1.o
  CC      fs/ext4/symlink.o
  LD      fs/fat/fat.o
  LD      techpack/built-in.o
  LD      fs/fat/vfat.o
  LD      fs/fat/msdos.o
  LD      fs/kernfs/built-in.o
  CC      net/rmnet_data/rmnet_data_config.o
  CC      lib/irq_regs.o
  LD      fs/fat/built-in.o
  CC      drivers/gpu/drm/drm_pci.o
  CC      drivers/gpu/msm/adreno_ioctl.o
  CC      drivers/gpu/drm/drm_platform.o
  CC      fs/ext4/hash.o
  CC      lib/is_single_threaded.o
  CC      fs/nls/nls_utf8.o
  CC      net/ipv4/tcp_rate.o
  CC      kernel/trace/ipc_logging.o
  LD      fs/fuse/fuse.o
  CC      drivers/input/input-mt.o
  CC      fs/notify/group.o
  LD      fs/fuse/built-in.o
  CC      net/netfilter/nf_conntrack_proto_generic.o
  CC      net/ipv6/ping.o
  CC      drivers/input/ff-core.o
  CC      net/ipv4/tcp_recovery.o
  CC      drivers/gpu/msm/adreno_ringbuffer.o
  CC      net/ipv6/exthdrs.o
  CC      lib/klist.o
  LD      fs/nls/built-in.o
  CC      fs/notify/inode_mark.o
  CC      net/ipv6/datagram.o
  CC      kernel/cgroup_freezer.o
  CC      net/ipv6/ip6_flowlabel.o
  CC      net/core/flow.o
  CC      net/rmnet_data/rmnet_data_vnd.o
  CC      net/netfilter/nf_conntrack_proto_tcp.o
  CC      drivers/gpu/drm/drm_sysfs.o
  CC      drivers/gpu/msm/adreno_drawctxt.o
  CC      drivers/input/input-leds.o
  CC      fs/notify/mark.o
  CC      fs/overlayfs/super.o
  CC      lib/kobject.o
  CC      net/sched/sch_mq.o
  CC      kernel/trace/ipc_logging_debug.o
  CC      net/ipv4/tcp_offload.o
  CC      lib/kobject_uevent.o
  CC      fs/proc/task_mmu.o
  CC      net/core/net-sysfs.o
  CC      lib/md5.o
../net/ipv6/exthdrs.c:202:24: warning: taking address of packed member 'addr' of class or structure 'ipv6_destopt_hao' may result in an unaligned pointer value [-Waddress-of-packed-member]
  202 |         if (!(ipv6_addr_type(&hao->addr) & IPV6_ADDR_UNICAST)) {
      |                               ^~~~~~~~~
../net/ipv6/exthdrs.c:204:10: warning: taking address of packed member 'addr' of class or structure 'ipv6_destopt_hao' may result in an unaligned pointer value [-Waddress-of-packed-member]
  204 |                                     &hao->addr);
      |                                      ^~~~~~~~~
../include/linux/net.h:271:40: note: expanded from macro 'net_dbg_ratelimited'
  271 |                         no_printk(KERN_DEBUG pr_fmt(fmt), ##__VA_ARGS__); \
      |                                                             ^~~~~~~~~~~
../include/linux/printk.h:121:18: note: expanded from macro 'no_printk'
  121 |                         printk(fmt, ##__VA_ARGS__);     \
      |                                       ^~~~~~~~~~~
../net/ipv6/exthdrs.c:209:30: warning: taking address of packed member 'addr' of class or structure 'ipv6_destopt_hao' may result in an unaligned pointer value [-Waddress-of-packed-member]
  209 |                                (xfrm_address_t *)&hao->addr, IPPROTO_DSTOPTS);
      |                                                   ^~~~~~~~~
  CC      net/unix/af_unix.o
  CC      drivers/input/mousedev.o
  CC      drivers/gpu/drm/drm_hashtab.o
  CC      net/ipv6/inet6_connection_sock.o
  CC      fs/notify/vfsmount_mark.o
  CC      fs/notify/fdinfo.o
../fs/proc/task_mmu.c:1609:25: warning: unused variable 'vma' [-Wunused-variable]
 1609 |         struct vm_area_struct *vma;
      |                                ^~~
  CC      fs/f2fs/node.o
  LD      kernel/trace/built-in.o
3 warnings generated.
  CC      net/xfrm/xfrm_policy.o
  CC      net/wireless/core.o
  CC      fs/overlayfs/inode.o
  CC      drivers/gpu/msm/adreno_dispatch.o
  CC      net/sched/sch_api.o
  CC      kernel/cpuset.o
  CC      fs/pstore/inode.o
1 warning generated.
  CC      net/wireless/sysfs.o
  CC      fs/proc/inode.o
  CC      net/rmnet_data/rmnet_data_handlers.o
  CC      fs/notify/dnotify/dnotify.o
  CC      net/wireless/radiotap.o
  CC      net/wireless/util.o
  CC      fs/overlayfs/dir.o
  CC      drivers/input/evdev.o
  LD      fs/notify/fanotify/built-in.o
  CC      net/wireless/reg.o
  CC      drivers/gpu/drm/drm_mm.o
  CC      lib/nmi_backtrace.o
  CC      fs/pstore/platform.o
  CC      net/netfilter/nf_conntrack_proto_udp.o
  CC      fs/proc/root.o
  LD      fs/notify/dnotify/built-in.o
  CC      net/ipv4/datagram.o
  CC      fs/notify/inotify/inotify_fsnotify.o
../net/wireless/radiotap.c:119:28: warning: taking address of packed member 'it_present' of class or structure 'ieee80211_radiotap_header' may result in an unaligned pointer value [-Waddress-of-packed-member]
  119 |         iterator->_next_bitmap = &radiotap_header->it_present;
      |                                   ^~~~~~~~~~~~~~~~~~~~~~~~~~~
1 warning generated.
  CC      fs/overlayfs/readdir.o
  CC      lib/nodemask.o
  CC      net/rmnet_data/rmnet_map_data.o
  CC      net/core/net-procfs.o
  CC      fs/proc/base.o
  CC      fs/notify/inotify/inotify_user.o
  CC      net/ipv6/udp_offload.o
  CC      fs/pstore/pmsg.o
  CC      fs/pstore/ram.o
  CC      net/unix/garbage.o
  CC      drivers/gpu/msm/adreno_snapshot.o
  CC      drivers/gpu/msm/adreno_coresight.o
  CC      lib/plist.o
  CC      drivers/gpu/drm/drm_crtc.o
  CC      lib/radix-tree.o
  GZIP    kernel/config_data.gz
  CC      kernel/stop_machine.o
  CC      fs/overlayfs/copy_up.o
  CC      drivers/input/fingerprint/fpc_tee/fpc1020_tee.o
  CC      fs/f2fs/segment.o
../drivers/gpu/msm/adreno_snapshot.c:463:7: warning: taking address of packed member 'timestamp_queued' of class or structure 'kgsl_snapshot_rb_v2' may result in an unaligned pointer value [-Waddress-of-packed-member]
  463 |                                         &header->timestamp_queued);
      |                                          ^~~~~~~~~~~~~~~~~~~~~~~~
../drivers/gpu/msm/adreno_snapshot.c:465:7: warning: taking address of packed member 'timestamp_retired' of class or structure 'kgsl_snapshot_rb_v2' may result in an unaligned pointer value [-Waddress-of-packed-member]
  465 |                                         &header->timestamp_retired);
      |                                          ^~~~~~~~~~~~~~~~~~~~~~~~~
  LD      fs/notify/inotify/built-in.o
  CC      drivers/input/fingerprint/goodix_ta/gf_spi.o
  LD      fs/notify/built-in.o
  CC      net/core/fib_rules.o
  CC      lib/ratelimit.o
  CC      net/netfilter/nf_conntrack_extend.o
  CC      net/compat.o
  CC      net/sysctl_net.o
  CC      net/ipv6/sysctl_net_ipv6.o
  CC      fs/pstore/ram_core.o
  CC      net/unix/sysctl_net_unix.o
  LD      fs/overlayfs/overlay.o
2 warnings generated.
  LD      fs/overlayfs/built-in.o
  CC      drivers/gpu/msm/adreno_trace.o
  CC      fs/proc/generic.o
  CC      net/rmnet_data/rmnet_map_command.o
  CC      kernel/audit.o
  CC      net/ipv4/raw.o
  CC      net/sched/sch_blackhole.o
  LD      drivers/input/fingerprint/fpc_tee/built-in.o
  CC      fs/proc/array.o
  CC      fs/proc/fd.o
  CC      fs/ext4/resize.o
  CC      lib/rbtree.o
  CC      drivers/input/fingerprint/goodix_ta/platform.o
  CC      net/core/net-traces.o
  CC      drivers/input/fingerprint/goodix_ta/netlink.o
  CC      drivers/gpu/drm/drm_fourcc.o
  CC      net/ipv6/xfrm6_policy.o
  LD      fs/pstore/pstore.o
  CC      net/xfrm/xfrm_state.o
  LD      fs/pstore/ramoops.o
  CC      net/ipv4/udp.o
  LD      fs/pstore/built-in.o
  CC      lib/seq_buf.o
  CC      net/wireless/scan.o
  CC      kernel/auditfilter.o
  CC      net/unix/scm.o
  CC      kernel/seccomp.o
  CC      net/rmnet_data/rmnet_data_stats.o
  CC      drivers/input/keyboard/atkbd.o
  CC      net/sched/cls_api.o
  CC      fs/proc/proc_tty.o
  CC      lib/sha1.o
  CC      drivers/gpu/msm/adreno_a3xx.o
  CC      net/netfilter/nf_conntrack_acct.o
  CC      fs/ext4/extents.o
  CC      drivers/input/keyboard/gpio_keys.o
  LD      drivers/input/fingerprint/goodix_ta/built-in.o
  LD      drivers/input/fingerprint/built-in.o
  CC      lib/show_mem.o
  CC      fs/f2fs/recovery.o
  LD      net/rmnet_data/rmnet_data.o
  CC      fs/proc/cmdline.o
  LD      net/rmnet_data/built-in.o
  CC      net/ipv6/xfrm6_state.o
  CC      lib/siphash.o
  CC      fs/proc/consoles.o
  CC      drivers/gpu/drm/drm_modes.o
  CC      drivers/gpu/drm/drm_edid.o
  CC      kernel/utsname_sysctl.o
  CC      drivers/input/serio/serio.o
  CC      drivers/iommu/iommu.o
  CC      net/ipv6/xfrm6_input.o
  LD      drivers/input/keyboard/built-in.o
  CC      kernel/taskstats.o
  CC      net/core/sockev_nlmcast.o
  CC      drivers/input/misc/qpnp-power-on.o
  LD      net/unix/unix.o
  LD      net/unix/built-in.o
  CC      drivers/irqchip/irqchip.o
  CC      drivers/input/misc/uinput.o
  CC      lib/string.o
  CC      drivers/gpu/msm/adreno_a4xx.o
-- ReSukiSU version code: 34839
-- ReSukiSU version name: v4.1.0-98034c7f@ReSukiSU
-- Supported Unofficial Manager: MKSU, RKSU, KOWSU, SukiSU-Ultra, ReSukiSU 
-- KERNEL_VERSION: 4.9
-- KERNEL_TYPE: Non-GKI
-- ReSukiSU: using SuSFS Inline hook
  CC      fs/proc/cpuinfo.o
-- ReSukiSU/susfs_inline: ksu_handle_setresuid found
-- ReSukiSU/susfs_inline: WARNING: Detected KSU_MANUAL_HOOK guard in ../fs/exec.c file.
-- ReSukiSU/susfs_inline: ksu_handle_execveat found
-- ReSukiSU/susfs_inline: WARNING: Detected KSU_MANUAL_HOOK guard in ../fs/open.c file.
-- ReSukiSU/susfs_inline: ksu_handle_faccessat found
-- ReSukiSU/susfs_inline: ksu_handle_sys_read found
-- ReSukiSU/susfs_inline: WARNING: Detected KSU_MANUAL_HOOK guard in ../fs/stat.c file.
-- ReSukiSU/susfs_inline: ksu_handle_stat found
-- ReSukiSU/susfs_inline: WARNING: Detected KSU_MANUAL_HOOK guard in ../kernel/reboot.c file.
-- ReSukiSU/susfs_inline: ksu_handle_sys_reboot found
-- ReSukiSU/susfs_inline: ksu_handle_input_handle_event found
-- ReSukiSU/susfs_inline: WARNING: Your build maybe broken.
-- ReSukiSU/susfs_inline: - If you have any issue, please check your hook before submit an issue to ReSukiSU.

-- SUSFS_VERSION: v2.1.0
-- KPM is disabled
-- ReSukiSU/compat: path_umount found
grep: ../include/linux/seccomp_types.h: No such file or directory
  CC      drivers/input/touchscreen/of_touchscreen.o
-- ReSukiSU/compat: file_inode() found
-- ReSukiSU/compat: exported policy_rwlock found!
-- ReSukiSU/compat: ns_get_path found
-- ReSukiSU/compat: modern dentry_open found
-- ReSukiSU/compat: ext4_unregister_sysfs found
-- ReSukiSU/compat: f_op->read_iter found
-- ReSukiSU/compat: iterate_dir found
-- ReSukiSU/compat: modern static_key_interface found
  CC      net/netfilter/nf_conntrack_seqadj.o
-- ReSukiSU/compat: d_inode found
-- ReSukiSU/compat: time64_to_tm found
-- ReSukiSU/compat: ktime_get_ns found
-- ReSukiSU/compat: inode_lock found
-- ReSukiSU/compat: modern errno file found
-- ReSukiSU/compat: overflow.h found
-- ReSukiSU/compat: modern proc ns header file found
  CC      drivers/irqchip/irq-gic.o
  CC      drivers/input/serio/libps2.o
  CC      drivers/kernelsu/core/init.o
  CC      fs/proc/devices.o
  CC      net/xfrm/xfrm_hash.o
  CC      drivers/iommu/iommu-traces.o
  CC      drivers/irqchip/irq-gic-common.o
  CC      net/sched/act_api.o
  CC      drivers/kernelsu/policy/allowlist.o
  CC      kernel/tsacct.o
  CC      net/core/dst_cache.o
  CC      net/netfilter/nf_conntrack_ecache.o
  CC      fs/f2fs/shrinker.o
  CC      lib/timerqueue.o
  CC      kernel/tracepoint.o
  CC      drivers/gpu/msm/adreno_a5xx.o
  CC      fs/proc/interrupts.o
  CC      drivers/input/touchscreen/ft5x46/ft5x46_ts.o
  CC      drivers/input/touchscreen/ft5x46/ft5x46_ts_i2c.o
  LD      drivers/input/misc/built-in.o
  CC      net/wireless/nl80211.o
  CC      net/xfrm/xfrm_input.o
  CC      lib/vsprintf.o
  CC      net/ipv6/xfrm6_output.o
  LD      drivers/input/serio/built-in.o
  CC      drivers/leds/led-core.o
  CC      net/ipv6/xfrm6_protocol.o
  CC      drivers/gpu/drm/drm_info.o
  CC      drivers/irqchip/irq-gic-v2m.o
  CC      fs/proc/loadavg.o
  CC      net/netfilter/nf_conntrack_proto_dccp.o
  CC      drivers/irqchip/irq-gic-v3.o
  CC      kernel/irq_work.o
  CC      fs/f2fs/extent_cache.o
  CC      fs/ext4/ext4_jbd2.o
  CC      drivers/leds/led-class.o
  CC      net/ipv4/udplite.o
  CC      drivers/iommu/iommu-sysfs.o
  LD      net/core/built-in.o
  CC      drivers/gpu/drm/drm_debugfs.o
  CC      drivers/kernelsu/policy/app_profile.o
  CC      lib/win_minmax.o
  CC      fs/proc/meminfo.o
  CC      drivers/gpu/drm/drm_encoder_slave.o
  CC      drivers/gpu/drm/drm_trace_points.o
  CC      kernel/cpu_pm.o
  CC      net/sched/act_gact.o
  CC      drivers/iommu/dma-iommu.o
  CC      fs/ext4/migrate.o
  CC      drivers/kernelsu/policy/feature.o
  CC      drivers/irqchip/irq-gic-v3-its.o
  CC      net/netfilter/nf_conntrack_proto_gre.o
  CC      drivers/leds/led-triggers.o
  CC      fs/f2fs/sysfs.o
  CC      net/sched/act_mirred.o
  CC      kernel/membarrier.o
  CC      kernel/memremap.o
  CC      fs/proc/stat.o
  CC      net/xfrm/xfrm_output.o
  CC      fs/f2fs/debug.o
  LD      drivers/lguest/built-in.o
  CC      net/ipv4/udp_offload.o
  LD      drivers/input/touchscreen/ft5x46/built-in.o
  CC      net/sched/act_skbedit.o
  CC      net/wireless/mlme.o
  CC      drivers/kernelsu/feature/sucompat.o
  CC      drivers/input/touchscreen/synaptics_dsx/synaptics_dsx_i2c.o
  CC      net/ipv6/netfilter.o
  CC      fs/ext4/mballoc.o
  CC      drivers/gpu/drm/drm_global.o
  CC      drivers/leds/leds-qpnp.o
  GEN     lib/crc32table.h
  AR      lib/lib.a
  CC      lib/crc32.o
  CC      drivers/iommu/msm_dma_iommu_mapping.o
  CC      drivers/gpu/drm/drm_prime.o
  CC      fs/f2fs/xattr.o
  CC      drivers/gpu/msm/adreno_a6xx.o
  CHK     kernel/config_data.h
  CC      drivers/irqchip/irq-gic-v3-its-pci-msi.o
  UPD     kernel/config_data.h
  EXPORTS lib/lib-ksyms.o
  CC      net/wireless/ibss.o
  CC      fs/ext4/block_validity.o
  CC      fs/proc/uptime.o
  CC      drivers/input/touchscreen/synaptics_dsx_2.6/synaptics_dsx_i2c.o
  CC      net/wireless/sme.o
  CC      kernel/configs.o
  LD      drivers/input/touchscreen/synaptics_dsx/built-in.o
  LD      drivers/macintosh/built-in.o
  CC      drivers/kernelsu/feature/kernel_umount.o
  CC      drivers/mailbox/mailbox.o
  CC      net/ipv4/arp.o
  CC      fs/proc/version.o
  CC      net/sched/sch_fifo.o
  CC      net/netfilter/nf_conntrack_proto_sctp.o
  LD      kernel/built-in.o
  LD      lib/built-in.o
  CC      drivers/gpu/msm/adreno_a3xx_snapshot.o
  CC      drivers/leds/leds-qpnp-flash-v2.o
  CC      drivers/irqchip/irq-gic-v3-its-platform-msi.o
  CC      fs/proc/softirqs.o
  CC      net/ipv6/fib6_rules.o
  CC      drivers/iommu/io-pgtable.o
  CC      fs/f2fs/acl.o
  CC      net/xfrm/xfrm_sysctl.o
  CC      drivers/gpu/drm/drm_rect.o
  LD      drivers/input/touchscreen/synaptics_dsx_2.6/built-in.o
  CC      drivers/mailbox/qcom-rpmh-mailbox.o
  CC      drivers/input/touchscreen/synaptics_dsx_force/synaptics_dsx_i2c.o
  CC      fs/proc/namespaces.o
  CC      drivers/kernelsu/feature/sulog.o
  CC      drivers/mailbox/msm_qmp.o
  CC      drivers/irqchip/irq-partition-percpu.o
  CC      drivers/kernelsu/feature/adb_root.o
  CC      drivers/iommu/io-pgtable-arm.o
  CC      drivers/gpu/drm/drm_vma_manager.o
  CC      drivers/gpu/drm/drm_flip_work.o
  CC      fs/ext4/move_extent.o
  CC      drivers/input/touchscreen/synaptics_dsx_force/synaptics_dsx_core.o
  CC      fs/proc/self.o
  LD      fs/f2fs/f2fs.o
  CC      drivers/leds/leds-qpnp-flash-common.o
  CC      net/ipv6/proc.o
  CC      net/sched/sch_htb.o
  LD      fs/f2fs/built-in.o
  CC      net/netfilter/nf_conntrack_proto_udplite.o
  CC      drivers/irqchip/msm_show_resume_irq.o
  CC      drivers/input/touchscreen/synaptics_dsx_force/synaptics_dsx_rmi_dev.o
  CC      drivers/gpu/msm/adreno_a4xx_snapshot.o
  CC      drivers/leds/leds-qpnp-wled.o
  CC      drivers/md/dm-uevent.o
  CC      net/xfrm/xfrm_replay.o
  CC      fs/proc/thread_self.o
  CC      drivers/kernelsu/hook/setuid_hook.o
  CC      net/ipv4/icmp.o
  CC      fs/proc/hwinfo.o
  LD      drivers/media/common/b2c2/built-in.o
  LD      drivers/media/common/saa7146/built-in.o
  CC      fs/proc/uid.o
  LD      drivers/media/common/siano/built-in.o
  LD      drivers/media/common/v4l2-tpg/built-in.o
  CC      drivers/irqchip/qcom/pdc.o
  LD      drivers/media/common/built-in.o
  CC      drivers/iommu/iova.o
  CC      drivers/media/dvb-core/dvbdev.o
  LD      drivers/input/input-core.o
  LD      drivers/mailbox/built-in.o
  CC      fs/ramfs/inode.o
  CC      fs/quota/dquot.o
  CC      drivers/gpu/msm/adreno_a5xx_snapshot.o
  CC      net/ipv6/calipso.o
  CC      net/sched/sch_ingress.o
  CC      net/sched/sch_prio.o
  CC      fs/ext4/mmp.o
  CC      fs/proc/proc_sysctl.o
  CC      net/xfrm/xfrm_proc.o
  CC      drivers/gpu/drm/drm_modeset_lock.o
  CC      net/netfilter/nf_conntrack_netlink.o
  CC      fs/ramfs/file-mmu.o
  CC      drivers/kernelsu/feature/dynamic_manager.o
  CC      drivers/md/dm.o
  CC      drivers/kernelsu/manager/apk_sign.o
  CC      drivers/md/dm-table.o
  CC      drivers/media/dvb-core/dmxdev.o
  CC      drivers/mfd/mfd-core.o
  CC      drivers/leds/leds-qpnp-haptics.o
  CC      fs/sdcardfs/dentry.o
  CC      drivers/irqchip/qcom/pdc-sdm845.o
  CC      fs/ext4/indirect.o
  CC      drivers/iommu/io-pgtable-fast.o
  CC      net/sched/sch_multiq.o
  CC      drivers/input/touchscreen/synaptics_dsx_force/synaptics_dsx_fw_update.o
  CC      drivers/gpu/msm/adreno_a6xx_snapshot.o
  CC      drivers/md/dm-target.o
  LD      fs/ramfs/ramfs.o
  LD      fs/ramfs/built-in.o
  CC      net/sched/cls_u32.o
  CC      net/xfrm/xfrm_algo.o
  CC      net/ipv6/ah6.o
  LD      drivers/irqchip/qcom/built-in.o
  CC      drivers/gpu/drm/drm_atomic.o
  LD      drivers/irqchip/built-in.o
  CC      fs/sdcardfs/file.o
  CC      drivers/gpu/msm/adreno_a4xx_preempt.o
  CC      net/netfilter/nf_conntrack_amanda.o
  CC      drivers/iommu/dma-mapping-fast.o
  CC      fs/proc/proc_net.o
  CC      net/ipv4/devinet.o
  CC      drivers/kernelsu/manager/throne_tracker.o
  CC      fs/quota/quota_v2.o
  CC      drivers/mfd/qcom-i2c-pmic.o
  CC      drivers/gpu/msm/adreno_a5xx_preempt.o
  LD      drivers/leds/trigger/built-in.o
  LD      drivers/leds/built-in.o
  CC      net/xfrm/xfrm_user.o
  CC      fs/ext4/extents_status.o
  CC      drivers/media/dvb-core/dvb_demux.o
  CC      fs/sdcardfs/inode.o
  LD      drivers/media/dvb-frontends/built-in.o
  CC      fs/sdfat/sdfat.o
  CC      net/sched/cls_fw.o
  CC      fs/quota/quota_tree.o
  CC      drivers/iommu/of_iommu.o
  CC      drivers/md/dm-linear.o
  CC      drivers/mfd/qcom-spmi-pmic.o
  CC      net/ipv6/esp6.o
  CC      drivers/mfd/syscon.o
  CC      net/netfilter/nf_conntrack_ftp.o
  CC      fs/proc/kmsg.o
  CC      drivers/mfd/spk-id.o
  CC      fs/sdfat/core.o
  LD      drivers/input/touchscreen/synaptics_dsx_force/built-in.o
  LD      drivers/input/touchscreen/built-in.o
  CC      drivers/kernelsu/manager/manager.o
  LD      drivers/input/built-in.o
  CC      drivers/gpu/msm/adreno_a6xx_preempt.o
  CC      net/netfilter/nf_conntrack_h323_main.o
  CC      drivers/md/dm-stripe.o
  CC      fs/sdfat/core_fat.o
  CC      net/wireless/chan.o
  CC      fs/sdcardfs/main.o
  CC      drivers/gpu/drm/drm_bridge.o
  CC      fs/proc/page.o
  CC      drivers/md/dm-ioctl.o
  CC      drivers/iommu/arm-smmu.o
  CC      net/sched/cls_bpf.o
  CC      fs/quota/quota.o
  CC      fs/ext4/xattr.o
  CC      fs/sdfat/core_exfat.o
  LD      drivers/mfd/built-in.o
  CC      drivers/gpu/drm/drm_framebuffer.o
  CC      drivers/gpu/drm/drm_connector.o
  CC      drivers/gpu/msm/adreno_sysfs.o
  CC      net/ipv6/ipcomp6.o
  CC      fs/sdfat/api.o
  CC      drivers/kernelsu/compat/kernel_compat.o
  CC      net/netfilter/nf_conntrack_h323_asn1.o
  CC      fs/sdfat/blkdev.o
  LD      fs/proc/proc.o
  CC      net/ipv4/af_inet.o
  CC      net/netfilter/nf_conntrack_irc.o
  LD      fs/proc/built-in.o
  CC      drivers/media/dvb-core/dvb_filter.o
  CC      drivers/media/dvb-core/dvb_ca_en50221.o
  CC      fs/sdcardfs/super.o
  CC      net/sched/ematch.o
  CC      fs/quota/kqid.o
  CC      fs/quota/netlink.o
  CC      drivers/gpu/msm/adreno.o
  LD      drivers/misc/cb710/built-in.o
  CC      drivers/kernelsu/infra/su_mount_ns.o
  LD      drivers/misc/eeprom/built-in.o
  CC      net/xfrm/xfrm_ipcomp.o
  CC      net/wireless/ethtool.o
  LD      drivers/misc/lis3lv02d/built-in.o
  CC      net/ipv6/xfrm6_tunnel.o
  LD      drivers/misc/mic/bus/built-in.o
  LD      drivers/misc/mic/built-in.o
  CC      fs/sdfat/fatent.o
  CC      net/ipv6/tunnel6.o
  CC      drivers/gpu/drm/drm_blend.o
  LD      drivers/misc/ti-st/built-in.o
  CC      fs/sdcardfs/lookup.o
  CC      drivers/md/dm-io.o
  CC      fs/sdcardfs/mmap.o
  CC      drivers/misc/hdcp_qseecom.o
  CC      fs/ext4/xattr_user.o
  LD      drivers/media/firewire/built-in.o
  CC      drivers/md/dm-kcopyd.o
  CC      drivers/md/dm-sysfs.o
  CC      net/sched/em_cmp.o
  CC      drivers/iommu/arm-smmu-errata.o
  CC      drivers/md/dm-stats.o
  CC      drivers/media/dvb-core/dvb_frontend.o
  CC      fs/sdfat/amap_smart.o
  CC      drivers/md/dm-rq.o
  CC      drivers/media/dvb-core/dvb_net.o
  CC      fs/ext4/xattr_trusted.o
  CC      fs/sdcardfs/packagelist.o
  CC      drivers/kernelsu/infra/seccomp_cache.o
  LD      fs/quota/built-in.o
  CC      net/netfilter/nf_conntrack_broadcast.o
  LD      drivers/iommu/built-in.o
  CC      drivers/media/dvb-core/dvb_ringbuffer.o
  CC      net/ipv6/xfrm6_mode_transport.o
  CC      net/ipv6/xfrm6_mode_tunnel.o
  CC      drivers/gpu/drm/drm_encoder.o
  CC      drivers/misc/msm_hdcp.o
  CC      drivers/media/dvb-core/dvb_math.o
  CC      drivers/misc/qseecom.o
  CC      drivers/kernelsu/infra/file_wrapper.o
  CC      fs/sdfat/cache.o
  CC      fs/ext4/inline.o
  CC      fs/sdfat/dfr.o
  CC      net/sched/em_nbyte.o
  CC      net/sched/em_u32.o
  CC      drivers/misc/memory_state_time.o
  CC      fs/sdcardfs/derived_perm.o
  CC      drivers/mmc/card/block.o
  CC      net/netfilter/nf_conntrack_netbios_ns.o
  CC      drivers/kernelsu/infra/event_queue.o
  CC      drivers/net/bonding/bond_main.o
  CC      net/xfrm/xfrm_interface.o
  CC      drivers/md/dm-builtin.o
  CC      net/ipv4/igmp.o
  CC      net/wireless/mesh.o
  CC      drivers/net/bonding/bond_3ad.o
  CC      net/ipv6/xfrm6_mode_beet.o
  CC      drivers/net/phy/phy.o
  CC      drivers/gpu/msm/adreno_cp_parser.o
  CC      drivers/gpu/drm/drm_mode_object.o
  LD      drivers/media/dvb-core/dvb-core.o
  CC      drivers/gpu/drm/drm_property.o
  CC      drivers/net/ppp/ppp_generic.o
  CC      net/sched/em_meta.o
  LD      drivers/media/dvb-core/built-in.o
  CC      drivers/gpu/drm/drm_plane.o
  CC      fs/sdfat/nls.o
  LD      drivers/media/i2c/soc_camera/built-in.o
  LD      drivers/media/i2c/built-in.o
  CC      fs/sysfs/file.o
  CC      drivers/net/ppp/ppp_async.o
  LD      drivers/media/mmc/siano/built-in.o
  LD      drivers/media/mmc/built-in.o
  LD      drivers/media/pci/b2c2/built-in.o
  LD      drivers/media/pci/ddbridge/built-in.o
  LD      drivers/media/pci/dm1105/built-in.o
  LD      drivers/media/pci/mantis/built-in.o
  LD      drivers/media/pci/netup_unidvb/built-in.o
  LD      drivers/media/pci/ngene/built-in.o
  LD      drivers/media/pci/pluto2/built-in.o
  LD      drivers/media/pci/pt1/built-in.o
  LD      drivers/media/pci/pt3/built-in.o
  LD      drivers/media/pci/saa7146/built-in.o
  LD      drivers/media/pci/smipcie/built-in.o
  LD      drivers/media/pci/ttpci/built-in.o
  CC      net/netfilter/nf_conntrack_pptp.o
  LD      drivers/media/pci/built-in.o
  CC      fs/ext4/readpage.o
  LD      drivers/media/platform/msm/adsp_shmem/built-in.o
  CC      drivers/md/dm-bufio.o
  LD      drivers/media/platform/msm/broadcast/built-in.o
  CC      drivers/kernelsu/runtime/boot_event.o
  CC      drivers/media/platform/msm/camera/cam_cdm/cam_cdm_soc.o
  CC      net/ipv6/mip6.o
  CC      fs/sdfat/misc.o
  LD      fs/sdcardfs/sdcardfs.o
  LD      fs/sdcardfs/built-in.o
  CC      drivers/gpu/msm/adreno_perfcounter.o
  CC      drivers/media/platform/msm/camera/cam_core/cam_context.o
  CC      fs/sysfs/dir.o
  CC      drivers/media/platform/msm/camera/cam_core/cam_context_utils.o
  CC      drivers/kernelsu/runtime/ksud_integration.o
  CC      net/wireless/ap.o
  LD      net/xfrm/built-in.o
  CC      drivers/mmc/core/core.o
  CC      drivers/kernelsu/selinux/selinux.o
  CC      drivers/mmc/card/queue.o
  CC      drivers/gpu/drm/drm_color_mgmt.o
  CC      net/sched/em_text.o
  CC      drivers/kernelsu/selinux/sepolicy.o
  CC      net/netfilter/nf_conntrack_sane.o
  CC      drivers/media/platform/msm/camera/cam_cdm/cam_cdm_util.o
  CC      fs/sdfat/mpage.o
  CC      fs/ext4/sysfs.o
../net/ipv6/mip6.c:234:14: warning: taking address of packed member 'addr' of class or structure 'ipv6_destopt_hao' may result in an unaligned pointer value [-Waddress-of-packed-member]
  234 |                                   hao ? &hao->addr : &ipv6_hdr(skb)->saddr,
      |                                          ^~~~~~~~~
../net/ipv6/mip6.c:256:30: warning: taking address of packed member 'addr' of class or structure 'ipv6_destopt_hao' may result in an unaligned pointer value [-Waddress-of-packed-member]
  256 |                         (hao ? (xfrm_address_t *)&hao->addr : NULL));
      |                                                   ^~~~~~~~~
  CC      drivers/net/phy/phy_device.o
  LD      drivers/media/platform/omap/built-in.o
  LD      drivers/media/radio/built-in.o
  CC      fs/sysfs/symlink.o
2 warnings generated.
  CC      drivers/media/platform/msm/camera/cam_cpas/camss_top/cam_camsstop_hw.o
  CC      drivers/media/platform/msm/camera/cam_core/cam_node.o
  CC      net/ipv6/netfilter/ip6_tables.o
  CC      net/ipv6/netfilter/ip6table_filter.o
  CC      drivers/net/bonding/bond_alb.o
  CC      drivers/md/dm-crypt.o
  CC      drivers/media/platform/msm/camera/cam_cdm/cam_cdm_intf.o
  CC      drivers/gpu/msm/adreno_iommu.o
  CC      net/netfilter/nf_conntrack_tftp.o
  LD      net/sched/built-in.o
  CC      net/ipv4/fib_frontend.o
  CC      fs/sdfat/extent.o
  CC      drivers/media/platform/msm/sde/rotator/sde_rotator_dev.o
  CC      net/ipv6/netfilter/ip6table_mangle.o
  LD      drivers/media/platform/msm/camera/cam_cpas/camss_top/built-in.o
  CC      drivers/media/platform/msm/camera/cam_core/cam_subdev.o
  CC      net/wireless/trace.o
  CC      drivers/media/platform/msm/camera/cam_cpas/cpas_top/cam_cpastop_hw.o
  CC      drivers/net/ppp/bsd_comp.o
  CC      fs/ext4/xattr_security.o
  CC      fs/sysfs/mount.o
  CC      drivers/gpu/drm/drm_client.o
  LD      drivers/mmc/card/mmc_block.o
  LD      drivers/mmc/card/built-in.o
  CC      drivers/gpu/msm/adreno_debugfs.o
  CC      drivers/kernelsu/selinux/rules.o
  CC      fs/sysfs/group.o
  LD      drivers/media/platform/msm/camera/cam_core/built-in.o
  CC      drivers/mmc/core/bus.o
  CC      drivers/media/platform/msm/camera/cam_fd/fd_hw_mgr/fd_hw/cam_fd_hw_dev.o
  CC      drivers/net/ppp/ppp_deflate.o
  CC      net/wireless/ocb.o
  CC      drivers/media/platform/msm/camera/cam_cdm/cam_cdm_core_common.o
  LD      drivers/media/platform/msm/camera/cam_cpas/cpas_top/built-in.o
  CC      drivers/media/platform/msm/camera/cam_cpas/cam_cpas_soc.o
  CC      drivers/gpu/msm/adreno_profile.o
  CC      fs/sdfat/statistics.o
  CC      drivers/media/platform/msm/camera/cam_cdm/cam_cdm_virtual_core.o
  CC      drivers/net/ppp/ppp_mppe.o
  CC      drivers/md/dm-verity-fec.o
  LD      fs/sysfs/built-in.o
  LD      fs/ext4/ext4.o
  CC      drivers/net/bonding/bond_sysfs.o
  CC      drivers/net/phy/mdio_bus.o
  CC      drivers/md/dm-verity-target.o
  LD      fs/ext4/built-in.o
  CC      net/netfilter/nf_log_common.o
  CC      drivers/media/platform/msm/vidc/msm_v4l2_vidc.o
  LD      fs/sdfat/sdfat_fs.o
  CC      drivers/net/ppp/ppp_synctty.o
  CC      drivers/net/phy/mdio_device.o
  CC      drivers/gpu/drm/drm_client_modeset.o
  CC      drivers/media/platform/msm/camera/cam_cpas/cam_cpas_intf.o
  LD      fs/sdfat/built-in.o
  CC      fs/tracefs/inode.o
  LD      drivers/media/rc/keymaps/built-in.o
  CC      drivers/kernelsu/sulog/event.o
  LD      drivers/media/rc/built-in.o
  CC      fs/eventpoll.o
  CC      drivers/net/phy/swphy.o
  CC      drivers/mmc/core/host.o
  CC      drivers/media/platform/msm/camera/cam_fd/fd_hw_mgr/fd_hw/cam_fd_hw_core.o
  CC      drivers/mmc/host/sdhci.o
  CC      drivers/media/platform/msm/sde/rotator/sde_rotator_core.o
  CC      drivers/gpu/msm/adreno_compat.o
  LD      fs/tracefs/tracefs.o
  CC      drivers/media/platform/msm/vidc/msm_vidc_platform.o
  CC      drivers/media/platform/msm/camera/cam_cdm/cam_cdm_hw_core.o
  LD      fs/tracefs/built-in.o
  CC      net/ipv6/netfilter/ip6table_raw.o
  CC      net/ipv6/netfilter/nf_conntrack_l3proto_ipv6.o
  CC      net/ipv4/fib_semantics.o
  CC      net/ipv6/netfilter/nf_conntrack_proto_icmpv6.o
  CC      drivers/media/platform/msm/camera/cam_cpas/cam_cpas_hw.o
  CC      drivers/kernelsu/sulog/fd.o
  CC      drivers/net/ppp/pppox.o
  CC      drivers/misc/uid_sys_stats.o
  CC      net/ipv6/netfilter/nf_defrag_ipv6_hooks.o
  CC      drivers/net/bonding/bond_sysfs_slave.o
  CC      drivers/net/phy/fixed_phy.o
  CC      drivers/net/slip/slhc.o
  CC      drivers/md/dm-req-crypt.o
  CC      fs/anon_inodes.o
  CC      drivers/kernelsu/supercall/dispatch.o
  CC      drivers/gpu/drm/drm_ioc32.o
  CC      drivers/mmc/core/mmc.o
  CC      drivers/media/platform/msm/vidc/msm_vidc_common.o
  LD      drivers/gpu/msm/msm_kgsl_core.o
  CC      net/wireless/wext-core.o
  CC      net/netfilter/nf_nat_core.o
  LD      drivers/gpu/msm/msm_adreno.o
  CC      drivers/media/platform/msm/camera/cam_fd/fd_hw_mgr/fd_hw/cam_fd_hw_soc.o
  LD      drivers/media/platform/msm/camera/cam_cpas/built-in.o
  CC      net/ipv6/ip6_vti.o
  CC      drivers/mmc/host/sdhci-pltfm.o
  LD      drivers/gpu/msm/built-in.o
  CC      drivers/mmc/host/sdhci-msm.o
  CC      fs/signalfd.o
  LD      drivers/media/platform/msm/camera/cam_cdm/built-in.o
  CC      drivers/media/platform/msm/sde/rotator/sde_rotator_base.o
  CC      drivers/net/ppp/pppoe.o
  LD      drivers/misc/built-in.o
  CC      fs/timerfd.o
  CC      fs/eventfd.o
  CC      fs/aio.o
  CC      net/ipv6/netfilter/nf_conntrack_reasm.o
  LD      drivers/media/platform/msm/camera/cam_fd/fd_hw_mgr/fd_hw/built-in.o
  CC      drivers/media/platform/msm/camera/cam_fd/fd_hw_mgr/cam_fd_hw_mgr.o
  CC      drivers/kernelsu/supercall/perm.o
  CC      drivers/net/bonding/bond_debugfs.o
  CC      net/ipv4/fib_trie.o
  LD      drivers/net/phy/libphy.o
  CC      net/ipv6/sit.o
  LD      drivers/net/slip/built-in.o
  CC      drivers/kernelsu/supercall/supercall.o
  CC      drivers/media/platform/msm/camera/cam_fd/cam_fd_dev.o
  LD      drivers/net/phy/built-in.o
  CC      drivers/kernelsu/compat/apatch_conflict.o
  CC      net/netfilter/nf_nat_proto_unknown.o
  CC      net/ipv6/netfilter/nf_log_ipv6.o
  CC      drivers/media/platform/msm/camera/cam_icp/icp_hw/a5_hw/a5_dev.o
  CC      drivers/media/platform/msm/camera/cam_icp/icp_hw/bps_hw/bps_dev.o
  CC      drivers/media/platform/msm/camera/cam_icp/icp_hw/icp_hw_mgr/cam_icp_hw_mgr.o
  CC      drivers/media/platform/msm/camera/cam_icp/icp_hw/ipe_hw/ipe_dev.o
  CC      drivers/md/dm-bow.o
  CC      drivers/media/platform/msm/sde/rotator/sde_rotator_formats.o
  CC      net/ipv4/inet_fragment.o
  CC      drivers/net/bonding/bond_netlink.o
  CC      drivers/media/platform/msm/camera/cam_icp/icp_hw/ipe_hw/ipe_core.o
  CC      drivers/mmc/core/mmc_ops.o
  CC      drivers/media/platform/msm/camera/cam_icp/icp_hw/a5_hw/a5_core.o
  CC      drivers/net/ppp/pptp.o
  CC      drivers/media/platform/msm/sde/rotator/sde_rotator_util.o
  LD      drivers/media/spi/built-in.o
  CC      net/netfilter/nf_nat_proto_common.o
  CC      drivers/media/platform/msm/camera/cam_icp/icp_hw/bps_hw/bps_core.o
  CC      net/ipv6/netfilter/nf_reject_ipv6.o
  CC      drivers/gpu/drm/ati_pcigart.o
  CC      drivers/net/usb/rtl8150.o
  CC      fs/locks.o
  LD      drivers/media/platform/msm/camera/cam_fd/fd_hw_mgr/built-in.o
  CC      drivers/gpu/drm/drm_panel.o
  CC      drivers/media/platform/msm/camera/cam_icp/icp_hw/ipe_hw/ipe_soc.o
  CC      drivers/media/platform/msm/camera/cam_fd/cam_fd_context.o
  CC      drivers/kernelsu/hook/lsm_hooks.o
  LD      drivers/mmc/host/built-in.o
  LD      drivers/md/dm-mod.o
  CC      drivers/net/ppp/pppolac.o
  LD      drivers/md/dm-verity.o
  LD      drivers/md/built-in.o
  CC      drivers/net/wireguard/main.o
  CC      net/ipv6/ip6_tunnel.o
  CC      drivers/net/usb/r8152.o
  CC      drivers/net/bonding/bond_options.o
  CC      drivers/media/platform/msm/camera/cam_icp/icp_hw/a5_hw/a5_soc.o
  LD      drivers/media/platform/msm/camera/cam_fd/built-in.o
  CC      drivers/mmc/core/sd.o
  LD      drivers/media/platform/msm/camera/cam_icp/icp_hw/ipe_hw/built-in.o
../drivers/net/ppp/pptp.c:398:20: warning: taking address of packed member 'sa_addr' of class or structure 'sockaddr_pppox' may result in an unaligned pointer value [-Waddress-of-packed-member]
  398 |         if (add_chan(po, &sp->sa_addr.pptp))
      |                           ^~~~~~~~~~~~~~~~
  CC      fs/compat.o
  CC      drivers/media/platform/msm/camera/cam_icp/icp_hw/bps_hw/bps_soc.o
  LD      drivers/media/platform/msm/camera/cam_icp/icp_hw/icp_hw_mgr/built-in.o
  CC      drivers/media/platform/msm/vidc/msm_vidc.o
1 warning generated.
  CC      drivers/media/platform/msm/sde/rotator/sde_rotator_io_util.o
  CC      drivers/net/wireguard/noise.o
  CC      drivers/net/wireguard/device.o
  CC      fs/compat_ioctl.o
  LD      drivers/media/platform/msm/camera/cam_icp/icp_hw/a5_hw/built-in.o
  CC      drivers/media/platform/msm/camera/cam_icp/cam_icp_subdev.o
  CC      drivers/media/platform/msm/vidc/msm_vdec.o
  LD      drivers/net/wireless/admtek/built-in.o
  CC      drivers/gpu/drm/drm_of.o
  LD      drivers/net/wireless/ath/built-in.o
  LD      drivers/kernelsu/kernelsu.o
  LD      drivers/net/wireless/atmel/built-in.o
  LD      drivers/net/wireless/broadcom/built-in.o
  LD      drivers/net/wireless/cisco/built-in.o
  LD      drivers/kernelsu/built-in.o
  CC      drivers/net/wireless/cnss_genl/cnss_nl.o
  CC      drivers/media/platform/msm/camera/cam_isp/isp_hw_mgr/hw_utils/cam_tasklet_util.o
  CC      drivers/media/platform/msm/vidc/msm_venc.o
  CC      net/wireless/wext-proc.o
  CC      drivers/media/tuners/tuner-xc2028.o
  LD      drivers/media/platform/msm/camera/cam_icp/icp_hw/bps_hw/built-in.o
  CC      net/netfilter/nf_nat_proto_udp.o
  LD      drivers/media/platform/msm/camera/cam_icp/icp_hw/built-in.o
  CC      drivers/net/bonding/bond_procfs.o
../fs/compat.c:279:34: warning: taking address of packed member 'f_blocks' of class or structure 'compat_statfs64' may result in an unaligned pointer value [-Waddress-of-packed-member]
  279 |             __put_user(kbuf->f_blocks, &ubuf->f_blocks) ||
      |                                         ^~~~~~~~~~~~~~
../arch/arm64/include/asm/uaccess.h:420:25: note: expanded from macro '__put_user'
  420 |         __put_user_check((x), (ptr), __pu_err);                         \
      |                                ^~~
../arch/arm64/include/asm/uaccess.h:401:15: note: expanded from macro '__put_user_check'
  401 |         __typeof__(*(ptr)) __user *__p = (ptr);                         \
      |                      ^~~
../fs/compat.c:279:34: warning: taking address of packed member 'f_blocks' of class or structure 'compat_statfs64' may result in an unaligned pointer value [-Waddress-of-packed-member]
  279 |             __put_user(kbuf->f_blocks, &ubuf->f_blocks) ||
      |                                         ^~~~~~~~~~~~~~
../arch/arm64/include/asm/uaccess.h:420:25: note: expanded from macro '__put_user'
  420 |         __put_user_check((x), (ptr), __pu_err);                         \
      |                                ^~~
../arch/arm64/include/asm/uaccess.h:401:36: note: expanded from macro '__put_user_check'
  401 |         __typeof__(*(ptr)) __user *__p = (ptr);                         \
      |                                           ^~~
../fs/compat.c:280:33: warning: taking address of packed member 'f_bfree' of class or structure 'compat_statfs64' may result in an unaligned pointer value [-Waddress-of-packed-member]
  280 |             __put_user(kbuf->f_bfree, &ubuf->f_bfree) ||
      |                                        ^~~~~~~~~~~~~
../arch/arm64/include/asm/uaccess.h:420:25: note: expanded from macro '__put_user'
  420 |         __put_user_check((x), (ptr), __pu_err);                         \
      |                                ^~~
../arch/arm64/include/asm/uaccess.h:401:15: note: expanded from macro '__put_user_check'
  401 |         __typeof__(*(ptr)) __user *__p = (ptr);                         \
      |                      ^~~
../fs/compat.c:280:33: warning: taking address of packed member 'f_bfree' of class or structure 'compat_statfs64' may result in an unaligned pointer value [-Waddress-of-packed-member]
  280 |             __put_user(kbuf->f_bfree, &ubuf->f_bfree) ||
      |                                        ^~~~~~~~~~~~~
../arch/arm64/include/asm/uaccess.h:420:25: note: expanded from macro '__put_user'
  420 |         __put_user_check((x), (ptr), __pu_err);                         \
      |                                ^~~
../arch/arm64/include/asm/uaccess.h:401:36: note: expanded from macro '__put_user_check'
  401 |         __typeof__(*(ptr)) __user *__p = (ptr);                         \
      |                                           ^~~
../fs/compat.c:281:34: warning: taking address of packed member 'f_bavail' of class or structure 'compat_statfs64' may result in an unaligned pointer value [-Waddress-of-packed-member]
  281 |             __put_user(kbuf->f_bavail, &ubuf->f_bavail) ||
      |                                         ^~~~~~~~~~~~~~
../arch/arm64/include/asm/uaccess.h:420:25: note: expanded from macro '__put_user'
  420 |         __put_user_check((x), (ptr), __pu_err);                         \
      |                                ^~~
../arch/arm64/include/asm/uaccess.h:401:15: note: expanded from macro '__put_user_check'
  401 |         __typeof__(*(ptr)) __user *__p = (ptr);                         \
      |                      ^~~
../fs/compat.c:281:34: warning: taking address of packed member 'f_bavail' of class or structure 'compat_statfs64' may result in an unaligned pointer value [-Waddress-of-packed-member]
  281 |             __put_user(kbuf->f_bavail, &ubuf->f_bavail) ||
      |                                         ^~~~~~~~~~~~~~
../arch/arm64/include/asm/uaccess.h:420:25: note: expanded from macro '__put_user'
  420 |         __put_user_check((x), (ptr), __pu_err);                         \
      |                                ^~~
../arch/arm64/include/asm/uaccess.h:401:36: note: expanded from macro '__put_user_check'
  401 |         __typeof__(*(ptr)) __user *__p = (ptr);                         \
      |                                           ^~~
../fs/compat.c:282:33: warning: taking address of packed member 'f_files' of class or structure 'compat_statfs64' may result in an unaligned pointer value [-Waddress-of-packed-member]
  282 |             __put_user(kbuf->f_files, &ubuf->f_files) ||
      |                                        ^~~~~~~~~~~~~
../arch/arm64/include/asm/uaccess.h:420:25: note: expanded from macro '__put_user'
  420 |         __put_user_check((x), (ptr), __pu_err);                         \
      |                                ^~~
../arch/arm64/include/asm/uaccess.h:401:15: note: expanded from macro '__put_user_check'
  401 |         __typeof__(*(ptr)) __user *__p = (ptr)  CC      drivers/mmc/core/sd_ops.o
;                         \
      |                      ^~~
../fs/compat.c:282:33: warning: taking address of packed member 'f_files' of class or structure 'compat_statfs64' may result in an unaligned pointer value [-Waddress-of-packed-member]
  282 |             __put_user(kbuf->f_files, &ubuf->f_files) ||
      |                                        ^~~~~~~~~~~~~
../arch/arm64/include/asm/uaccess.h:420:25: note: expanded from macro '__put_user'
  420 |         __put_user_c  CC      net/wireless/wext-spy.o
heck((x),   CC      drivers/net/ppp/pppopns.o
(ptr), __pu_err);                         \
      |                                ^~~
../arch/arm64/include/asm/uaccess.h:401:36: note: expanded from macro '__put_user_check'
  401 |         __typeof__(*(ptr)) __user *__p = (ptr);                         \
      |                                           ^~~
../fs/compat.c:283:33: warning: taking address of packed member 'f_ffree' of class or structure 'compat_statfs64' may result in an unaligned pointer value [-Waddress-of-packed-member]
  283 |             __put_user(kbuf->f_ffree, &ubuf->f_ffree) ||
      |                                        ^~~~~~~~~~~~~
../arch/arm64/include/asm/uaccess.h:420:25: note: expanded from macro '__put_user'
  420 |         __put_user_check((x), (ptr), __pu_err);                         \
      |                                ^~~
../arch/arm64/include/asm/uaccess.h:401:15: note: expanded from macro '__put_user_check'
  401 |         __typeof__(*(ptr)) __user *__p = (ptr);                         \
      |                      ^~~
../fs/compat.c:283:33: warning: taking address of packed member 'f_ffree' of class or structure 'compat_statfs64' may result in an unaligned pointer value [-Waddress-of-packed-member]
  283 |             __put_user(kbuf->f_ffree, &ubuf->f_ffree) ||
      |                                        ^~~~~~~~~~~~~
../arch/arm64/include/asm/uaccess.h:420:25: note: expanded from macro '__put_user'
  420 |         __put_user_check((x), (ptr), __pu_err);                         \
      |                                ^~~
../arch/arm64/include/asm/uaccess.h:401:36: note: expanded from macro '__put_user_check'
  401 |         __typeof__(*(ptr)) __user *__p = (ptr);                         \
      |                                           ^~~
  CC      drivers/media/platform/msm/sde/rotator/sde_rotator_smmu.o
  CC      drivers/media/platform/msm/camera/cam_icp/cam_icp_context.o
  CC      drivers/media/platform/msm/camera/cam_isp/isp_hw_mgr/hw_utils/cam_isp_packet_parser.o
  CC      net/ipv4/ping.o
  CC      net/ipv6/netfilter/nf_dup_ipv6.o
  CC      drivers/media/platform/msm/camera/cam_icp/hfi.o
  CC      net/ipv4/ip_tunnel_core.o
  LD      drivers/net/wireless/cnss_genl/built-in.o
  CC      net/ipv6/addrconf_core.o
  CC      drivers/net/wireless/cnss_prealloc/cnss_prealloc.o
  LD      drivers/net/bonding/bonding.o
  CC      drivers/gpu/drm/drm_mipi_dsi.o
  CC      drivers/media/platform/msm/camera/cam_isp/isp_hw_mgr/hw_utils/irq_controller/cam_irq_controller.o
  LD      drivers/net/bonding/built-in.o
  CC      drivers/media/platform/msm/camera/cam_jpeg/jpeg_hw/jpeg_dma_hw/jpeg_dma_dev.o
  CC      drivers/mmc/core/sdio.o
  CC      drivers/media/platform/msm/camera/cam_lrme/lrme_hw_mgr/lrme_hw/cam_lrme_hw_dev.o
  CC      drivers/media/platform/msm/camera/cam_lrme/lrme_hw_mgr/lrme_hw/cam_lrme_hw_core.o
  CC      drivers/media/platform/msm/vidc/msm_smem.o
  CC      drivers/net/wireguard/peer.o
  CC      drivers/media/platform/msm/camera/cam_jpeg/jpeg_hw/jpeg_enc_hw/jpeg_enc_dev.o
  LD      drivers/net/ppp/built-in.o
  CC      drivers/media/platform/msm/sde/rotator/sde_rotator_r1_wb.o
  CC      drivers/media/tuners/tuner-simple.o
  CC      net/netfilter/nf_nat_proto_tcp.o
  LD      drivers/media/platform/msm/camera/cam_icp/built-in.o
  CC      drivers/media/platform/msm/camera/cam_req_mgr/cam_req_mgr_core.o
  CC      net/wireless/wext-priv.o
  CC      drivers/media/platform/msm/camera/cam_sensor_module/3dsl_eeprom/3dsl_eeprom_dev.o
10 warnings generated.
  CC      drivers/media/platform/msm/camera/cam_smmu/cam_smmu_api.o
  CC      drivers/net/usb/asix_devices.o
  LD      drivers/net/wireless/cnss_prealloc/built-in.o
  LD      drivers/media/platform/msm/camera/cam_isp/isp_hw_mgr/hw_utils/irq_controller/built-in.o
  CC      drivers/net/wireless/cnss_utils/cnss_utils.o
  LD      drivers/media/platform/msm/camera/cam_isp/isp_hw_mgr/hw_utils/built-in.o
  CC      fs/binfmt_script.o
  CC      drivers/media/platform/msm/camera/cam_sensor_module/cam_actuator/cam_actuator_dev.o
  CC      drivers/media/platform/msm/camera/cam_jpeg/jpeg_hw/jpeg_enc_hw/jpeg_enc_core.o
  CC      drivers/media/platform/msm/camera/cam_isp/isp_hw_mgr/isp_hw/ife_csid_hw/cam_ife_csid_dev.o
  CC      drivers/media/platform/msm/camera/cam_sensor_module/cam_cci/cam_cci_dev.o
  CC      net/ipv6/netfilter/ip6t_rpfilter.o
  CC      drivers/media/platform/msm/camera/cam_jpeg/jpeg_hw/jpeg_dma_hw/jpeg_dma_core.o
  LD      drivers/gpu/drm/bridge/built-in.o
  LD      drivers/gpu/drm/hisilicon/built-in.o
  LD      drivers/gpu/drm/i2c/built-in.o
  CC      drivers/media/platform/msm/camera/cam_lrme/lrme_hw_mgr/lrme_hw/cam_lrme_hw_soc.o
  CC      drivers/media/platform/msm/sde/rotator/sde_rotator_r1_pipe.o
  CC      drivers/media/platform/msm/vidc/msm_vidc_debug.o
  CC      fs/binfmt_elf.o
  CC      drivers/net/wireguard/timers.o
  CC      drivers/gpu/drm/msm/dp/dp_usbpd.o
  CC      net/netfilter/nf_nat_helper.o
  CC      net/wireless/regdb.o
  CC      drivers/media/tuners/tuner-types.o
  CC      drivers/media/platform/msm/camera/cam_sensor_module/cam_csiphy/cam_csiphy_soc.o
  CC      drivers/media/platform/msm/camera/cam_jpeg/jpeg_hw/jpeg_enc_hw/jpeg_enc_soc.o
  CC      drivers/media/platform/msm/camera/cam_sensor_module/3dsl_eeprom/3dsl_eeprom_core.o
  CC      drivers/media/platform/msm/camera/cam_req_mgr/cam_req_mgr_dev.o
  CC      drivers/media/platform/msm/camera/cam_isp/isp_hw_mgr/isp_hw/ife_csid_hw/cam_ife_csid_soc.o
  CC      drivers/media/platform/msm/camera/cam_sensor_module/cam_actuator/cam_actuator_core.o
  CC      drivers/mmc/core/sdio_ops.o
  CC      net/ipv4/gre_offload.o
  CC      drivers/media/platform/msm/camera/cam_jpeg/jpeg_hw/jpeg_dma_hw/jpeg_dma_soc.o
  CC      drivers/net/usb/asix_common.o
  LD      drivers/media/platform/msm/camera/cam_lrme/lrme_hw_mgr/lrme_hw/built-in.o
  CC      drivers/media/platform/msm/camera/cam_lrme/lrme_hw_mgr/cam_lrme_hw_mgr.o
  CC      drivers/net/usb/ax88172a.o
  CC      drivers/gpu/drm/msm/dp/dp_parser.o
  CC      net/ipv6/netfilter/ip6t_REJECT.o
  CC      drivers/media/platform/msm/camera/cam_sensor_module/cam_cci/cam_cci_core.o
  LD      drivers/media/platform/msm/camera/cam_jpeg/jpeg_hw/jpeg_enc_hw/built-in.o
  CC      drivers/media/platform/msm/sde/rotator/sde_rotator_r1_ctl.o
  CC      drivers/media/platform/msm/camera/cam_sensor_module/cam_cci/cam_cci_soc.o
  CC      drivers/media/platform/msm/camera/cam_isp/isp_hw_mgr/isp_hw/ife_csid_hw/cam_ife_csid_core.o
  LD      drivers/net/wireless/cnss_utils/built-in.o
  LD      drivers/media/platform/msm/camera/cam_jpeg/jpeg_hw/jpeg_dma_hw/built-in.o
  CC      drivers/mmc/core/sdio_bus.o
  LD      drivers/net/wireless/intel/built-in.o
  CC      drivers/media/platform/msm/camera/cam_jpeg/jpeg_hw/cam_jpeg_hw_mgr.o
  CC      drivers/media/platform/msm/camera/cam_sensor_module/3dsl_eeprom/3dsl_eeprom_soc.o
  LD      drivers/net/wireless/intersil/built-in.o
  LD      drivers/net/wireless/marvell/built-in.o
  LD      net/wireless/cfg80211.o
  CC      drivers/media/platform/msm/camera/cam_sensor_module/cam_csiphy/cam_csiphy_dev.o
  LD      drivers/media/platform/msm/camera/cam_smmu/built-in.o
  LD      drivers/net/wireless/mediatek/built-in.o
  CC      drivers/media/tuners/mt20xx.o
  CC      drivers/media/platform/msm/camera/cam_lrme/cam_lrme_dev.o
  LD      drivers/net/wireless/ralink/built-in.o
  CC      fs/compat_binfmt_elf.o
  LD      drivers/net/wireless/realtek/built-in.o
  LD      drivers/net/wireless/rsi/built-in.o
  LD      drivers/net/wireless/st/built-in.o
  LD      net/wireless/built-in.o
  LD      drivers/net/wireless/ti/built-in.o
  LD      drivers/net/wireless/zydas/built-in.o
  CC      drivers/net/wireguard/queueing.o
  LD      drivers/net/wireless/built-in.o
  CC      drivers/gpu/drm/msm/dp/dp_power.o
  CC      drivers/media/platform/msm/camera/cam_sensor_module/cam_eeprom/cam_eeprom_dev.o
  CC      drivers/media/platform/msm/camera/cam_req_mgr/cam_req_mgr_util.o
  CC      drivers/net/wireguard/send.o
  CC      drivers/media/platform/msm/vidc/msm_vidc_res_parse.o
  CC      drivers/net/wireguard/receive.o
  LD      drivers/media/platform/msm/camera/cam_lrme/lrme_hw_mgr/built-in.o
  CC      drivers/media/platform/msm/camera/cam_sensor_module/cam_actuator/cam_actuator_soc.o
  CC      drivers/net/usb/ax88179_178a.o
  CC      drivers/media/platform/msm/camera/cam_isp/isp_hw_mgr/isp_hw/vfe_hw/cam_vfe_soc.o
  CC      drivers/media/platform/msm/sde/rotator/sde_rotator_r1.o
  CC      net/netfilter/nf_nat_redirect.o
  LD      net/ipv6/netfilter/nf_conntrack_ipv6.o
  CC      net/ipv4/ip_tunnel.o
  CC      drivers/media/platform/msm/camera/cam_sensor_module/cam_csiphy/cam_csiphy_core.o
  LD      net/ipv6/netfilter/nf_defrag_ipv6.o
  LD      net/ipv6/netfilter/built-in.o
  CC      drivers/media/platform/msm/camera/cam_lrme/cam_lrme_context.o
  LD      drivers/media/platform/msm/camera/cam_sensor_module/3dsl_eeprom/built-in.o
  CC      drivers/media/platform/msm/camera/cam_jpeg/cam_jpeg_dev.o
  CC      net/ipv6/exthdrs_core.o
  CC      drivers/media/platform/msm/camera/cam_req_mgr/cam_req_mgr_workq.o
  CC      drivers/media/platform/msm/camera/cam_isp/isp_hw_mgr/isp_hw/vfe_hw/cam_vfe_dev.o
  LD      drivers/media/platform/msm/camera/cam_sensor_module/cam_cci/built-in.o
  CC      drivers/mmc/core/sdio_cis.o
  CC      drivers/media/tuners/tda8290.o
  CC      drivers/media/platform/msm/camera/cam_isp/isp_hw_mgr/isp_hw/vfe_hw/cam_vfe_core.o
  CC      drivers/gpu/drm/msm/dp/dp_catalog.o
  LD      drivers/gpu/drm/omapdrm/displays/built-in.o
  LD      drivers/gpu/drm/omapdrm/dss/built-in.o
  LD      drivers/media/platform/msm/camera/cam_lrme/built-in.o
  LD      drivers/gpu/drm/omapdrm/built-in.o
  LD      drivers/media/platform/msm/camera/cam_jpeg/jpeg_hw/built-in.o
  CC      net/ipv4/sysctl_net_ipv4.o
  CC      net/ipv4/proc.o
  CC      net/ipv4/fib_rules.o
  CC      net/ipv4/gre_demux.o
  CC      drivers/media/platform/msm/camera/cam_sensor_module/cam_eeprom/cam_eeprom_core.o
  CC      fs/mbcache.o
  CC      drivers/media/platform/msm/sde/rotator/sde_rotator_r3.o
  CC      drivers/media/platform/msm/camera/cam_req_mgr/cam_mem_mgr.o
  CC      drivers/media/platform/msm/camera/cam_jpeg/cam_jpeg_context.o
  LD      drivers/media/platform/msm/camera/cam_sensor_module/cam_actuator/built-in.o
  CC      drivers/media/platform/msm/camera/cam_isp/isp_hw_mgr/isp_hw/ife_csid_hw/cam_ife_csid170.o
  CC      drivers/media/platform/msm/sde/rotator/sde_rotator_sync.o
  CC      drivers/media/platform/msm/vidc/venus_hfi.o
  LD      drivers/media/platform/msm/camera/cam_sensor_module/cam_csiphy/built-in.o
  CC      drivers/media/platform/msm/vidc/hfi_response_handler.o
  CC      drivers/mmc/core/sdio_io.o
  CC      drivers/net/usb/cdc_ether.o
  CC      drivers/net/wireguard/socket.o
  CC      drivers/gpu/drm/msm/dp/dp_aux.o
  CC      drivers/media/platform/msm/camera/cam_isp/isp_hw_mgr/cam_isp_hw_mgr.o
  CC      drivers/media/platform/msm/camera/cam_isp/isp_hw_mgr/isp_hw/ife_csid_hw/cam_ife_csid_lite170.o
  CC      fs/posix_acl.o
  CC      drivers/media/platform/msm/camera/cam_isp/isp_hw_mgr/isp_hw/vfe_hw/vfe170/cam_vfe170.o
  CC      drivers/media/platform/msm/camera/cam_sensor_module/cam_eeprom/cam_eeprom_soc.o
  CC      net/netfilter/nf_nat_proto_dccp.o
  CC      net/ipv6/ip6_checksum.o
  CC      drivers/media/platform/msm/camera/cam_isp/isp_hw_mgr/isp_hw/vfe_hw/vfe170/cam_vfe_lite170.o
  LD      drivers/media/platform/msm/camera/cam_jpeg/built-in.o
  CC      drivers/net/wireguard/peerlookup.o
  CC      drivers/net/wireguard/allowedips.o
  CC      drivers/net/wireguard/ratelimiter.o
  CC      drivers/media/platform/msm/camera/cam_req_mgr/cam_req_mgr_timer.o
  CC      drivers/media/tuners/tda9887.o
  LD      drivers/media/platform/msm/camera/cam_isp/isp_hw_mgr/isp_hw/ife_csid_hw/built-in.o
  CC      drivers/net/dummy.o
  LD      drivers/media/usb/b2c2/built-in.o
  LD      drivers/media/usb/dvb-usb/built-in.o
  LD      drivers/media/usb/dvb-usb-v2/built-in.o
  CC      net/ipv6/ip6_icmp.o
  LD      drivers/media/usb/s2255/built-in.o
  CC      drivers/mmc/core/sdio_irq.o
  LD      drivers/media/usb/siano/built-in.o
  LD      drivers/media/usb/stkwebcam/built-in.o
  LD      drivers/gpu/drm/panel/built-in.o
  CC      drivers/media/platform/msm/camera/cam_sync/cam_sync.o
  LD      drivers/media/usb/ttusb-budget/built-in.o
  CC      drivers/media/platform/msm/vidc/hfi_packetization.o
  LD      drivers/media/usb/ttusb-dec/built-in.o
  CC      drivers/media/platform/msm/camera/cam_utils/cam_soc_util.o
  LD      drivers/media/usb/zr364xx/built-in.o
  LD      drivers/media/usb/built-in.o
  LD      drivers/media/platform/msm/camera/cam_sensor_module/cam_eeprom/built-in.o
  CC      drivers/media/platform/msm/camera/cam_req_mgr/cam_req_mgr_debug.o
  CC      drivers/net/usb/usbnet.o
  CC      drivers/media/platform/msm/camera/cam_sensor_module/cam_flash/cam_flash_dev.o
  CC      drivers/media/platform/msm/sde/rotator/sde_rotator_debug.o
  CC      drivers/nfc/nq-nci.o
  LD      drivers/media/platform/msm/camera/cam_isp/isp_hw_mgr/isp_hw/vfe_hw/vfe170/built-in.o
  CC      drivers/media/platform/msm/camera/cam_isp/isp_hw_mgr/isp_hw/vfe_hw/vfe_bus/cam_vfe_bus.o
  CC      fs/coredump.o
  CC      drivers/gpu/drm/msm/dp/dp_panel.o
  CC      net/ipv4/udp_tunnel.o
  CC      fs/drop_caches.o
  LD      drivers/media/platform/msm/camera/cam_req_mgr/built-in.o
  CC      net/ipv6/output_core.o
  CC      drivers/net/mii.o
  CC      drivers/net/Space.o
  CC      net/netfilter/nf_nat_proto_udplite.o
  CC      drivers/media/tuners/tda827x.o
  CC      drivers/media/platform/msm/camera/cam_sync/cam_sync_util.o
  CC      net/netfilter/nf_nat_proto_sctp.o
  CC      drivers/media/platform/msm/camera/cam_isp/isp_hw_mgr/isp_hw/vfe_hw/vfe_bus/cam_vfe_bus_ver2.o
  LD      drivers/nvme/host/built-in.o
  CC      drivers/media/platform/msm/camera/cam_isp/isp_hw_mgr/isp_hw/vfe_hw/vfe_top/cam_vfe_top.o
  LD      drivers/nvme/target/built-in.o
  LD      drivers/nfc/built-in.o
  LD      drivers/nvme/built-in.o
  CC      drivers/mmc/core/quirks.o
  CC      drivers/net/usb/cdc_ncm.o
  CC      drivers/media/platform/msm/vidc/vidc_hfi.o
  CC      drivers/media/platform/msm/camera/cam_sensor_module/cam_flash/cam_flash_core.o
  CC      drivers/net/wireguard/cookie.o
  CC      drivers/media/platform/msm/camera/cam_sensor_module/cam_flash/cam_flash_soc.o
  CC      drivers/media/tuners/tda18271-maps.o
  CC      drivers/gpu/drm/msm/dp/dp_link.o
  CC      drivers/media/platform/msm/sde/rotator/sde_rotator_r1_debug.o
  CC      drivers/media/v4l2-core/v4l2-dev.o
  CC      drivers/media/platform/msm/camera/cam_utils/cam_io_util.o
  CC      drivers/media/media-device.o
  CC      drivers/media/platform/msm/camera/cam_isp/isp_hw_mgr/isp_hw/vfe_hw/vfe_top/cam_vfe_top_ver2.o
  LD      drivers/media/platform/msm/camera/cam_sync/built-in.o
  CC      net/ipv4/ip_vti.o
  CC      drivers/media/platform/msm/vidc/venus_boot.o
  CC      drivers/media/platform/msm/camera/cam_isp/cam_isp_dev.o
  CC      drivers/mmc/core/slot-gpio.o
  CC      drivers/net/wireguard/netlink.o
  CC      drivers/media/platform/msm/camera/cam_utils/cam_packet_util.o
  CC      drivers/media/platform/msm/camera/cam_isp/cam_isp_context.o
  CC      drivers/media/v4l2-core/v4l2-ioctl.o
  CC      drivers/media/tuners/tda18271-common.o
  CC      drivers/media/platform/msm/sde/rotator/sde_rotator_r3_debug.o
  CC      fs/dcookies.o
  LD      drivers/net/usb/asix.o
  CC      net/ipv6/protocol.o
  LD      drivers/gpu/drm/tilcdc/built-in.o
  CC      drivers/media/platform/msm/vidc/msm_vidc_clocks.o
  LD      drivers/media/platform/msm/camera/cam_isp/isp_hw_mgr/isp_hw/vfe_hw/vfe_bus/built-in.o
  CC      drivers/gpu/drm/msm/dp/dp_ctrl.o
  CC      drivers/media/platform/msm/camera/cam_isp/isp_hw_mgr/cam_ife_hw_mgr.o
  CC      net/ipv4/ah4.o
  CC      net/netfilter/nf_nat_amanda.o
  CC      net/netfilter/nf_nat_ftp.o
  CC      drivers/media/v4l2-core/v4l2-device.o
  CC      drivers/media/platform/msm/camera/cam_isp/isp_hw_mgr/isp_hw/vfe_hw/vfe_top/cam_vfe_camif_ver2.o
  LD      drivers/media/platform/msm/camera/cam_sensor_module/cam_flash/built-in.o
  CC      drivers/media/platform/msm/camera/cam_sensor_module/cam_ir_led/cam_ir_led_dev.o
  CC      drivers/media/tuners/tda18271-fe.o
  CC      drivers/media/platform/msm/camera/cam_utils/cam_debug_util.o
  CC      net/ipv6/ip6_offload.o
  CC      drivers/media/platform/msm/camera/cam_sensor_module/cam_ir_led/cam_ir_led_soc.o
  CC      net/netfilter/nf_nat_irc.o
  LD      drivers/media/platform/msm/sde/rotator/built-in.o
  LD      drivers/media/platform/msm/sde/built-in.o
  CC      drivers/media/platform/msm/camera/cam_sensor_module/cam_ois/cam_ois_dev.o
  CC      drivers/mmc/core/pwrseq.o
  CC      drivers/media/platform/msm/camera/cam_utils/cam_trace.o
  LD      drivers/net/usb/built-in.o
  LD      fs/built-in.o
  CC      net/netfilter/nf_nat_tftp.o
  CC      drivers/media/platform/msm/camera/cam_isp/isp_hw_mgr/isp_hw/vfe_hw/vfe_top/cam_vfe_rdi.o
  CC      drivers/media/platform/msm/camera/cam_sensor_module/cam_ir_led/cam_ir_led_core.o
  CC      net/netfilter/x_tables.o
  CC      drivers/net/wireguard/crypto/zinc/chacha20/chacha20.o
  CC      drivers/gpu/drm/msm/dp/dp_audio.o
  CC      net/netfilter/xt_tcpudp.o
  CC      net/ipv6/tcpv6_offload.o
  CC      drivers/media/platform/msm/camera/cam_sensor_module/cam_ois/cam_ois_core.o
  CC      drivers/media/media-devnode.o
  CC      drivers/net/loopback.o
  CC      drivers/media/platform/msm/vidc/governors/msm_vidc_dyn_gov.o
  CC      drivers/mmc/core/debugfs.o
  PERLASM drivers/net/wireguard/crypto/zinc/chacha20/chacha20-arm64.S
  CC      drivers/net/tun.o
  CC      drivers/media/tuners/xc5000.o
  CC      net/ipv6/exthdrs_offload.o
  CC      net/ipv4/esp4.o
  CC      drivers/gpu/drm/msm/dp/dp_debug.o
  CC      drivers/media/platform/msm/camera/cam_utils/cam_common_util.o
  LD      drivers/media/platform/msm/camera/cam_isp/isp_hw_mgr/isp_hw/vfe_hw/vfe_top/built-in.o
  LD      drivers/media/platform/msm/camera/cam_sensor_module/cam_ir_led/built-in.o
  CC      net/ipv6/inet6_hashtables.o
  CC      drivers/net/wireguard/crypto/zinc/poly1305/poly1305.o
  CC      drivers/media/v4l2-core/v4l2-fh.o
  LD      drivers/media/platform/msm/camera/cam_isp/isp_hw_mgr/isp_hw/vfe_hw/built-in.o
  LD      drivers/media/platform/msm/camera/cam_isp/isp_hw_mgr/isp_hw/built-in.o
  CC      drivers/media/media-entity.o
  CC      drivers/of/base.o
  CC      drivers/mmc/core/pwrseq_simple.o
  LD      drivers/gpu/drm/drm_kms_helper.o
  CC      drivers/media/v4l2-core/v4l2-event.o
  CC      drivers/mmc/core/pwrseq_emmc.o
  LD      drivers/media/platform/msm/camera/cam_utils/built-in.o
  LD      drivers/media/platform/msm/camera/cam_isp/isp_hw_mgr/built-in.o
  CC      drivers/of/device.o
  CC      drivers/media/platform/msm/camera/cam_sensor_module/cam_ois/cam_ois_soc.o
  LD      drivers/media/platform/msm/camera/cam_isp/built-in.o
  PERLASM drivers/net/wireguard/crypto/zinc/poly1305/poly1305-arm64.S
  CC      net/ipv4/ipcomp.o
  CC      net/ipv4/xfrm4_tunnel.o
  CC      net/ipv6/ip6_udp_tunnel.o
  LD      drivers/media/platform/msm/vidc/governors/msm-vidc-dyn-gov.o
  LD      drivers/media/platform/msm/vidc/governors/built-in.o
  CC      net/ipv4/xfrm4_mode_beet.o
  CC      net/ipv4/tunnel4.o
  LD      drivers/media/platform/msm/vidc/msm-vidc.o
  CC      drivers/media/v4l2-core/v4l2-ctrls.o
  LD      drivers/media/platform/msm/vidc/built-in.o
  CC      drivers/pci/access.o
  CC      drivers/media/platform/msm/camera/cam_sensor_module/cam_res_mgr/cam_res_mgr.o
  CC      net/netfilter/xt_mark.o
  CC      drivers/of/platform.o
  CC      drivers/of/kobj.o
  LD      drivers/mmc/core/mmc_core.o
  CC      drivers/media/tuners/xc4000.o
  CC      drivers/gpu/drm/msm/dp/dp_display.o
  LD      drivers/mmc/core/built-in.o
  LD      drivers/media/platform/msm/camera/cam_sensor_module/cam_ois/built-in.o
  CC      net/netfilter/xt_connmark.o
  CC      net/ipv4/xfrm4_mode_transport.o
  LD      drivers/mmc/built-in.o
  CC      drivers/net/wireguard/crypto/zinc/chacha20poly1305.o
  CC      net/netfilter/xt_nat.o
  CC      drivers/media/platform/msm/camera/cam_sensor_module/cam_sensor/cam_sensor_dev.o
  CC      drivers/media/platform/msm/camera/cam_sensor_module/cam_sensor/cam_sensor_core.o
  CC      drivers/media/platform/msm/camera/cam_sensor_module/cam_sensor/cam_sensor_soc.o
  CC      drivers/pci/bus.o
  CC      drivers/pci/probe.o
  CC      drivers/pci/host-bridge.o
  CC      drivers/pci/remove.o
  CC      net/ipv6/mcast_snoop.o
  CC      drivers/gpu/drm/msm/dp/dp_drm.o
  CC      drivers/of/fdt.o
  CC      net/netfilter/xt_CLASSIFY.o
  LD      drivers/media/platform/msm/camera/cam_sensor_module/cam_res_mgr/built-in.o
  CC      drivers/net/wireguard/crypto/zinc/blake2s/blake2s.o
  LD      drivers/media/media.o
  CC      net/netfilter/xt_CONNSECMARK.o
  CC      net/netfilter/xt_CT.o
  LD      drivers/gpu/drm/drm.o
  CC      drivers/media/tuners/mc44s803.o
  CC      net/ipv4/xfrm4_mode_tunnel.o
  CC      net/netfilter/xt_LOG.o
  CC      drivers/gpu/drm/msm/dp/dp_hdcp2p2.o
  CC      drivers/perf/arm_pmu.o
  CC      drivers/media/platform/msm/camera/cam_sensor_module/cam_sensor_io/cam_sensor_io.o
  CC      drivers/media/platform/msm/camera/cam_sensor_module/cam_sensor_io/cam_sensor_cci_i2c.o
  CC      drivers/pci/pci.o
  CC      drivers/media/platform/msm/camera/cam_sensor_module/cam_sensor_io/cam_sensor_qup_i2c.o
  CC      drivers/media/v4l2-core/v4l2-subdev.o
  CC      drivers/media/v4l2-core/v4l2-clk.o
  CC      drivers/media/platform/msm/camera/cam_sensor_module/cam_sensor_utils/cam_sensor_util.o
  CC      drivers/net/wireguard/crypto/zinc/curve25519/curve25519.o
  CC      net/netfilter/xt_NETMAP.o
  CC      drivers/media/platform/msm/camera/cam_sensor_module/cam_sensor_io/cam_sensor_spi.o
  LD      drivers/media/platform/msm/camera/cam_sensor_module/cam_sensor/built-in.o
  CC      drivers/gpu/drm/msm/sde/sde_crtc.o
  LD      drivers/media/tuners/tda18271.o
  CC      net/ipv4/ipconfig.o
  LD      drivers/media/tuners/built-in.o
  CC      drivers/phy/phy-core.o
  CC      drivers/phy/phy-qcom-ufs.o
  CC      drivers/of/fdt_address.o
  CC      net/netfilter/xt_NFLOG.o
  LD      net/ipv6/ipv6.o
  CC      net/netfilter/xt_NFQUEUE.o
  AS      drivers/net/wireguard/crypto/zinc/chacha20/chacha20-arm64.o
  CC      net/netfilter/xt_REDIRECT.o
  CC      drivers/phy/phy-qcom-ufs-qmp-14nm.o
  CC      drivers/media/v4l2-core/v4l2-async.o
  CC      drivers/pci/pci-driver.o
  LD      net/ipv6/built-in.o
  CC      drivers/pci/search.o
  CC      net/ipv4/netfilter.o
  CC      drivers/of/address.o
  CC      net/ipv4/netfilter/nf_conntrack_l3proto_ipv4.o
  CC      net/ipv4/netfilter/nf_conntrack_proto_icmp.o
  CC      net/ipv4/netfilter/nf_nat_l3proto_ipv4.o
  CC      net/ipv4/inet_diag.o
  CC      drivers/of/irq.o
  LD      drivers/perf/built-in.o
  CC      net/ipv4/tcp_diag.o
  CC      net/ipv4/udp_diag.o
  CC      drivers/pci/pci-sysfs.o
  CC      drivers/media/v4l2-core/v4l2-compat-ioctl32.o
  AS      drivers/net/wireguard/crypto/zinc/poly1305/poly1305-arm64.o
  CC      drivers/gpu/drm/msm/sde/sde_encoder.o
  CC      drivers/phy/phy-qcom-ufs-qmp-v3.o
  LD      drivers/net/wireguard/wireguard.o
  LD      drivers/net/wireguard/built-in.o
  LD      drivers/media/platform/msm/camera/cam_sensor_module/cam_sensor_io/built-in.o
  LD      drivers/net/built-in.o
  CC      net/ipv4/netfilter/nf_nat_proto_icmp.o
  CC      drivers/phy/phy-qcom-ufs-qrbtc-sdm845.o
  CC      net/ipv4/netfilter/nf_defrag_ipv4.o
  CC      drivers/gpu/drm/msm/sde/sde_encoder_phys_vid.o
  LD      drivers/media/platform/msm/camera/cam_sensor_module/cam_sensor_utils/built-in.o
../drivers/media/v4l2-core/v4l2-compat-ioctl32.c:856:21: warning: taking address of packed member 'id' of class or structure 'v4l2_ext_control' may result in an unaligned pointer value [-Waddress-of-packed-member]
  856 |                 if (get_user(id, &kcontrols->id))
      |                                   ^~~~~~~~~~~~~
../arch/arm64/include/asm/uaccess.h:355:18: note: expanded from macro 'get_user'
  355 | #define get_user        __get_user
      |                         ^
../arch/arm64/include/asm/uaccess.h:349:25: note: expanded from macro '__get_user'
  349 |         __get_user_check((x), (ptr), __gu_err);                         \
      |                                ^~~
../arch/arm64/include/asm/uaccess.h:330:15: note: expanded from macro '__get_user_check'
  330 |         __typeof__(*(ptr)) __user *__p = (ptr);                         \
      |                      ^~~
../drivers/media/v4l2-core/v4l2-compat-ioctl32.c:856:21: warning: taking address of packed member 'id' of class or structure 'v4l2_ext_control' may result in an unaligned pointer value [-Waddress-of-packed-member]
  856 |                 if (get_user(id, &kcontrols->id))
      |                                   ^~~~~~~~~~~~~
../arch/arm64/include/asm/uaccess.h:355:18: note: expanded from macro 'get_user'
  355 | #define get_user        __get_user
      |                         ^
../arch/arm64/include/asm/uaccess.h:349:25: note: expanded from macro '__get_user'
  349 |         __get_user_check((x), (ptr), __gu_err);                         \
      |                                ^~~
../arch/arm64/include/asm/uaccess.h:330:36: note: expanded from macro '__get_user_check'
  330 |         __typeof__(*(ptr)) __user *__p = (ptr);                         \
      |                                           ^~~
../drivers/media/v4l2-core/v4l2-compat-ioctl32.c:862:21: warning: taking address of packed member 'union v4l2_ext_control32::(anonymous at ../drivers/media/v4l2-core/v4l2-compat-ioctl32.c:764:2)' of class or structure 'v4l2_ext_control32' may result in an unaligned pointer value [-Waddress-of-packed-member]
  862 |                         if (get_user(p, &ucontrols->string))
      |                                          ^~~~~~~~~~~~~~~~~
../arch/arm64/include/asm/uaccess.h:355:18: note: expanded from macro 'get_user'
  355 | #define get_user        __get_user
      |                         ^
../arch/arm64/include/asm/uaccess.h:349:25: note: expanded from macro '__get_user'
  349 |         __get_user_check((x), (ptr), __gu_err);                         \
      |                                ^~~
../arch/arm64/include/asm/uaccess.h:330:15: note: expanded from macro '__get_user_check'
  330 |         __typeof__(*(ptr)) __user *__p = (ptr);                         \
      |                      ^~~
../drivers/media/v4l2-core/v4l2-compat-ioctl32.c:862:21: warning: taking address of packed member 'union v4l2_ext_control32::(anonymous at ../drivers/media/v4l2-core/v4l2-compat-ioctl32.c:764:2)' of class or structure 'v4l2_ext_control32' may result in an unaligned pointer value [-Waddress-of-packed-member]
  862 |                         if (get_user(p, &ucontrols->string))
      |                                          ^~~~~~~~~~~~~~~~~
../arch/arm64/include/asm/uaccess.h:355:18: note: expanded from macro 'get_user'
  355 | #define get_user        __get_user
      |                         ^
../arch/arm64/include/asm/uaccess.h:349:25: note: expanded from macro '__get_user'
  349 |         __get_user_check((x), (ptr), __gu_err);                         \
      |                                ^~~
../arch/arm64/include/asm/uaccess.h:330:36: note: expanded from macro '__get_user_check'
  330 |         __typeof__(*(ptr)) __user *__p = (ptr);                         \
      |                                           ^~~
../drivers/media/v4l2-core/v4l2-compat-ioctl32.c:865:21: warning: taking address of packed member 'union v4l2_ext_control::(anonymous at ../include/uapi/linux/videodev2.h:1614:2)' of class or structure 'v4l2_ext_control' may result in an unaligned pointer value [-Waddress-of-packed-member]
  865 |                         if (put_user(s, &kcontrols->string))
      |                                          ^~~~~~~~~~~~~~~~~
../arch/arm64/include/asm/uaccess.h:426:18: note: expanded from macro 'put_user'
  426 | #define put_user        __put_user
      |                         ^
../arch/arm64/include/asm/uaccess.h:420:25: note: expanded from macro '__put_user'
  420 |         __put_user_check((x), (ptr), __pu_err);                         \
      |                                ^~~
../arch/arm64/include/asm/uaccess.h:401:15: note: expanded from macro '__put_user_check'
  401 |         __typeof__(*(ptr)) __user *__p = (ptr);                         \
      |                      ^~~
../drivers/media/v4l2-core/v4l2-compat-ioctl32.c:865:21: warning: taking address of packed member 'union v4l2_ext_control::(anonymous at ../include/uapi/linux/videodev2.h:1614:2)' of class or structure 'v4l2_ext_control' may result in an unaligned pointer value [-Waddress-of-packed-member]
  865 |                         if (put_user(s, &kcontrols->string))
      |                                          ^~~~~~~~~~~~~~~~~
../arch/arm64/include/asm/uaccess.h:426:18: note: expanded from macro 'put_user'
  426 | #define put_user        __put_user
      |                         ^
../arch/arm64/include/asm/uaccess.h:420:25: note: expanded from macro '__put_user'
  420 |         __put_user_check((x), (ptr), __pu_err);                         \
      |                                ^~~
../arch/arm64/include/asm/uaccess.h:401:36: note: expanded from macro '__put_user_check'
  401 |         __typeof__(*(ptr)) __user *__p = (ptr);                         \
      |                                           ^~~
../drivers/media/v4l2-core/v4l2-compat-ioctl32.c:905:21: warning: taking address of packed member 'id' of class or structure 'v4l2_ext_control' may result in an unaligned pointer value [-Waddress-of-packed-member]
  905 |                 if (get_user(id, &kcontrols->id) ||
      |                                   ^~~~~~~~~~~~~
../arch/arm64/include/asm/uaccess.h:355:18: note: expanded from macro 'get_user'
  355 | #define get_user        __get_user
      |                         ^
../arch/arm64/include/asm/uaccess.h:349:25: note: expanded from macro '__get_user'
  349 |         __get_user_check((x), (ptr), __gu_err);                           LD      drivers/media/platform/msm/camera/cam_sensor_module/built-in.o
\
      |                                ^~~
../arch/arm64/include/asm/uaccess.h:330:15: note: expanded from macro '__get_user_check'
  330 |         __typeof__(*(ptr)) __user *__p = (ptr);                         \
      |                      ^~~
../drivers/media/v4l2-core/v4l2-compat-ioctl32.c:905:21: warning: taking address of packed member 'id' of class or structure 'v4l2_ext_control' may result in an unaligned pointer value [-Waddress-of-packed-member]
  905 |                 if (get_user(id, &kcontrols->id) ||
      |                                   ^~~~~~~~~~~~~
../arch/arm64/include/asm/uaccess.h:355:18: note: expanded from macro 'get_user'
  355 | #define get_user        __get_user
      |                         ^
../arch/arm64/include/asm/uaccess.h:349:25: note: expanded from macro '__get_user'
  349 |         __get_user_check((x), (ptr), __gu_err);                         \
      |                                ^~~
../arch/arm64/include/asm/uaccess.h:330:36: note: expanded from macro '__get_user_check'
  330 |         __typeof__(*(ptr)) __user *__p = (ptr);                         \
      |                                           ^~~
../drivers/media/v4l2-core/v4l2-compat-ioctl32.c:906:21: warning: taking address of packed member 'id' of class or structure 'v4l2_ext_control32' may result in an unaligned pointer value [-Waddress-of-packed-member]
  906 |                     put_user(id, &ucontrols->id) ||
      |                                   ^~~~~~~~~~~~~
../arch/arm64/include/asm/uaccess.h:426:18: note: expanded from macro 'put_user'
  426 | #define put_user        __put_user
      |                         ^
../arch/arm64/include/asm/uaccess.h:420:25: note: expanded from macro '__put_user'
  420 |         __put_user_check((x), (ptr), __pu_err);                         \
      |                                ^~~
../arch/arm64/include/asm/uaccess.h:401:15: note: expanded from macro '__put_user_check'
  401 |         __typeof__(*(ptr)) __user *__p = (ptr);                         \
      |                      ^~~
../drivers/media/v4l2-core/v4l2-compat-ioctl32.c:906:21: warning: taking address of packed member 'id' of class or structure 'v4l2_ext_control32' may result in an unaligned pointer value [-Waddress-of-packed-member]
  906 |                     put_user(id, &ucontrols->id) ||
      |                                   ^~~~~~~~~~~~~
../arch/arm64/include/asm/uaccess.h:426:18: note: expanded from macro 'put_user'
  426 | #define put_user        __put_user
      |                         ^
../arch/arm64/include/asm/uaccess.h:420:25: note: expanded from macro '__put_user'
  420 |         __put_user_check((x), (ptr), __pu_err);                         \
      |                                ^~~
../arch/arm64/include/asm/uaccess.h:401:36: note: expanded from macro '__put_user_check'
  401 |         __typeof__(*(ptr)) __user *__p = (ptr);                         \
      |                                           ^~~
../drivers/media/v4l2-core/v4l2-compat-ioctl32.c:907:41: warning: taking address of packed member 'size' of class or structure 'v4l2_ext_control' may result in an unaligned pointer value [-Waddress-of-packed-member]
  907 |                     assign_in_user(&ucontrols->size, &kcontrols->size) ||
      |                                                       ^~~~~~~~~~~~~~~
../drivers/media/v4l2-core/v4l2-compat-ioctl32.c:28:10: note: expanded from macro 'assign_in_user'
   28 |         typeof(*from) __assign_tmp;                                     \
      |                 ^~~~
../drivers/media/v4l2-core/v4l2-compat-ioctl32.c:907:41: warning: taking address of packed member 'size' of class or structure 'v4l2_ext_control' may result in an unaligned pointer value [-Waddress-of-packed-member]
  907 |                     assign_in_user(&ucontrols->size, &kcontrols->size) ||
      |                                                       ^~~~~~~~~~~~~~~
../drivers/media/v4l2-core/v4l2-compat-ioctl32.c:30:25: note: expanded from macro 'assign_in_user'
   30 |         get_user(__assign_tmp, from) || put_user(__assign_tmp, to);     \
      |                                ^~~~
../arch/arm64/include/asm/uaccess.h:349:25: note: expanded from macro '__get_user'
  349 |         __get_user_check((x), (ptr), __gu_err);                         \
      |                                ^~~
../arch/arm64/include/asm/uaccess.h:330:15: note: expanded from macro '__get_user_check'
  330 |         __typeof__(*(ptr)) __user *__p = (ptr);                         \
      |                      ^~~
../drivers/media/v4l2-core/v4l2-compat-ioctl32.c:907:41: warning: taking address of packed member 'size' of class or structure 'v4l2_ext_control' may result in an unaligned pointer value [-Waddress-of-packed-member]
  907 |                     assign_in_user(&ucontrols->size, &kcontrols->size) ||
      |                                                       ^~~~~~~~~~~~~~~
../drivers/media/v4l2-core/v4l2-compat-ioctl32.c:30:25: note: expanded from macro 'assign_in_user'
   30 |         get_user(__assign_tmp, from) || put_user(__assign_tmp, to);     \
      |                                ^~~~
../arch/arm64/include/asm/uaccess.h:349:25: note: expanded from macro '__get_user'
  349 |         __get_user_check((x), (ptr), __gu_err);                         \
      |                                ^~~
../arch/arm64/include/asm/uaccess.h:330:36: note: expanded from macro '__get_user_check'
  330 |         __typeof__(*(ptr)) __user *__p = (ptr);                         \
      |                                           ^~~
../drivers/media/v4l2-core/v4l2-compat-ioctl32.c:907:23: warning: taking address of packed member 'size' of class or structure 'v4l2_ext_control32' may result in an unaligned pointer value [-Waddress-of-packed-member]
  907 |                     assign_in_user(&ucontrols->size, &kcontrols->size) ||
      |                                     ^~~~~~~~~~~~~~~
../drivers/media/v4l2-core/v4l2-compat-ioctl32.c:30:57: note: expanded from macro 'assign_in_user'
   30 |         get_user(__assign_tmp, from) || put_user(__assign_tmp, to);     \
      |                                                                ^~
../arch/arm64/include/asm/uaccess.h:420:25: note: expanded from macro '__put_user'
  420 |         __put_user_check((x), (ptr), __pu_err);                         \
      |                                ^~~
../arch/arm64/include/asm/uaccess.h:401:15: note: expanded from macro '__put_user_check'
  401 |         __typeof__(*(ptr)) __user *__p = (ptr);                         \
      |                      ^~~
../drivers/media/v4l2-core/v4l2-compat-ioctl32.c:907:23: warning: taking address of packed member 'size' of class or structure 'v4l2_ext_control32' may result in an unaligned pointer value [-Waddress-of-packed-member]
  907 |                     assign_in_user(&ucontrols->size, &kcontrols->size) ||
      |                                     ^~~~~~~~~~~~~~~
../drivers/media/v4l2-core/v4l2-compat-ioctl32.c:30:57: note: expanded from macro 'assign_in_user'
   30 |         get_user(__assign_tmp, from) || put_user(__assign_tmp, to);     \
      |                                                                ^~
../arch/arm64/include/asm/uaccess.h:420:25: note: expanded from macro '__put_user'
  420 |         __put_user_check((x), (ptr), __pu_err);                         \
      |                                ^~~
../arch/arm64/include/asm/uaccess.h:401:36: note: expanded from macro '__put_user_check'
  401 |         __typeof__(*(ptr)) __user *__p = (ptr);                         \
      |                                           ^~~
  CC      net/netfilter/xt_SECMARK.o
  CC      drivers/pci/rom.o
  CC      net/ipv4/tcp_cubic.o
  LD      drivers/media/platform/msm/camera/built-in.o
  CC      drivers/pinctrl/core.o
  CC      drivers/phy/phy-qcom-ufs-qmp-v3-660.o
  CC      drivers/pinctrl/pinctrl-utils.o
  CC      net/ipv4/netfilter/nf_log_ipv4.o
  LD      drivers/media/platform/msm/built-in.o
  CC      drivers/media/v4l2-core/v4l2-of.o
  CC      drivers/gpu/drm/msm/sde/sde_encoder_phys_cmd.o
  CC      drivers/pinctrl/pinmux.o
  CC      drivers/of/of_net.o
  LD      drivers/media/platform/built-in.o
  CC      drivers/platform/msm/gsi/gsi.o
  CC      drivers/gpu/drm/msm/sde/sde_irq.o
  LD      drivers/power/qcom/built-in.o
  CC      drivers/power/reset/msm-poweroff.o
  CC      drivers/power/supply/power_supply_core.o
  CC      drivers/pinctrl/pinconf.o
  LD      drivers/phy/built-in.o
  CC      drivers/power/reset/xgene-reboot.o
  CC      drivers/pci/setup-res.o
  CC      drivers/media/v4l2-core/vb2-trace.o
  CC      net/netfilter/xt_TPROXY.o
  CC      drivers/platform/msm/gsi/gsi_dbg.o
  CC      drivers/power/reset/syscon-reboot.o
  CC      drivers/gpu/drm/msm/sde/sde_core_irq.o
  CC      drivers/platform/msm/ipa/ipa_clients/ipa_usb.o
  CC      drivers/platform/msm/ipa/ipa_clients/odu_bridge.o
  CC      drivers/of/of_mdio.o
  CC      net/ipv4/cipso_ipv4.o
  CC      net/ipv4/xfrm4_policy.o
  CC      net/ipv4/xfrm4_state.o
  CC      drivers/pinctrl/devicetree.o
  CC      drivers/pci/irq.o
  CC      drivers/media/v4l2-core/v4l2-trace.o
  CC      drivers/pci/vpd.o
  CC      drivers/power/supply/power_supply_sysfs.o
  LD      drivers/power/reset/built-in.o
  CC      drivers/pinctrl/pinconf-generic.o
  CC      net/ipv4/netfilter/nf_reject_ipv4.o
  CC      drivers/pwm/core.o
  CC      drivers/pwm/sysfs.o
  CC      drivers/pwm/pwm-qpnp.o
  CC      drivers/power/supply/power_supply_leds.o
  LD      drivers/pinctrl/bcm/built-in.o
  CC      drivers/platform/msm/ipa/ipa_clients/ipa_mhi_client.o
15 warnings generated.
  CC      drivers/pci/setup-bus.o
  CC      drivers/pci/vc.o
  CC      net/ipv4/xfrm4_input.o
  CC      drivers/platform/msm/ipa/ipa_v3/ipahal/ipahal.o
  CC      net/netfilter/xt_TCPMSS.o
  CC      drivers/pci/proc.o
  CC      drivers/power/supply/qcom/qpnp-fg-gen3.o
  CC      drivers/platform/msm/ipa/ipa_v3/ipahal/ipahal_reg.o
  LD      drivers/pinctrl/freescale/built-in.o
  CC      drivers/platform/msm/ipa/ipa_v3/ipahal/ipahal_fltrt.o
  CC      drivers/pci/slot.o
  CC      drivers/of/of_pci.o
  LD      drivers/pinctrl/nomadik/built-in.o
  CC      drivers/gpu/drm/msm/sde/sde_core_perf.o
  CC      drivers/pinctrl/qcom/pinctrl-msm.o
  CC      drivers/of/of_pci_irq.o
  CC      drivers/platform/msm/ipa/ipa_v3/ipahal/ipahal_hw_stats.o
  CC      drivers/media/v4l2-core/v4l2-mc.o
  CC      drivers/platform/msm/ipa/test/ipa_ut_framework.o
  CC      drivers/regulator/core.o
  CC      drivers/platform/msm/ipa/test/ipa_test_example.o
  CC      drivers/regulator/dummy.o
  CC      drivers/platform/msm/ipa/ipa_clients/ipa_uc_offload.o
  LD      drivers/pwm/built-in.o
  CC      drivers/platform/msm/seemp_core/seemp_logk.o
  LD      drivers/platform/msm/gsi/built-in.o
  CC      net/netfilter/xt_TEE.o
  CC      drivers/platform/msm/sps/bam.o
  CC      drivers/platform/msm/sps/sps_bam.o
  CC      drivers/platform/msm/seemp_core/seemp_ringbuf.o
  CC      drivers/platform/msm/sps/sps.o
  CC      net/ipv4/netfilter/nf_nat_h323.o
  CC      drivers/media/v4l2-core/v4l2-common.o
  CC      net/ipv4/netfilter/nf_nat_pptp.o
  CC      drivers/gpu/drm/msm/sde/sde_rm.o
  CC      drivers/platform/msm/sps/sps_dma.o
  CC      drivers/platform/msm/ipa/ipa_v3/ipa.o
  CC      net/ipv4/netfilter/nf_nat_masquerade_ipv4.o
  CC      drivers/pci/quirks.o
  CC      drivers/platform/msm/ipa/ipa_clients/ipa_wdi3.o
  CC      drivers/of/of_reserved_mem.o
  CC      net/ipv4/netfilter/nf_nat_proto_gre.o
  CC      drivers/of/of_slimbus.o
  CC      drivers/platform/msm/ipa/ipa_clients/ipa_gsb.o
  CC      drivers/platform/msm/seemp_core/seemp_event_encoder.o
  CC      drivers/pinctrl/qcom/pinctrl-spmi-gpio.o
  CC      drivers/platform/msm/ipa/test/ipa_test_mhi.o
  CC      net/netfilter/xt_TRACE.o
  CC      drivers/platform/msm/ipa/ipa_v3/ipahal/ipahal_nat.o
  CC      drivers/power/supply/qcom/fg-memif.o
  CC      drivers/media/v4l2-core/v4l2-dv-timings.o
  CC      net/ipv4/xfrm4_output.o
  LD      drivers/platform/msm/seemp_core/seemp_core.o
  LD      drivers/platform/msm/seemp_core/built-in.o
  CC      drivers/of/of_batterydata.o
  CC      drivers/platform/msm/ipa/test/ipa_test_dma.o
  CC      drivers/platform/msm/ipa/ipa_api.o
  CC      drivers/platform/msm/sps/sps_map.o
  CC      drivers/platform/msm/ipa/ipa_clients/rndis_ipa.o
  CC      drivers/pinctrl/qcom/pinctrl-spmi-mpp.o
  CC      net/ipv4/xfrm4_protocol.o
  CC      drivers/gpu/drm/msm/sde/sde_kms_utils.o
  CC      net/netfilter/xt_IDLETIMER.o
  CC      drivers/media/v4l2-core/v4l2-mem2mem.o
  CC      drivers/reset/core.o
  CC      drivers/platform/msm/ipa/ipa_rm.o
  LD      drivers/of/built-in.o
  LD      drivers/platform/msm/ipa/ipa_v3/ipahal/ipa_hal.o
  LD      drivers/platform/msm/ipa/ipa_v3/ipahal/built-in.o
  CC      net/netfilter/xt_HARDIDLETIMER.o
  CC      drivers/platform/msm/ipa/test/ipa_test_hw_stats.o
  CC      drivers/power/supply/qcom/fg-util.o
  CC      net/netfilter/xt_bpf.o
  CC      drivers/pinctrl/qcom/pinctrl-sdm845.o
  CC      drivers/regulator/fixed-helper.o
  CC      drivers/platform/msm/sps/sps_mem.o
  CC      drivers/pci/msi.o
  CC      drivers/gpu/drm/msm/sde/sde_kms.o
  CC      drivers/platform/msm/qpnp-coincell.o
  CC      drivers/pinctrl/qcom/pinctrl-sdm845-v2.o
  CC      net/ipv4/netfilter/ip_tables.o
  CC      drivers/regulator/helpers.o
  CC      drivers/gpu/drm/msm/sde/sde_plane.o
  CC      drivers/pci/setup-irq.o
  LD      drivers/reset/hisilicon/built-in.o
  CC      drivers/platform/msm/qpnp-revid.o
  CC      drivers/power/supply/qcom/smb1355-charger.o
  CC      drivers/platform/msm/ipa/test/ipa_pm_ut.o
  LD      drivers/reset/built-in.o
  CC      drivers/regulator/devres.o
  CC      drivers/platform/msm/ipa/ipa_rm_dependency_graph.o
  CC      net/ipv4/netfilter/iptable_filter.o
  CC      drivers/gpu/drm/msm/sde/sde_connector.o
  CC      net/netfilter/xt_comment.o
  CC      drivers/media/v4l2-core/videobuf2-core.o
  CC      drivers/platform/msm/sps/sps_rm.o
  CC      net/ipv4/netfilter/iptable_mangle.o
  CC      drivers/gpu/drm/msm/sde/sde_color_processing.o
  LD      drivers/pinctrl/qcom/built-in.o
  LD      drivers/pinctrl/built-in.o
  CC      drivers/regulator/of_regulator.o
  CC      net/ipv4/netfilter/iptable_nat.o
  CC      drivers/platform/msm/ipa/ipa_rm_peers_list.o
  CC      net/netfilter/xt_connlimit.o
  LD      drivers/platform/msm/sps/built-in.o
  CC      drivers/platform/msm/ipa/ipa_v3/ipa_debugfs.o
  CC      drivers/pci/syscall.o
  CC      drivers/platform/msm/usb_bam.o
  LD      drivers/platform/msm/ipa/ipa_clients/built-in.o
  CC      net/ipv4/netfilter/iptable_raw.o
  CC      drivers/power/supply/qcom/pmic-voter.o
  LD      net/ipv4/gre.o
  CC      drivers/media/v4l2-core/videobuf2-v4l2.o
  CC      drivers/rtc/rtc-lib.o
  CC      drivers/rtc/hctosys.o
  CC      drivers/pci/of.o
  CC      drivers/regulator/fixed.o
  CC      drivers/platform/msm/qcom-geni-se.o
  CC      net/netfilter/xt_conntrack.o
  CC      drivers/sensors/sensors_ssc.o
  CC      drivers/scsi/scsi.o
  CC      drivers/gpu/drm/msm/sde/sde_vbif.o
  CC      drivers/scsi/hosts.o
  CC      drivers/pci/host/pci-msm.o
  CC      drivers/rtc/systohc.o
  CC      drivers/platform/msm/ipa/ipa_v3/ipa_hdr.o
  CC      drivers/slimbus/slimbus.o
  CC      drivers/platform/msm/ipa/ipa_v3/ipa_flt.o
  CC      drivers/slimbus/slim-msm.o
  CC      drivers/power/supply/qcom/step-chg-jeita.o
  CC      drivers/slimbus/slim-msm-ngd.o
  CC      drivers/platform/msm/msm_ext_display.o
  LD      drivers/platform/msm/ipa/test/ipa_ut_mod.o
  CC      drivers/platform/msm/ipa/ipa_v3/ipa_rt.o
  LD      drivers/platform/msm/ipa/test/built-in.o
  LD      drivers/media/v4l2-core/videodev.o
  CC      drivers/regulator/proxy-consumer.o
  CC      net/ipv4/netfilter/iptable_security.o
  LD      drivers/media/v4l2-core/built-in.o
  CC      drivers/rtc/class.o
  LD      drivers/sensors/built-in.o
  CC      drivers/power/supply/qcom/battery.o
  LD      drivers/soc/bcm/built-in.o
  LD      drivers/soc/fsl/built-in.o
  LD      drivers/media/built-in.o
  CC      drivers/soc/qcom/llcc-core.o
  CC      net/netfilter/xt_dscp.o
  CC      drivers/regulator/qpnp-labibb-regulator.o
  CC      drivers/scsi/scsi_ioctl.o
  CC      drivers/rtc/interface.o
  CC      net/netfilter/xt_ecn.o
  CC      net/netfilter/xt_esp.o
  CC      drivers/soc/qcom/llcc-slice.o
  CC      drivers/rtc/rtc-dev.o
  CC      drivers/rtc/rtc-proc.o
  CC      drivers/platform/msm/ipa/ipa_rm_resource.o
  CC      drivers/rtc/rtc-sysfs.o
  CC      drivers/rtc/qpnp-rtc.o
  CC      drivers/platform/msm/ipa/ipa_rm_inactivity_timer.o
  CC      drivers/regulator/qpnp-regulator.o
  CC      drivers/scsi/scsicam.o
  CC      net/ipv4/netfilter/ipt_ah.o
  CC      drivers/gpu/drm/msm/sde_dbg.o
  CC      drivers/gpu/drm/msm/sde_dbg_evtlog.o
  CC      net/ipv4/netfilter/ipt_rpfilter.o
  CC      drivers/soc/qcom/llcc-sdm845.o
  CC      drivers/regulator/refgen.o
  CC      drivers/platform/msm/ipa/ipa_v3/ipa_dp.o
  CC      net/netfilter/xt_hashlimit.o
  CC      drivers/power/supply/qcom/qpnp-smb2.o
  CC      net/netfilter/xt_helper.o
  CC      drivers/scsi/scsi_error.o
  CC      drivers/gpu/drm/msm/sde_io_util.o
  CC      drivers/spi/spi.o
  CC      drivers/spi/spidev.o
  CC      drivers/gpu/drm/msm/sde/sde_hw_reg_dma_v1_color_proc.o
  CC      drivers/power/supply/qcom/smb-lib.o
  CC      drivers/soc/qcom/scm.o
  LD      drivers/slimbus/built-in.o
  CC      net/netfilter/xt_hl.o
  CC      drivers/platform/msm/ipa/ipa_v3/ipa_client.o
  CC      drivers/scsi/scsi_lib.o
  CC      net/ipv4/netfilter/ipt_MASQUERADE.o
  CC      drivers/spi/spi-qup.o
  LD      drivers/rtc/rtc-core.o
  CC      drivers/soc/qcom/scm-boot.o
  LD      drivers/rtc/built-in.o
  CC      drivers/power/supply/qcom/storm-watch.o
  CC      drivers/spmi/spmi.o
  CC      net/netfilter/xt_iprange.o
  CC      drivers/gpu/drm/msm/sde/sde_hw_color_proc_v4.o
  CC      drivers/regulator/rpmh-regulator.o
  CC      drivers/regulator/stub-regulator.o
  LD      drivers/platform/msm/ipa/ipa_common
  CC      net/ipv4/netfilter/ipt_REJECT.o
../drivers/soc/qcom/scm.c:210:12: warning: value size does not match register size specified by the constraint and modifier [-Wasm-operand-widths]
  210 |                         : "=r" (r0)
      |                                 ^
../drivers/soc/qcom/scm.c:202:13: note: use constraint modifier "w"
  202 |                         __asmeq("%0", R0_STR)
      |                                  ^
../drivers/soc/qcom/scm.c:211:11: warning: value size does not match register size specified by the constraint and modifier [-Wasm-operand-widths]
  211 |                         : "r" (r0), "r" (r1), "r" (r2)
      |                                ^
../drivers/soc/qcom/scm.c:203:13: note: use constraint modifier "w"
  203 |                         __asmeq("%1", R0_STR)
      |                                  ^
../drivers/soc/qcom/scm.c:211:21: warning: value size does not match register size specified by the constraint and modifier [-Wasm-operand-widths]
  211 |                         : "r" (r0), "r" (r1), "r" (r2)
      |                                          ^
../drivers/soc/qcom/scm.c:204:13: note: use constraint modifier "w"
  204 |                         __asmeq("%2", R1_STR)
      |                                  ^
../drivers/soc/qcom/scm.c:211:31: warning: value size does not match register size specified by the constraint and modifier [-Wasm-operand-widths]
  211 |                         : "r" (r0), "r" (r1), "r" (r2)
      |                                                    ^
../drivers/soc/qcom/scm.c:205:13: note: use constraint modifier "w"
  205 |                         __asmeq("%3", R2_STR)
      |                                  ^
../drivers/soc/qcom/scm.c:462:12: warning: value size does not match register size specified by the constraint and modifier [-Wasm-operand-widths]
  462 |                         : "=r" (r0), "=r" (r1), "=r" (r2), "=r" (r3),
      |                                 ^
../drivers/soc/qcom/scm.c:444:13: note: use constraint modifier "w"
  444 |                         __asmeq("%0", R0_STR)
      |                                  ^
../drivers/soc/qcom/scm.c:462:23: warning: value size does not match register size specified by the constraint and modifier [-Wasm-operand-widths]
  462 |                         : "=r" (r0), "=r" (r1), "=r" (r2), "=r" (r3),
      |                                            ^
../drivers/soc/qcom/scm.c:445:13: note: use constraint modifier "w"
  445 |                         __asmeq("%1", R1_STR)
      |                                  ^
../drivers/soc/qcom/scm.c:462:34: warning: value size does not match register size specified by the constraint and modifier [-Wasm-operand-widths]
  462 |                         : "=r" (r0), "=r" (r1), "=r" (r2), "=r" (r3),
      |                                                       ^
../drivers/soc/qcom/scm.c:446:13: note: use constraint modifier "w"
  446 |                         __asmeq("%2", R2_STR)
      |                                  ^
../drivers/soc/qcom/scm.c:462:45: warning: value size does not match register size specified by the constraint and modifier [-Wasm-operand-widths]
  462 |                         : "=r" (r0), "=r" (r1), "=r" (r2), "=r" (r3),
      |                                                                  ^
../drivers/soc/qcom/scm.c:447:13: note: use constraint modifier "w"
  447 |                         __asmeq("%3", R3_STR)
      |                                  ^
../drivers/soc/qcom/scm.c:463:12: warning: value size does not match register size specified by the constraint and modifier [-Wasm-operand-widths]
  463 |                           "=r" (r4), "=r" (r5), "=r" (r6)
      |                                 ^
../drivers/soc/qcom/scm.c:448:13: note: use constraint modifier "w"
  448 |                         __asmeq("%4", R4_STR)
      |                                  ^
../drivers/soc/qcom/scm.c:463:23: warning: value size does not match register size specified by the constraint and modifier [-Wasm-operand-widths]
  463 |                           "=r" (r4), "=r" (r5), "=r" (r6)
      |                                            ^
../drivers/soc/qcom/scm.c:449:13: note: use constraint modifier "w"
  449 |                         __asmeq("%5", R5_STR)
      |                                  ^
../drivers/soc/qcom/scm.c:463:34: warning: value size does not match register size specified by the constraint and modifier [-Wasm-operand-widths]
  463 |                           "=r" (r4), "=r" (r5), "=r" (r6)
      |                                                       ^
../drivers/soc/qcom/scm.c:450:13: note: use constraint modifier "w"
  450 |                         __asmeq("%6", R6_STR)
      |                                  ^
../drivers/soc/qcom/scm.c:464:11: warning: value size does not match register size specified by the constraint and modifier [-Wasm-operand-widths]
  464 |                         : "r" (r0), "r" (r1), "r" (r2), "r" (r3), "r" (r4),
      |                                ^
../drivers/soc/qcom/scm.c:451:13: note: use constraint modifier "w"
  451 |                         __asmeq("%7", R0_STR)
      |                                  ^
../drivers/soc/qcom/scm.c:464:21: warning: value size does not match register size specified by the constraint and modifier [-Wasm-operand-widths]
  464 |                         : "r" (r0), "r" (r1), "r" (r2), "r" (r3), "r" (r4),
      |                                          ^
../drivers/soc/qcom/scm.c:452:13: note: use constraint modifier "w"
  452 |                         __asmeq("%8", R1_STR)
      |                                  ^
../drivers/soc/qcom/scm.c:464:31: warning: value size does not match register size specified by the constraint and modifier [-Wasm-operand-widths]
  464 |                         : "r" (r0), "r" (r1), "r" (r2), "r" (r3), "r" (r4),
      |                                                    ^
../drivers/soc/qcom/scm.c:453:13: note: use constraint modifier "w"
  453 |                         __asmeq("%9", R2_STR)
      |                                  ^
../drivers/soc/qcom/scm.c:464:41: warning: value size does not match register size specified by the constraint and modifier [-Wasm-operand-widths]
  464 |                         : "r" (r0), "r" (r1), "r" (r2), "r" (r3), "r" (r4),
      |                                                              ^
../drivers/soc/qcom/scm.c:454:13: note: use constraint modifier "w"
  454 |                         __asmeq("%10", R3_STR)
      |                                  ^
../drivers/soc/qcom/scm.c:464:51: warning: value size does not match register size specified by the constraint and modifier [-Wasm-operand-widths]
  464 |                         : "r" (r0), "r" (r1), "r" (r2), "r" (r3), "r" (r4),
      |                                                                        ^
../drivers/soc/qcom/scm.c:455:13: note: use constraint modifier "w"
  455 |                         __asmeq("%11", R4_STR)
      |                                  ^
../drivers/soc/qcom/scm.c:465:11: warning: value size does not match register size specified by the constraint and modifier [-Wasm-operand-widths]
  465 |                           "r" (r5), "r" (r6)
      |                                ^
../drivers/soc/qcom/scm.c:456:13: note: use constraint modifier "w"
  456 |                         __asmeq("%12", R5_STR)
      |                                  ^
../drivers/soc/qcom/scm.c:465:21: warning: value size does not match register size specified by the constraint and modifier [-Wasm-operand-widths]
  465 |                           "r" (r5), "r" (r6)
      |                                          ^
../drivers/soc/qcom/scm.c:457:13: note: use constraint modifier "w"
  457 |                         __asmeq("%13", R6_STR)
      |                                  ^
  CC      drivers/soc/qcom/early_random.o
../drivers/soc/qcom/scm.c:859:11: warning: value size does not match register size specified by the constraint and modifier [-Wasm-operand-widths]
  859 |                 : "=r" (r0)
      |                         ^
../drivers/soc/qcom/scm.c:851:12: note: use constraint modifier "w"
  851 |                 __asmeq("%0", R0_STR)
      |                          ^
../drivers/soc/qcom/scm.c:860:10: warning: value size does not match register size specified by the constraint and modifier [-Wasm-operand-widths]
  860 |                 : "r" (r0), "r" (r1), "r" (r2)
      |                        ^
../drivers/soc/qcom/scm.c:852:12: note: use constraint modifier "w"
  852 |                 __asmeq("%1", R0_STR)
      |                          ^
../drivers/soc/qcom/scm.c:860:20: warning: value size does not match register size specified by the constraint and modifier [-Wasm-operand-widths]
  860 |                 : "r" (r0), "r" (r1), "r" (r2)
      |                                  ^
../drivers/soc/qcom/scm.c:853:12: note: use constraint modifier "w"
  853 |                 __asmeq("%2", R1_STR)
      |                          ^
../drivers/soc/qcom/scm.c:860:30: warning: value size does not match register size specified by the constraint and modifier [-Wasm-operand-widths]
  860 |                 : "r" (r0), "r" (r1), "r" (r2)
      |                                            ^
../drivers/soc/qcom/scm.c:854:12: note: use constraint modifier "w"
  854 |                 __asmeq("%3", R2_STR)
      |                          ^
../drivers/soc/qcom/scm.c:893:11: warning: value size does not match register size specified by the constraint and modifier [-Wasm-operand-widths]
  893 |                 : "=r" (r0), "=r" (r1)
      |                         ^
../drivers/soc/qcom/scm.c:884:12: note: use constraint modifier "w"
  884 |                 __asmeq("%0", R0_STR)
      |                          ^
../drivers/soc/qcom/scm.c:893:22: warning: value size does not match register size specified by the constraint and modifier [-Wasm-operand-widths]
  893 |                 : "=r" (r0), "=r" (r1)
      |                                    ^
../drivers/soc/qcom/scm.c:885:12: note: use constraint modifier "w"
  885 |                 __asmeq("%1", R1_STR)
      |                          ^
../drivers/soc/qcom/scm.c:894:10: warning: value size does not match register size specified by the constraint and modifier [-Wasm-operand-widths]
  894 |                 : "r" (r0), "r" (r1), "r" (r2)
      |                        ^
../drivers/soc/qcom/scm.c:886:12: note: use constraint modifier "w"
  886 |                 __asmeq("%2", R0_STR)
      |                          ^
../drivers/soc/qcom/scm.c:894:20: warning: value size does not match register size specified by the constraint and modifier [-Wasm-operand-widths]
  894 |                 : "r" (r0), "r" (r1), "r" (r2)
      |                                  ^
../drivers/soc/qcom/scm.c:887:12: note: use constraint modifier "w"
  887 |                 __asmeq("%3", R1_STR)
      |                          ^
../drivers/soc/qcom/scm.c:894:30: warning: value size does not match register size specified by the constraint and modifier [-Wasm-operand-widths]
  894 |                 : "r" (r0), "r" (r1), "r" (r2)
      |                                            ^
../drivers/soc/qcom/scm.c:888:12: note: use constraint modifier "w"
  888 |                 __asmeq("%4", R2_STR)
      |                          ^
../drivers/soc/qcom/scm.c:930:11: warning: value size does not match register size specified by the constraint and modifier [-Wasm-operand-widths]
  930 |                 : "=r" (r0)
      |                         ^
../drivers/soc/qcom/scm.c:921:12: note: use constraint modifier "w"
  921 |                 __asmeq("%0", R0_STR)
      |                          ^
../drivers/soc/qcom/scm.c:931:10: warning: value size does not match register size specified by the constraint and modifier [-Wasm-operand-widths]
  931 |                 : "r" (r0), "r" (r1), "r" (r2), "r" (r3));
      |                        ^
../drivers/soc/qcom/scm.c:922:12: note: use constraint modifier "w"
  922 |                 __asmeq("%1", R0_STR)
      |                          ^
../drivers/soc/qcom/scm.c:931:20: warning: value size does not match register size specified by the constraint and modifier [-Wasm-operand-widths]
  931 |                 : "r" (r0), "r" (r1), "r" (r2), "r" (r3));
      |                                  ^
../drivers/soc/qcom/scm.c:923:12: note: use constraint modifier "w"
  923 |                 __asmeq("%2", R1_STR)
      |                          ^
../drivers/soc/qcom/scm.c:931:30: warning: value size does not match register size specified by the constraint and modifier [-Wasm-operand-widths]
  931 |                 : "r" (r0), "r" (r1), "r" (r2), "r" (r3));
      |                                            ^
../drivers/soc/qcom/scm.c:924:12: note: use constraint modifier "w"
  924 |                 __asmeq("%3", R2_STR)
      |                          ^
../drivers/soc/qcom/scm.c:931:40: warning: value size does not match register size specified by the constraint and modifier [-Wasm-operand-widths]
  931 |                 : "r" (r0), "r" (r1), "r" (r2), "r" (r3));
      |                                                      ^
../drivers/soc/qcom/scm.c:925:12: note: use constraint modifier "w"
  925 |                 __asmeq("%4", R3_STR)
      |                          ^
../drivers/soc/qcom/scm.c:967:11: warning: value size does not match register size specified by the constraint and modifier [-Wasm-operand-widths]
  967 |                 : "=r" (r0)
      |                         ^
../drivers/soc/qcom/scm.c:957:12: note: use constraint modifier "w"
  957 |                 __asmeq("%0", R0_STR)
      |                          ^
../drivers/soc/qcom/scm.c:968:10: warning: value size does not match register size specified by the constraint and modifier [-Wasm-operand-widths]
  968 |                 : "r" (r0), "r" (r1), "r" (r2), "r" (r3), "r" (r4));
      |                        ^
../drivers/soc/qcom/scm.c:958:12: note: use constraint modifier "w"
  958 |                 __asmeq("%1", R0_STR)
      |                          ^
../drivers/soc/qcom/scm.c:968:20: warning: value size does not match register size specified by the constraint and modifier [-Wasm-operand-widths]
  968 |                 : "r" (r0), "r" (r1), "r" (r2), "r" (r3), "r" (r4));
      |                                  ^
../drivers/soc/qcom/scm.c:959:12: note: use constraint modifier "w"
  959 |                 __asmeq("%2", R1_STR)
      |                          ^
../drivers/soc/qcom/scm.c:968:30: warning: value size does not match register size specified by the constraint and modifier [-Wasm-operand-widths]
  968 |                 : "r" (r0), "r" (r1), "r" (r2), "r" (r3), "r" (r4));
      |                                            ^
../drivers/soc/qcom/scm.c:960:12: note: use constraint modifier "w"
  960 |                 __asmeq("%3", R2_STR)
      |                          ^
../drivers/soc/qcom/scm.c:968:40: warning: value size does not match register size specified by the constraint and modifier [-Wasm-operand-widths]
  968 |                 : "r" (r0), "r" (r1), "r" (r2), "r" (r3), "r" (r4));
      |                                                      ^
../drivers/soc/qcom/scm.c:961:12: note: use constraint modifier "w"
  961 |                 __asmeq("%4", R3_STR)
      |                          ^
../drivers/soc/qcom/scm.c:968:50: warning: value size does not match register size specified by the constraint and modifier [-Wasm-operand-widths]
  968 |                 : "r" (r0), "r" (r1), "r" (r2), "r" (r3), "r" (r4));
      |                                                                ^
../drivers/soc/qcom/scm.c:962:12: note: use constraint modifier "w"
  962 |                 __asmeq("%5", R4_STR)
      |                          ^
../drivers/soc/qcom/scm.c:997:11: warning: value size does not match register size specified by the constraint and modifier [-Wasm-operand-widths]
  997 |                 : "=r" (r0), "=r" (r1), "=r" (r2)
      |                         ^
../drivers/soc/qcom/scm.c:986:12: note: use constraint modifier "w"
  986 |                 __asmeq("%0", R0_STR)
      |                          ^
../drivers/soc/qcom/scm.c:997:22: warning: value size does not match register size specified by the constraint and modifier [-Wasm-operand-widths]
  997 |                 : "=r" (r0), "=r" (r1), "=r" (r2)
      |                                    ^
../drivers/soc/qcom/scm.c:987:12: note: use constraint modifier "w"
  987 |                 __asmeq("%1", R1_STR)
      |                          ^
../drivers/soc/qcom/scm.c:997:33: warning: value size does not match register size specified by the constraint and modifier [-Wasm-operand-widths]
  997 |                 : "=r" (r0), "=r" (r1), "=r" (r2)
      |                                               ^
../drivers/soc/qcom/scm.c:988:12: note: use constraint modifier "w"
  988 |                 __asmeq("%2", R2_STR)
      |                          ^
../drivers/soc/qcom/scm.c:998:10: warning: value size does not match register size specified by the constraint and modifier [-Wasm-operand-widths]
  998 |                 : "r" (r0), "r" (r1), "r" (r2), "r" (r3), "r" (r4), "r" (r5));
      |                        ^
../drivers/soc/qcom/scm.c:989:12: note: use constraint modifier "w"
  989 |                 __asmeq("%3", R0_STR)
      |                          ^
../drivers/soc/qcom/scm.c:998:20: warning: value size does not match register size specified by the constraint and modifier [-Wasm-operand-widths]
  998 |                 : "r" (r0), "r" (r1), "r" (r2), "r" (r3), "r" (r4), "r" (r5));
      |                                  ^
../drivers/soc/qcom/scm.c:990:12: note: use constraint modifier "w"
  990 |                 __asmeq("%4", R1_STR)
      |                          ^
../drivers/soc/qcom/scm.c:998:30: warning: value size does not match register size specified by the constraint and modifier [-Wasm-operand-widths]
  998 |                 : "r" (r0), "r" (r1), "r" (r2), "r" (r3), "r" (r4), "r" (r5));
      |                                            ^
../drivers/soc/qcom/scm.c:991:12: note: use constraint modifier "w"
  991 |                 __asmeq("%5", R2_STR)
      |                          ^
../drivers/soc/qcom/scm.c:998:40: warning: value size does not match register size specified by the constraint and modifier [-Wasm-operand-widths]
  998 |                 : "r" (r0), "r" (r1), "r" (r2), "r" (r3), "r" (r4), "r" (r5));
      |                                                      ^
../drivers/soc/qcom/scm.c:992:12: note: use constraint modifier "w"
  992 |                 __asmeq("%6", R3_STR)
      |                          ^
../drivers/soc/qcom/scm.c:1050:11: warning: value size does not match register size specified by the constraint and modifier [-Wasm-operand-widths]
 1050 |                 : "=r" (r0), "=r" (r1), "=r" (r2), "=r" (r3)
      |                         ^
../drivers/soc/qcom/scm.c:1038:12: note: use constraint modifier "w"
 1038 |                 __asmeq("%0", R0_STR)
      |                          ^
../drivers/soc/qcom/scm.c:1050:22: warning: value size does not match register size specified by the constraint and modifier [-Wasm-operand-widths]
 1050 |                 : "=r" (r0), "=r" (r1), "=r" (r2), "=r" (r3)
      |                                    ^
../drivers/soc/qcom/scm.c:1039:12: note: use constraint modifier "w"
 1039 |                 __asmeq("%1", R1_STR)
      |                          ^
../drivers/soc/qcom/scm.c:1050:33: warning: value size does not match register size specified by the constraint and modifier [-Wasm-operand-widths]
 1050 |                 : "=r" (r0), "=r" (r1), "=r" (r2), "=r" (r3)
      |                                               ^
../drivers/soc/qcom/scm.c:1040:12: note: use constraint modifier "w"
 1040 |                 __asmeq("%2", R2_STR)
      |                          ^
../drivers/soc/qcom/scm.c:1050:44: warning: value size does not match register size specified by the constraint and modifier [-Wasm-operand-widths]
 1050 |                 : "=r" (r0), "=r" (r1), "=r" (r2), "=r" (r3)
      |                                                          ^
../drivers/soc/qcom/scm.c:1041:12: note: use constraint modifier "w"
 1041 |                 __asmeq("%3", R3_STR)
      |                          ^
../drivers/soc/qcom/scm.c:1051:10: warning: value size does not match register size specified by the constraint and modifier [-Wasm-operand-widths]
 1051 |                 : "r" (r0), "r" (r1), "r" (r2), "r" (r3), "r" (r4), "r" (r5),
      |                        ^
../drivers/soc/qcom/scm.c:1042:12: note: use constraint modifier "w"
 1042 |                 __asmeq("%4", R0_STR)
      |                          ^
../drivers/soc/qcom/scm.c:1051:20: warning: value size does not match register size specified by the constraint and modifier [-Wasm-operand-widths]
 1051 |                 : "r" (r0), "r" (r1), "r" (r2), "r" (r3), "r" (r4), "r" (r5),
      |                                  ^
../drivers/soc/qcom/scm.c:1043:12: note: use constraint modifier "w"
 1043 |                 __asmeq("%5", R1_STR)
      |                          ^
../drivers/soc/qcom/scm.c:1051:30: warning: value size does not match register size specified by the constraint and modifier [-Wasm-operand-widths]
 1051 |                 : "r" (r0), "r" (r1), "r" (r2), "r" (r3), "r" (r4), "r" (r5),
      |                                            ^
../drivers/soc/qcom/scm.c:1044:12: note: use constraint modifier "w"
 1044 |                 __asmeq("%6", R2_STR)
      |                          ^
../drivers/soc/qcom/scm.c:1051:40: warning: value size does not match register size specified by the constraint and modifier [-Wasm-operand-widths]
 1051 |                 : "r" (r0), "r" (r1), "r" (r2), "r" (r3), "r" (r4), "r" (r5),
      |                                                      ^
../drivers/soc/qcom/scm.c:1045:12: note: use constraint modifier "w"
 1045 |                 __asmeq("%7", R3_STR)
      |                          ^
../drivers/soc/qcom/scm.c:1089:12: warning: value size does not match register size specified by the constraint and modifier [-Wasm-operand-widths]
 1089 |                         : "=r" (r0), "=r" (r1)
      |                                 ^
../drivers/soc/qcom/scm.c:1081:13: note: use constraint modifier "w"
 1081 |                         __asmeq("%0", R0_STR)
      |                                  ^
../drivers/soc/qcom/scm.c:1089:23: warning: value size does not match register size specified by the constraint and modifier [-Wasm-operand-widths]
 1089 |                         : "=r" (r0), "=r" (r1)
      |                                            ^
../drivers/soc/qcom/scm.c:1082:13: note: use constraint modifier "w"
 1082 |                         __asmeq("%1", R1_STR)
      |                                  ^
../drivers/soc/qcom/scm.c:1090:11: warning: value size does not match register size specified by the constraint and modifier [-Wasm-operand-widths]
 1090 |                         : "r" (r0), "r" (r1)
      |                                ^
../drivers/soc/qcom/scm.c:1083:13: note: use constraint modifier "w"
 1083 |                         __asmeq("%2", R0_STR)
      |                                  ^
../drivers/soc/qcom/scm.c:1090:21: warning: value size does not match register size specified by the constraint and modifier [-Wasm-operand-widths]
 1090 |                         : "r" (r0), "r" (r1)
      |                                          ^
../drivers/soc/qcom/scm.c:1084:13: note: use constraint modifier "w"
 1084 |                         __asmeq("%3", R1_STR)
      |                                  ^
  CC      drivers/gpu/drm/msm/sde/sde_hw_ad4.o
  CC      drivers/staging/android/ion/ion.o
  CC      drivers/gpu/drm/msm/sde_edid_parser.o
  LD      drivers/staging/iio/accel/built-in.o
  LD      drivers/staging/media/built-in.o
  CC      drivers/power/supply/qcom/qpnp-qnovo.o
  LD      drivers/staging/iio/adc/built-in.o
  LD      drivers/staging/iio/addac/built-in.o
  LD      drivers/staging/iio/cdc/built-in.o
  LD      drivers/staging/iio/frequency/built-in.o
57 warnings generated.
  LD      drivers/staging/iio/gyro/built-in.o
  CC      drivers/staging/android/ashmem.o
  LD      drivers/staging/iio/impedance-analyzer/built-in.o
  CC      drivers/staging/android/ion/ion_heap.o
  LD      drivers/staging/iio/light/built-in.o
  CC      net/netfilter/xt_length.o
  LD      drivers/staging/iio/meter/built-in.o
  LD      drivers/staging/iio/resolver/built-in.o
  CC      drivers/thermal/thermal_core.o
  LD      drivers/staging/iio/trigger/built-in.o
  LD      drivers/staging/iio/built-in.o
  CC      drivers/thermal/thermal_hwmon.o
  CC      net/ipv4/netfilter/arp_tables.o
  CC      net/netfilter/xt_limit.o
  CC      drivers/soc/qcom/socinfo.o
  CC      net/netfilter/xt_mac.o
  CC      net/netfilter/xt_multiport.o
  CC      drivers/spmi/spmi-pmic-arb.o
  LD      drivers/regulator/built-in.o
  CC      drivers/staging/android/ion/ion_page_pool.o
  CC      drivers/platform/msm/ipa/ipa_v3/ipa_utils.o
  CC      drivers/power/supply/qcom/idtp9220.o
  CC      drivers/scsi/scsi_common.o
  CC      net/netfilter/xt_owner.o
  CC      drivers/staging/qcacld-3.0/core/hdd/src/wlan_hdd_assoc.o
  CC      drivers/scsi/constants.o
  CC      drivers/platform/msm/ipa/ipa_v3/ipa_nat.o
  CC      drivers/gpu/drm/msm/sde_hdcp_1x.o
  CC      drivers/platform/msm/ipa/ipa_v3/ipa_intf.o
  CC      drivers/tty/tty_io.o
  CC      drivers/staging/android/ion/ion_system_heap.o
  CC      net/ipv4/netfilter/arpt_mangle.o
  CC      drivers/scsi/scsi_lib_dma.o
  CC      drivers/gpu/drm/msm/sde_rsc.o
  CC      drivers/spi/spi-geni-qcom.o
  CC      drivers/platform/msm/ipa/ipa_v3/teth_bridge.o
  CC      drivers/soc/qcom/boot_stats.o
  CC      drivers/uio/uio.o
  CC      drivers/staging/android/ion/ion_carveout_heap.o
  LD      drivers/pci/host/built-in.o
  LD      drivers/pci/built-in.o
  LD      drivers/spmi/built-in.o
  CC      drivers/staging/android/ion/ion_chunk_heap.o
  CC      drivers/thermal/of-thermal.o
  CC      drivers/soc/qcom/eud.o
  CC      net/netfilter/xt_pkttype.o
  CC      drivers/tty/n_tty.o
  CC      drivers/staging/qcacld-3.0/core/hdd/src/wlan_hdd_cfg.o
  CC      drivers/uio/msm_sharedmem/msm_sharedmem.o
  CC      drivers/spi/spi_qsd.o
  CC      drivers/scsi/scsi_scan.o
  CC      drivers/thermal/step_wise.o
  CC      drivers/staging/android/ion/ion_system_secure_heap.o
  CC      drivers/uio/msm_sharedmem/remote_filesystem_access_v01.o
  CC      drivers/tty/tty_ioctl.o
  CC      drivers/usb/class/cdc-acm.o
  LD      drivers/power/supply/qcom/built-in.o
  LD      drivers/power/supply/power_supply.o
  CC      drivers/staging/android/ion/ion_cma_heap.o
  LD      drivers/power/supply/built-in.o
  CC      net/netfilter/xt_policy.o
  LD      drivers/power/built-in.o
  CC      drivers/gpu/drm/msm/sde_rsc_hw.o
  CC      net/ipv4/netfilter/arptable_filter.o
  CC      net/netfilter/xt_quota.o
  CC      drivers/soc/qcom/watchdog_v2.o
  CC      drivers/uio/msm_sharedmem/sharedmem_qmi.o
  CC      net/ipv4/netfilter/nf_dup_ipv4.o
  CC      drivers/platform/msm/ipa/ipa_v3/ipa_interrupts.o
  CC      drivers/usb/common/common.o
  CC      drivers/staging/android/ion/ion_cma_secure_heap.o
  CC      drivers/staging/android/ion/compat_ion.o
  CC      drivers/staging/android/ion/msm/msm_ion.o
  CC      drivers/gpu/drm/msm/sde/sde_fence.o
  CC      drivers/staging/android/ion/msm/compat_msm_ion.o
  CC      drivers/thermal/user_space.o
  CC      drivers/video/hdmi.o
  CC      drivers/video/backlight/backlight.o
  LD      drivers/usb/class/built-in.o
  CC      drivers/video/fbdev/core/fb_cmdline.o
  CC      drivers/video/backlight/generic_bl.o
  LD      drivers/video/fbdev/omap2/omapfb/displays/built-in.o
  LD      drivers/video/fbdev/omap2/omapfb/dss/built-in.o
  LD      drivers/video/fbdev/omap2/omapfb/built-in.o
  LD      drivers/video/fbdev/omap2/built-in.o
  LD      drivers/usb/common/usb-common.o
  LD      drivers/uio/msm_sharedmem/built-in.o
  CC      drivers/thermal/gov_low_limits.o
  LD      drivers/usb/common/built-in.o
  LD      drivers/uio/built-in.o
  CC      drivers/scsi/scsi_sysfs.o
  CC      drivers/staging/qcacld-3.0/core/hdd/src/wlan_hdd_cfg80211.o
  CC      drivers/video/logo/logo.o
  CC      drivers/usb/core/usb.o
  CC      drivers/scsi/scsi_devinfo.o
  CC      net/netfilter/xt_quota2.o
  LOGO    drivers/video/logo/logo_linux_clut224.c
  CC      drivers/scsi/scsi_sysctl.o
  CC      drivers/scsi/scsi_proc.o
  CC      drivers/tty/tty_ldisc.o
  CC      drivers/platform/msm/ipa/ipa_v3/ipa_uc.o
  LD      drivers/spi/built-in.o
  CC      drivers/soc/qcom/rq_stats.o
  CC      drivers/soc/qcom/memory_dump_v2.o
  CC      drivers/thermal/cpu_cooling.o
  LOGO    drivers/video/logo/logo_linux_mono.c
  CC      drivers/platform/msm/ipa/ipa_v3/ipa_uc_wdi.o
  CC      drivers/gpu/drm/msm/dsi-staging/dsi_phy.o
  CC      drivers/usb/dwc3/core.o
  CC      drivers/platform/msm/ipa/ipa_v3/ipa_dma.o
  LD      net/ipv4/netfilter/nf_conntrack_ipv4.o
  LD      net/ipv4/netfilter/nf_nat_ipv4.o
  CC      drivers/tty/tty_buffer.o
  LD      net/ipv4/netfilter/built-in.o
  CC      drivers/video/fbdev/core/fb_notify.o
  CC      drivers/gpu/drm/msm/dsi-staging/dsi_pwr.o
  LD      net/ipv4/built-in.o
  LOGO    drivers/video/logo/logo_superh_mono.c
  LOGO    drivers/video/logo/clut_vga16.c
  LOGO    drivers/video/logo/logo_blackfin_vga16.c
  LOGO    drivers/video/logo/logo_linux_vga16.c
  LOGO    drivers/video/logo/logo_superh_vga16.c
  LD      drivers/staging/android/ion/msm/built-in.o
  LOGO    drivers/video/logo/logo_blackfin_clut224.c
  CC      drivers/soc/qcom/secure_buffer.o
  LOGO    drivers/video/logo/logo_dec_clut224.c
  LOGO    drivers/video/logo/logo_m32r_clut224.c
  LD      drivers/video/backlight/built-in.o
  LOGO    drivers/video/logo/logo_mac_clut224.c
  LOGO    drivers/video/logo/logo_parisc_clut224.c
  LD      drivers/staging/android/ion/built-in.o
  LOGO    drivers/video/logo/logo_sgi_clut224.c
  LOGO    drivers/video/logo/logo_spe_clut224.c
  LOGO    drivers/video/logo/logo_sun_clut224.c
  LOGO    drivers/video/logo/logo_superh_clut224.c
  CC      drivers/platform/msm/ipa/ipa_v3/ipa_uc_mhi.o
  CC      drivers/video/logo/logo_linux_clut224.o
  LD      drivers/staging/android/built-in.o
  LD      drivers/video/logo/built-in.o
  CC      drivers/scsi/scsi_trace.o
  CC      drivers/usb/core/hub.o
  CC      drivers/usb/core/hcd.o
  CC      drivers/gpu/drm/msm/dsi-staging/dsi_phy_hw_v2_0.o
  CC      net/netfilter/xt_socket.o
  CC      drivers/staging/qcacld-3.0/core/hdd/src/wlan_hdd_data_stall_detection.o
  CC      drivers/staging/qcacld-3.0/core/hdd/src/wlan_hdd_driver_ops.o
  CC      net/netfilter/xt_state.o
  CC      net/netfilter/xt_statistic.o
  CC      drivers/usb/dwc3/debug.o
  CC      drivers/thermal/devfreq_cooling.o
  CC      drivers/video/fbdev/core/fbmem.o
  CC      drivers/platform/msm/ipa/ipa_v3/ipa_mhi.o
  CC      drivers/usb/gadget/usbstring.o
  CC      drivers/staging/qcacld-3.0/core/hdd/src/wlan_hdd_ext_scan.o
  CC      drivers/tty/tty_port.o
  CC      drivers/scsi/scsi_logging.o
  CC      drivers/soc/qcom/msm_smem.o
  CC      net/netfilter/xt_string.o
  CC      drivers/gpu/drm/msm/dsi-staging/dsi_phy_hw_v3_0.o
  CC      net/netfilter/xt_time.o
  CC      drivers/thermal/qcom-spmi-temp-alarm.o
  CC      drivers/staging/qcacld-3.0/core/hdd/src/wlan_hdd_ftm.o
  CC      drivers/usb/host/pci-quirks.o
  CC      drivers/usb/dwc3/trace.o
  CC      drivers/usb/gadget/config.o
  CC      drivers/usb/gadget/epautoconf.o
  CC      drivers/usb/host/ehci-hcd.o
  CC      drivers/usb/gadget/composite.o
  CC      drivers/thermal/qpnp-temp-alarm.o
  CC      drivers/usb/dwc3/host.o
  CC      drivers/usb/dwc3/gadget.o
  CC      drivers/scsi/scsi_pm.o
  CC      drivers/thermal/qcom/bcl_peripheral.o
  CC      drivers/platform/msm/ipa/ipa_v3/ipa_uc_ntn.o
  CC      drivers/gpu/drm/msm/dsi-staging/dsi_phy_timing_calc.o
  CC      drivers/tty/tty_mutex.o
  CC      drivers/thermal/qcom/msm_lmh_dcvs.o
  CC      drivers/scsi/ufs/ufs-qcom.o
  CC      net/netfilter/xt_u32.o
../drivers/usb/gadget/composite.c:801:16: warning: taking address of packed member 'wTotalLength' of class or structure 'usb_bos_descriptor' may result in an unaligned pointer value [-Waddress-of-packed-member]
  801 |         le16_add_cpu(&bos->wTotalLength, USB_DT_USB_EXT_CAP_SIZE);
      |                       ^~~~~~~~~~~~~~~~~
../drivers/usb/gadget/composite.c:814:17: warning: taking address of packed member 'wTotalLength' of class or structure 'usb_bos_descriptor' may result in an unaligned pointer value [-Waddress-of-packed-member]
  814 |                 le16_add_cpu(&bos->wTotalLength, USB_DT_USB_SS_CAP_SIZE);
      |                               ^~~~~~~~~~~~~~~~~
../drivers/usb/gadget/composite.c:850:17: warning: taking address of packed member 'wTotalLength' of class or structure 'usb_bos_descriptor' may result in an unaligned pointer value [-Waddress-of-packed-member]
  850 |                 le16_add_cpu(&bos->wTotalLength, USB_DT_USB_SSP_CAP_SIZE(1));
      |                               ^~~~~~~~~~~~~~~~~
  CC      drivers/soc/qcom/smem_debug.o
../drivers/usb/gadget/composite.c:1790:30: warning: taking address of packed member 'wLength' of class or structure 'usb_ctrlrequest' may result in an unaligned pointer value [-Waddress-of-packed-member]
 1790 |                         __le16 *temp = (__le16 *)&ctrl->wLength;
      |                                                   ^~~~~~~~~~~~~
  CC      drivers/soc/qcom/glink.o
  CC      drivers/thermal/qcom/lmh_dbg.o
  CC      drivers/scsi/ufs/ufs-qcom-ice.o
  CC      drivers/scsi/ufs/ufshcd.o
  CC      drivers/gpu/drm/msm/dsi-staging/dsi_phy_timing_v2_0.o
  CC      drivers/thermal/qcom/qti_virtual_sensor.o
  CC      drivers/usb/core/urb.o
  CC      drivers/video/fbdev/core/fbmon.o
  CC      drivers/tty/tty_ldsem.o
  CC      drivers/usb/isp1760/isp1760-core.o
  CC      drivers/platform/msm/ipa/ipa_v3/ipa_hw_stats.o
  CC      drivers/scsi/ufs/ufs_quirks.o
  CC      drivers/usb/gadget/functions.o
  CC      drivers/video/fbdev/core/fbcmap.o
  LD      net/netfilter/netfilter.o
  CC      drivers/platform/msm/ipa/ipa_v3/ipa_pm.o
  CC      drivers/video/fbdev/core/fbsysfs.o
  LD      net/netfilter/nf_conntrack.o
  LD      net/netfilter/nf_conntrack_h323.o
4 warnings generated.
  LD      net/netfilter/nf_nat.o
  CC      drivers/thermal/qcom/regulator_aop_cdev.o
  CC      drivers/scsi/sd.o
  LD      net/netfilter/built-in.o
  CC      drivers/tty/pty.o
  CC      drivers/usb/host/ehci-pci.o
  CC      drivers/gpu/drm/msm/dsi-staging/dsi_phy_timing_v3_0.o
  LD      net/built-in.o
  CC      drivers/usb/isp1760/isp1760-if.o
  CC      drivers/platform/msm/ipa/ipa_v3/ipa_wdi3_i.o
  CC      drivers/usb/host/ehci-platform.o
  CC      drivers/usb/dwc3/ep0.o
  CC      drivers/usb/misc/ehset.o
  LD      drivers/thermal/samsung/built-in.o
  CC      drivers/usb/misc/lvstest.o
  CC      drivers/usb/core/message.o
  CC      drivers/thermal/qcom/regulator_cdev.o
  CC      drivers/usb/gadget/configfs.o
  CC      drivers/staging/qcacld-3.0/core/hdd/src/wlan_hdd_hostapd.o
  CC      drivers/platform/msm/ipa/ipa_v3/rmnet_ipa.o
  CC      drivers/tty/tty_audit.o
  CC      drivers/soc/qcom/glink_debugfs.o
  CC      drivers/video/fbdev/core/modedb.o
  CC      drivers/usb/pd/policy_engine.o
  CC      drivers/gpu/drm/msm/dsi-staging/dsi_ctrl_hw_cmn.o
  CC      drivers/usb/pd/qpnp-pdphy.o
  CC      drivers/usb/isp1760/isp1760-hcd.o
  CC      drivers/soc/qcom/glink_ssr.o
  CC      drivers/thermal/qcom/thermal_mitigation_device_service_v01.o
  CC      drivers/tty/sysrq.o
  LD      drivers/usb/misc/built-in.o
  CC      drivers/usb/gadget/u_f.o
  CC      drivers/thermal/qpnp-adc-tm.o
  CC      drivers/video/fbdev/core/fbcvt.o
  CC      drivers/usb/core/driver.o
  CC      drivers/usb/dwc3/debugfs.o
  CC      drivers/thermal/qcom/qmi_cooling.o
  CC      drivers/platform/msm/ipa/ipa_v3/ipa_qmi_service_v01.o
  CC      drivers/scsi/sg.o
  CC      drivers/usb/core/config.o
  CC      drivers/usb/host/ohci-hcd.o
  CC      drivers/thermal/msm-tsens.o
  CC      drivers/usb/phy/phy.o
  LD      drivers/tty/ipwireless/built-in.o
  CC      drivers/platform/msm/ipa/ipa_v3/ipa_qmi_service.o
  CC      drivers/soc/qcom/glink_loopback_server.o
  LD      drivers/video/fbdev/core/fb.o
  CC      drivers/gpu/drm/msm/dsi-staging/dsi_ctrl_hw_1_4.o
  LD      drivers/video/fbdev/core/built-in.o
  LD      drivers/video/fbdev/built-in.o
  CC      drivers/usb/gadget/function/u_ether.o
  LD      drivers/video/built-in.o
  CC      drivers/usb/host/ohci-pci.o
  CC      drivers/tty/serial/serial_core.o
  CC      drivers/usb/phy/of.o
  CC      drivers/scsi/ch.o
  LD      drivers/thermal/qcom/built-in.o
  LD      drivers/usb/isp1760/isp1760.o
  CC      drivers/tty/serial/msm_geni_serial.o
  CC      drivers/usb/phy/class-dual-role.o
  LD      drivers/usb/isp1760/built-in.o
  CC      drivers/usb/core/file.o
  CC      drivers/usb/dwc3/dwc3-pci.o
  CC      drivers/gpu/drm/msm/dsi-staging/dsi_ctrl_hw_2_0.o
  LD      drivers/usb/gadget/legacy/built-in.o
  CC      drivers/usb/gadget/function/rndis.o
  LD      drivers/usb/pd/built-in.o
  CC      drivers/platform/msm/ipa/ipa_v3/rmnet_ipa_fd_ioctl.o
  CC      drivers/usb/storage/scsiglue.o
  CC      drivers/usb/gadget/function/f_ncm.o
  CC      drivers/soc/qcom/glink_smem_native_xprt.o
  CC      drivers/scsi/ufs/ufshcd-pltfrm.o
  CC      drivers/usb/dwc3/dwc3-of-simple.o
  CC      drivers/thermal/tsens2xxx.o
  CC      drivers/usb/gadget/udc/core.o
  CC      drivers/usb/storage/protocol.o
  CC      drivers/staging/qcacld-3.0/core/hdd/src/wlan_hdd_ioctl.o
  CC      drivers/usb/gadget/udc/trace.o
  CC      drivers/usb/gadget/function/f_mass_storage.o
  CC      drivers/usb/core/buffer.o
  CC      drivers/staging/qcacld-3.0/core/hdd/src/wlan_hdd_main.o
  CC      drivers/thermal/tsens-dbg.o
  CC      drivers/usb/phy/phy-generic.o
  CC      drivers/gpu/drm/msm/dsi-staging/dsi_ctrl_hw_2_2.o
  CC      drivers/usb/phy/phy-msm-ssusb-qmp.o
  CC      drivers/gpu/drm/msm/dsi-staging/dsi_ctrl.o
  CC      drivers/usb/dwc3/dwc3-msm.o
  LD      drivers/platform/msm/ipa/ipa_v3/ipat.o
  CC      drivers/usb/core/sysfs.o
  CC      drivers/gpu/drm/msm/dsi-staging/dsi_catalog.o
  LD      drivers/platform/msm/ipa/ipa_v3/built-in.o
  CC      drivers/soc/qcom/glink_spi_xprt.o
  LD      drivers/tty/vt/built-in.o
  CC      drivers/usb/phy/phy-msm-qusb.o
  CC      drivers/scsi/ufs/ufs-debugfs.o
  CC      drivers/usb/host/ohci-platform.o
  LD      drivers/platform/msm/ipa/built-in.o
  CC      drivers/thermal/tsens-mtc.o
  CC      drivers/usb/storage/transport.o
  LD      drivers/tty/serial/built-in.o
  CC      drivers/gpu/drm/msm/dsi-staging/dsi_drm.o
  LD      drivers/tty/built-in.o
  CC      drivers/scsi/ufs/ufs-qcom-debugfs.o
  LD      drivers/platform/msm/built-in.o
  CC      drivers/soc/qcom/spcom.o
  CC      drivers/usb/dwc3/dbm.o
  CC      drivers/soc/qcom/spss_utils.o
  LD      drivers/platform/built-in.o
  CC      drivers/soc/qcom/tracer_pkt.o
  CC      drivers/soc/qcom/memshare/heap_mem_ext_v01.o
  CC      drivers/soc/qcom/msm_bus/msm_bus_core.o
  CC      drivers/usb/core/endpoint.o
  CC      drivers/gpu/drm/msm/dsi-staging/dsi_display.o
  LD      drivers/usb/gadget/udc/udc-core.o
  CC      drivers/usb/core/devio.o
  LD      drivers/usb/gadget/udc/built-in.o
  CC      drivers/staging/qcacld-3.0/core/hdd/src/wlan_hdd_object_manager.o
  CC      drivers/soc/qcom/memshare/msm_memshare.o
  CC      drivers/thermal/tsens1xxx.o
  CC      drivers/usb/phy/phy-msm-qusb-v2.o
  CC      drivers/usb/host/xhci.o
  LD      drivers/scsi/scsi_mod.o
  CC      drivers/usb/storage/usb.o
  CC      drivers/soc/qcom/msm_bus/msm_bus_client_api.o
  CC      drivers/staging/qcacld-3.0/core/hdd/src/wlan_hdd_oemdata.o
  CC      drivers/staging/qcacld-3.0/core/hdd/src/wlan_hdd_p2p.o
  CC      drivers/staging/qcacld-3.0/core/hdd/src/wlan_hdd_packet_filter.o
  CC      drivers/usb/gadget/function/storage_common.o
  LD      drivers/usb/gadget/libcomposite.o
  LD      drivers/scsi/ufs/built-in.o
  CC      drivers/usb/core/notify.o
  CC      drivers/thermal/tsens_calib.o
  LD      drivers/scsi/sd_mod.o
../drivers/usb/core/devio.c:308:17: warning: taking address of packed member 'bcdUSB' of class or structure 'usb_device_descriptor' may result in an unaligned pointer value [-Waddress-of-packed-member]
  308 |                 le16_to_cpus(&temp_desc.bcdUSB);
      |                               ^~~~~~~~~~~~~~~~
../include/linux/byteorder/generic.h:114:22: note: expanded from macro 'le16_to_cpus'
  114 | #define le16_to_cpus __le16_to_cpus
      |                      ^
../include/uapi/linux/byteorder/little_endian.h:96:39: note: expanded from macro '__le16_to_cpus'
   96 | #define __le16_to_cpus(x) do { (void)(x); } while (0)
      |                                       ^
../drivers/usb/core/devio.c:309:17: warning: taking address of packed member 'idVendor' of class or structure 'usb_device_descriptor' may result in an unaligned pointer value [-Waddress-of-packed-member]
  309 |                 le16_to_cpus(&temp_desc.idVendor);
      |                               ^~~~~~~~~~~~~~~~~~
../include/linux/byteorder/generic.h:114:22: note: expanded from macro 'le16_to_cpus'
  114 | #define le16_to_cpus __le16_to_cpus
      |                      ^
../include/uapi/linux/byteorder/little_endian.h:96:39: note: expanded from macro '__le16_to_cpus'
   96 | #define __le16_to_cpus(x) do { (void)(x); } while (0)
      |                                       ^
../drivers/usb/core/devio.c:310:17: warning: taking address of packed member 'idProduct' of class or structure 'usb_device_descriptor' may result in an unaligned pointer value [-Waddress-of-packed-member]
  310 |                 le16_to_cpus(&temp_desc.idProduct);
      |                               ^~~~~~~~~~~~~~~~~~~
../include/linux/byteorder/generic.h:114:22: note: expanded from macro 'le16_to_cpus'
  114 | #define le16_to_cpus __le16_to_cpus
      |                      ^
../include/uapi/linux/byteorder/little_endian.h:96:39: note: expanded from macro '__le16_to_cpus'
   96 | #define __le16_to_cpus(x) do { (void)(x); } while (0)
      |                                       ^
../drivers/usb/core/devio.c:311:17: warning: taking address of packed member 'bcdDevice' of class or structure 'usb_device_descriptor' may result in an unaligned pointer value [-Waddress-of-packed-member]
  311 |                 le16_to_cpus(&temp_desc.bcdDevice);
      |                               ^~~~~~~~~~~~~~~~~~~
../include/linux/byteorder/generic.h:114:22: note: expanded from macro 'le16_to_cpus'
  114 | #define le16_to_cpus __le16_to_cpus
      |                      ^
../include/uapi/linux/byteorder/little_endian.h:96:39: note: expanded from macro '__le16_to_cpus'
   96 | #define __le16_to_cpus(x) do { (void)(x); } while (0)
      |                                       ^
../drivers/usb/core/devio.c:1518:44: warning: taking address of packed member 'wLength' of class or structure 'usb_ctrlrequest' may result in an unaligned pointer value [-Waddress-of-packed-member]
 1518 |                 if (uurb->buffer_length < (le16_to_cpup(&dr->wLength) + 8)) {
      |                                                          ^~~~~~~~~~~
../drivers/usb/core/devio.c:1523:25: warning: taking address of packed member 'wIndex' of class or structure 'usb_ctrlrequest' may result in an unaligned pointer value [-Waddress-of-packed-member]
 1523 |                                       le16_to_cpup(&dr->wIndex));
      |                                                     ^~~~~~~~~~
../drivers/usb/core/devio.c:1526:39: warning: taking address of packed member 'wLength' of class or structure 'usb_ctrlrequest' may result in an unaligned pointer value [-Waddress-of-packed-member]
 1526 |                 uurb->buffer_length = le16_to_cpup(&dr->wLength);
      |                                                     ^~~~~~~~~~~
../drivers/usb/core/devio.c:1541:20: warning: taking address of packed member 'wValue' of class or structure 'usb_ctrlrequest' may result in an unaligned pointer value [-Waddress-of-packed-member]
 1541 |                         __le16_to_cpup(&dr->wValue),
      |                                         ^~~~~~~~~~
../drivers/usb/core/devio.c:127:29: note: expanded from macro 'snoop'
  127 |                         d  LD      drivers/scsi/built-in.o
ev_info(dev, format, ## arg);          \
      |                                                  ^~~
../include/linux/device.h:1203:58: note: expanded from macro 'dev_info'
 1203 | #define dev_info(dev, fmt, arg...) _dev_info(dev, fmt, ##arg)
      |                                                          ^~~
../drivers/usb/core/devio.c:1542:20: warning: taking address of packed member 'wIndex' of class or structure 'usb_ctrlrequest' may result in an unaligned pointer value [-Waddress-of-packed-member]
 1542 |                         __le16_to_cpup(&dr->wIndex),
      |                                         ^~~~~~~~~~
../drivers/usb/core/devio.c:127:29: note: expanded from macro 'snoop'
  127 |                         dev_info(dev, format, ## arg);          \
      |                                                  ^~~
../include/linux/device.h:1203:58: note: expanded from macro 'dev_info'
 1203 | #define dev_info(dev, fmt, arg...) _dev_info(dev, fmt, ##arg)
      |                                                          ^~~
../drivers/usb/core/devio.c:1543:20: warning: taking address of packed member 'wLength' of class or structure 'usb_ctrlrequest' may result in an unaligned pointer value [-Waddress-of-packed-member]
 1543 |                         __le16_to_cpup(&dr->wLength));
      |                                         ^~~~~~~~~~~
../drivers/usb/core/devio.c:127:29: note: expanded from macro 'snoop'
  127 |                         dev_info(dev, format, ## arg);          \
      |                                                  ^~~
../include/linux/device.h:1203:58: note: expanded from macro 'dev_info'
 1203 | #define dev_info(dev, fmt, arg...) _dev_info(dev, fmt, ##arg)
      |                                                          ^~~
  LD      drivers/usb/dwc3/dwc3.o
  CC      drivers/usb/host/xhci-mem.o
  CC      drivers/gpu/drm/msm/dsi-staging/dsi_panel.o
  CC      drivers/usb/gadget/function/f_fs.o
  CC      drivers/gpu/drm/msm/dsi-staging/dsi_clk_manager.o
  CC      drivers/usb/storage/initializers.o
  CC      drivers/staging/qcacld-3.0/core/hdd/src/wlan_hdd_power.o
  CC      drivers/soc/qcom/msm_bus/msm_bus_of.o
  LD      drivers/soc/qcom/memshare/built-in.o
  CC      drivers/usb/storage/sierra_ms.o
  LD      drivers/thermal/thermal_sys.o
  LD      drivers/usb/phy/built-in.o
  LD      drivers/thermal/built-in.o
  CC      drivers/usb/host/xhci-ring.o
  CC      drivers/staging/qcacld-3.0/core/hdd/src/wlan_hdd_regulatory.o
  CC      drivers/usb/host/xhci-hub.o
  CC      drivers/usb/host/xhci-dbg.o
  CC      drivers/usb/core/generic.o
  CC      drivers/gpu/drm/msm/dsi-staging/dsi_display_test.o
  CC      drivers/usb/host/xhci-trace.o
  CC      drivers/soc/qcom/msm_bus/msm_bus_fabric_rpmh.o
  LD      drivers/usb/dwc3/built-in.o
  CC      drivers/usb/gadget/function/f_midi.o
  CC      drivers/usb/storage/option_ms.o
  CC      drivers/staging/qcacld-3.0/core/hdd/src/wlan_hdd_scan.o
  CC      drivers/usb/gadget/function/f_hid.o
10 warnings generated.
  CC      drivers/staging/qcacld-3.0/core/hdd/src/wlan_hdd_softap_tx_rx.o
  CC      drivers/usb/gadget/function/f_mtp.o
  CC      drivers/gpu/drm/msm/sde/sde_hw_catalog.o
  CC      drivers/soc/qcom/qdsp6v2/cdsp-loader.o
  CC      drivers/usb/host/xhci-pci.o
  CC      drivers/usb/storage/usual-tables.o
  CC      drivers/soc/qcom/msm_bus/msm_bus_arb_rpmh.o
  CC      drivers/usb/core/quirks.o
  CC      drivers/usb/host/xhci-plat.o
  CC      drivers/usb/gadget/function/f_ptp.o
  CC      drivers/soc/qcom/rpmh.o
  CC      drivers/usb/core/devices.o
  CC      drivers/staging/qcacld-3.0/core/hdd/src/wlan_hdd_stats.o
  CC      drivers/usb/gadget/function/f_audio_source.o
  CC      drivers/soc/qcom/msm_bus/msm_bus_rules.o
  LD      drivers/soc/qcom/qdsp6v2/built-in.o
  CC      drivers/gpu/drm/msm/sde/sde_hw_cdm.o
  CC      drivers/soc/qcom/msm_bus/msm_bus_bimc_rpmh.o
  LD      drivers/usb/storage/usb-storage.o
  CC      drivers/soc/qcom/system_pm.o
  LD      drivers/usb/storage/built-in.o
  CC      drivers/usb/gadget/function/f_accessory.o
  CC      drivers/staging/qcacld-3.0/core/hdd/src/wlan_hdd_trace.o
  CC      drivers/gpu/drm/msm/sde/sde_hw_dspp.o
  CC      drivers/soc/qcom/msm_bus/msm_bus_noc_rpmh.o
  CC      drivers/usb/gadget/function/f_diag.o
  CC      drivers/soc/qcom/service-notifier.o
  CC      drivers/gpu/drm/msm/sde/sde_hw_intf.o
  CC      drivers/staging/qcacld-3.0/core/hdd/src/wlan_hdd_tx_rx.o
  CC      drivers/usb/core/port.o
  CC      drivers/gpu/drm/msm/sde/sde_hw_lm.o
  CC      drivers/soc/qcom/msm_bus/msm_bus_proxy_client.o
  CC      drivers/soc/qcom/msm_bus/msm_bus_of_rpmh.o
  CC      drivers/soc/qcom/msm_bus/msm_bus_dbg.o
  CC      drivers/soc/qcom/service-locator.o
  LD      drivers/usb/host/xhci-plat-hcd.o
  CC      drivers/usb/core/of.o
  LD      drivers/usb/host/xhci-hcd.o
  CC      drivers/soc/qcom/msm_smp2p.o
  LD      drivers/usb/host/built-in.o
  CC      drivers/gpu/drm/msm/sde/sde_hw_ctl.o
../drivers/usb/gadget/function/f_accessory.c:1062:30: warning: taking address of packed member 'wLength' of class or structure 'usb_ctrlrequest' may result in an unaligned pointer value [-Waddress-of-packed-member]
 1062 |                         __le16 *temp = (__le16 *)&ctrl->wLength;
      |                                                   ^~~~~~~~~~~~~
  CC      drivers/soc/qcom/smp2p_loopback.o
  CC      drivers/usb/core/hcd-pci.o
  CC      drivers/usb/gadget/function/f_cdev.o
  CC      drivers/staging/qcacld-3.0/core/hdd/src/wlan_hdd_wext.o
  CC      drivers/gpu/drm/msm/sde/sde_hw_util.o
  CC      drivers/soc/qcom/smp2p_debug.o
  CC      drivers/usb/gadget/function/f_ccid.o
  CC      drivers/gpu/drm/msm/sde/sde_hw_sspp.o
  CC      drivers/gpu/drm/msm/sde/sde_hw_wb.o
  CC      drivers/usb/gadget/function/f_gsi.o
  CC      drivers/soc/qcom/smp2p_sleepstate.o
  CC      drivers/staging/qcacld-3.0/core/hdd/src/wlan_hdd_wmm.o
  CC      drivers/usb/gadget/function/f_qdss.o
  CC      drivers/soc/qcom/ipc_router_glink_xprt.o
  CC      drivers/gpu/drm/msm/sde/sde_hw_rot.o
  CC      drivers/soc/qcom/qmi_interface.o
1 warning generated.
  CC      drivers/soc/qcom/msm_glink_pkt.o
  CC      drivers/gpu/drm/msm/sde/sde_hw_pingpong.o
  CC      drivers/usb/gadget/function/u_qdss.o
  CC      drivers/gpu/drm/msm/sde/sde_hw_top.o
  CC      drivers/staging/qcacld-3.0/core/hdd/src/wlan_hdd_wowl.o
  CC      drivers/gpu/drm/msm/sde/sde_hw_interrupts.o
  CC      drivers/staging/qcacld-3.0/core/hdd/src/wlan_hdd_debugfs.o
  CC      drivers/staging/qcacld-3.0/core/hdd/src/wlan_hdd_debugfs_llstat.o
  CC      drivers/soc/qcom/sysmon-glink.o
  CC      drivers/gpu/drm/msm/sde/sde_hw_vbif.o
  LD      drivers/usb/core/usbcore.o
  LD      drivers/soc/qcom/msm_bus/built-in.o
  CC      drivers/soc/qcom/sysmon-qmi.o
  LD      drivers/usb/gadget/function/usb_f_ncm.o
  LD      drivers/usb/core/built-in.o
  CC      drivers/staging/qcacld-3.0/core/hdd/src/wlan_hdd_debugfs_csr.o
  CC      drivers/soc/qcom/icnss.o
  LD      drivers/usb/gadget/function/usb_f_mass_storage.o
  CC      drivers/gpu/drm/msm/sde/sde_hw_blk.o
  CC      drivers/gpu/drm/msm/sde/sde_formats.o
  LD      drivers/usb/gadget/function/usb_f_fs.o
  LD      drivers/usb/gadget/function/usb_f_midi.o
  CC      drivers/staging/qcacld-3.0/core/hdd/src/wlan_hdd_debugfs_connect.o
  LD      drivers/usb/gadget/function/usb_f_hid.o
  CC      drivers/gpu/drm/msm/sde_power_handle.o
  CC      drivers/gpu/drm/msm/sde/sde_hw_color_processing_v1_7.o
  LD      drivers/usb/gadget/function/usb_f_mtp.o
  CC      drivers/staging/qcacld-3.0/core/hdd/src/wlan_hdd_debugfs_offload.o
  CC      drivers/gpu/drm/msm/sde/sde_reg_dma.o
  LD      drivers/usb/gadget/function/usb_f_ptp.o
  LD      drivers/usb/gadget/function/usb_f_audio_source.o
  CC      drivers/staging/qcacld-3.0/core/hdd/src/wlan_hdd_debugfs_roam.o
  CC      drivers/soc/qcom/wlan_firmware_service_v01.o
  CC      drivers/gpu/drm/msm/sde/sde_hw_reg_dma_v1.o
  CC      drivers/gpu/drm/msm/sde/sde_hw_dsc.o
  CC      drivers/staging/qcacld-3.0/core/hdd/src/wlan_hdd_debugfs_coex.o
  CC      drivers/soc/qcom/peripheral-loader.o
  LD      drivers/usb/gadget/function/usb_f_accessory.o
  CC      drivers/staging/qcacld-3.0/core/hdd/src/wlan_hdd_spectralscan.o
  CC      drivers/gpu/drm/msm/sde/sde_hw_ds.o
  LD      drivers/usb/gadget/function/usb_f_diag.o
  CC      drivers/staging/qcacld-3.0/core/hdd/src/wlan_hdd_memdump.o
  CC      drivers/staging/qcacld-3.0/core/hdd/src/wlan_hdd_fips.o
  LD      drivers/usb/gadget/function/usb_f_cdev.o
  LD      drivers/usb/gadget/function/usb_f_ccid.o
  LD      drivers/usb/gadget/function/usb_f_gsi.o
  LD      drivers/usb/gadget/function/usb_f_qdss.o
  CC      drivers/soc/qcom/subsys-pil-tz.o
  LD      drivers/usb/gadget/function/built-in.o
  CC      drivers/gpu/drm/msm/sde/sde_wb.o
  LD      drivers/usb/gadget/built-in.o
  CC      drivers/soc/qcom/pil-q6v5.o
  CC      drivers/staging/qcacld-3.0/core/hdd/src/wlan_hdd_green_ap.o
  CC      drivers/soc/qcom/pil-msa.o
  LD      drivers/usb/built-in.o
  CC      drivers/soc/qcom/pil-q6v5-mss.o
  CC      drivers/soc/qcom/subsystem_notif.o
  CC      drivers/soc/qcom/subsystem_restart.o
  CC      drivers/staging/qcacld-3.0/core/hdd/src/wlan_hdd_apf.o
  CC      drivers/soc/qcom/ramdump.o
  CC      drivers/staging/qcacld-3.0/core/hdd/src/wlan_hdd_lpass.o
  CC      drivers/gpu/drm/msm/sde/sde_encoder_phys_wb.o
  CC      drivers/staging/qcacld-3.0/core/hdd/src/wlan_hdd_napi.o
  CC      drivers/gpu/drm/msm/msm_atomic.o
  CC      drivers/soc/qcom/microdump_collector.o
  CC      drivers/staging/qcacld-3.0/core/hdd/src/wlan_hdd_ipa.o
  CC      drivers/gpu/drm/msm/msm_drv.o
  CC      drivers/soc/qcom/cmd-db.o
  CC      drivers/gpu/drm/msm/msm_fb.o
  CC      drivers/staging/qcacld-3.0/core/hdd/src/wlan_hdd_nan.o
  CC      drivers/soc/qcom/event_timer.o
  CC      drivers/staging/qcacld-3.0/core/hdd/src/wlan_hdd_tdls.o
  CC      drivers/gpu/drm/msm/msm_gem.o
  CC      drivers/staging/qcacld-3.0/core/hdd/src/wlan_hdd_tsf.o
  CC      drivers/soc/qcom/lpm-stats.o
  CC      drivers/soc/qcom/rpm_stats.o
  CC      drivers/soc/qcom/rpmh_master_stat.o
  CC      drivers/staging/qcacld-3.0/core/hdd/src/wlan_hdd_conc_ut.o
  CC      drivers/soc/qcom/smcinvoke.o
  CC      drivers/soc/qcom/qmp-debugfs-client.o
  CC      drivers/staging/qcacld-3.0/core/hdd/src/wlan_hdd_disa.o
  CC      drivers/gpu/drm/msm/msm_gem_prime.o
  CC      drivers/soc/qcom/qsee_ipc_irq_bridge.o
  CC      drivers/gpu/drm/msm/msm_gem_submit.o
  CC      drivers/staging/qcacld-3.0/core/hdd/src/wlan_hdd_subnet_detect.o
  CC      drivers/gpu/drm/msm/msm_gem_shrinker.o
  CC      drivers/staging/qcacld-3.0/core/hdd/src/wlan_hdd_nan_datapath.o
  CC      drivers/gpu/drm/msm/msm_gem_vma.o
  CC      drivers/gpu/drm/msm/msm_gpu.o
  CC      drivers/staging/qcacld-3.0/core/hdd/src/wlan_hdd_twt.o
  CC      drivers/gpu/drm/msm/msm_iommu.o
  CC      drivers/staging/qcacld-3.0/core/hdd/src/wlan_hdd_nud_tracking.o
  CC      drivers/staging/qcacld-3.0/core/hdd/src/wlan_hdd_sysfs.o
  CC      drivers/gpu/drm/msm/msm_smmu.o
  CC      drivers/gpu/drm/msm/msm_perf.o
  CC      drivers/staging/qcacld-3.0/core/hdd/src/wlan_hdd_bcn_recv.o
  CC      drivers/gpu/drm/msm/msm_rd.o
  LD      drivers/soc/qcom/built-in.o
  CC      drivers/gpu/drm/msm/msm_ringbuffer.o
  LD      drivers/soc/built-in.o
  CC      drivers/gpu/drm/msm/msm_prop.o
  CC      drivers/staging/qcacld-3.0/core/hdd/src/wlan_hdd_hang_event.o
  CC      drivers/staging/qcacld-3.0/core/mac/src/cfg/cfg_api.o
  CC      drivers/gpu/drm/msm/msm_fence.o
  CC      drivers/gpu/drm/msm/msm_debugfs.o
  CC      drivers/staging/qcacld-3.0/core/mac/src/cfg/cfg_param_name.o
  CC      drivers/staging/qcacld-3.0/core/mac/src/cfg/cfg_proc_msg.o
  CC      drivers/staging/qcacld-3.0/core/mac/src/cfg/cfg_send_msg.o
  CC      drivers/staging/qcacld-3.0/core/mac/src/dph/dph_hash_table.o
  CC      drivers/staging/qcacld-3.0/core/mac/src/pe/lim/lim_aid_mgmt.o
  CC      drivers/staging/qcacld-3.0/core/mac/src/pe/lim/lim_admit_control.o
  CC      drivers/staging/qcacld-3.0/core/mac/src/pe/lim/lim_api.o
  CC      drivers/staging/qcacld-3.0/core/mac/src/pe/lim/lim_assoc_utils.o
  CC      drivers/staging/qcacld-3.0/core/mac/src/pe/lim/lim_ft.o
  CC      drivers/staging/qcacld-3.0/core/mac/src/pe/lim/lim_ibss_peer_mgmt.o
  CC      drivers/staging/qcacld-3.0/core/mac/src/pe/lim/lim_link_monitoring_algo.o
  CC      drivers/staging/qcacld-3.0/core/mac/src/pe/lim/lim_process_action_frame.o
  CC      drivers/staging/qcacld-3.0/core/mac/src/pe/lim/lim_process_assoc_req_frame.o
  CC      drivers/staging/qcacld-3.0/core/mac/src/pe/lim/lim_process_assoc_rsp_frame.o
  CC      drivers/staging/qcacld-3.0/core/mac/src/pe/lim/lim_process_auth_frame.o
  CC      drivers/staging/qcacld-3.0/core/mac/src/pe/lim/lim_process_beacon_frame.o
  CC      drivers/staging/qcacld-3.0/core/mac/src/pe/lim/lim_process_cfg_updates.o
  LD      drivers/gpu/drm/msm/msm_drm.o
  LD      drivers/gpu/drm/msm/built-in.o
  CC      drivers/staging/qcacld-3.0/core/mac/src/pe/lim/lim_process_deauth_frame.o
  CC      drivers/staging/qcacld-3.0/core/mac/src/pe/lim/lim_process_disassoc_frame.o
  LD      drivers/gpu/drm/built-in.o
  CC      drivers/staging/qcacld-3.0/core/mac/src/pe/lim/lim_process_message_queue.o
  CC      drivers/staging/qcacld-3.0/core/mac/src/pe/lim/lim_process_mlm_req_messages.o
  LD      drivers/gpu/built-in.o
  CC      drivers/staging/qcacld-3.0/core/mac/src/pe/lim/lim_process_mlm_rsp_messages.o
  CC      drivers/staging/qcacld-3.0/core/mac/src/pe/lim/lim_process_probe_req_frame.o
  CC      drivers/staging/qcacld-3.0/core/mac/src/pe/lim/lim_process_probe_rsp_frame.o
  CC      drivers/staging/qcacld-3.0/core/mac/src/pe/lim/lim_process_sme_req_messages.o
  CC      drivers/staging/qcacld-3.0/core/mac/src/pe/lim/lim_prop_exts_utils.o
../drivers/staging/qcacld-3.0/core/hdd/src/wlan_hdd_hang_event.c:66:25: warning: taking address of packed member 'tlv_header' of class or structure 'hdd_scan_fixed_param' may result in an unaligned pointer value [-Waddress-of-packed-member]
   66 |                 QDF_HANG_EVT_SET_HDR(&cmd_scan->tlv_header,
      |                                       ^~~~~~~~~~~~~~~~~~~~
../drivers/staging/qcacld-3.0/../qca-wifi-host-cmn/qdf/inc/qdf_hang_event_notifier.h:62:17: note: expanded from macro 'QDF_HANG_EVT_SET_HDR'
   62 |         (((uint32_t *)(tlv_buf))[0]) = (((tag) << 16) | ((len) & 0x0000FFFF))
      |                        ^~~~~~~
../drivers/staging/qcacld-3.0/core/hdd/src/wlan_hdd_hang_event.c:87:25: warning: taking address of packed member 'tlv_header' of class or structure 'hdd_hang_event_fixed_param' may result in an unaligned pointer value [-Waddress-of-packed-member]
   87 |                 QDF_HANG_EVT_SET_HDR(&cmd->tlv_header,
      |                                       ^~~~~~~~~~~~~~~
../drivers/staging/qcacld-3.0/../qca-wifi-host-cmn/qdf/inc/qdf_hang_event_notifier.h:62:17: note: expanded from macro 'QDF_HANG_EVT_SET_HDR'
   62 |         (((uint32_t *)(tlv_buf))[0]) = (((tag) << 16) | ((len) & 0x0000FFFF))
      |                        ^~~~~~~
  CC      drivers/staging/qcacld-3.0/core/mac/src/pe/lim/lim_scan_result_utils.o
2 warnings generated.
  CC      drivers/staging/qcacld-3.0/core/mac/src/pe/lim/lim_security_utils.o
  CC      drivers/staging/qcacld-3.0/core/mac/src/pe/lim/lim_send_management_frames.o
  CC      drivers/staging/qcacld-3.0/core/mac/src/pe/lim/lim_send_messages.o
  CC      drivers/staging/qcacld-3.0/core/mac/src/pe/lim/lim_send_sme_rsp_messages.o
  CC      drivers/staging/qcacld-3.0/core/mac/src/pe/lim/lim_ser_des_utils.o
  CC      drivers/staging/qcacld-3.0/core/mac/src/pe/lim/lim_session.o
  CC      drivers/staging/qcacld-3.0/core/mac/src/pe/lim/lim_session_utils.o
  CC      drivers/staging/qcacld-3.0/core/mac/src/pe/lim/lim_sme_req_utils.o
  CC      drivers/staging/qcacld-3.0/core/mac/src/pe/lim/lim_sta_hash_api.o
  CC      drivers/staging/qcacld-3.0/core/mac/src/pe/lim/lim_timer_utils.o
  CC      drivers/staging/qcacld-3.0/core/mac/src/pe/lim/lim_trace.o
  CC      drivers/staging/qcacld-3.0/core/mac/src/pe/lim/lim_utils.o
  CC      drivers/staging/qcacld-3.0/core/mac/src/pe/lim/lim_process_tdls.o
  CC      drivers/staging/qcacld-3.0/core/mac/src/pe/lim/lim_process_fils.o
  CC      drivers/staging/qcacld-3.0/core/mac/src/pe/lim/lim_process_mlm_host_roam.o
  CC      drivers/staging/qcacld-3.0/core/mac/src/pe/lim/lim_send_frames_host_roam.o
  CC      drivers/staging/qcacld-3.0/core/mac/src/pe/lim/lim_roam_timer_utils.o
  CC      drivers/staging/qcacld-3.0/core/mac/src/pe/lim/lim_ft_preauth.o
  CC      drivers/staging/qcacld-3.0/core/mac/src/pe/lim/lim_reassoc_utils.o
  CC      drivers/staging/qcacld-3.0/core/mac/src/pe/sch/sch_api.o
  CC      drivers/staging/qcacld-3.0/core/mac/src/pe/sch/sch_beacon_gen.o
  CC      drivers/staging/qcacld-3.0/core/mac/src/pe/sch/sch_beacon_process.o
  CC      drivers/staging/qcacld-3.0/core/mac/src/pe/sch/sch_message.o
  CC      drivers/staging/qcacld-3.0/core/mac/src/pe/rrm/rrm_api.o
  CC      drivers/staging/qcacld-3.0/core/mac/src/pe/nan/nan_datapath.o
  CC      drivers/staging/qcacld-3.0/core/sap/src/sap_api_link_cntl.o
  CC      drivers/staging/qcacld-3.0/core/sap/src/sap_ch_select.o
  CC      drivers/staging/qcacld-3.0/core/sap/src/sap_fsm.o
  CC      drivers/staging/qcacld-3.0/core/sap/src/sap_module.o
  CC      drivers/staging/qcacld-3.0/core/sme/src/common/sme_api.o
  CC      drivers/staging/qcacld-3.0/core/sme/src/common/sme_ft_api.o
  CC      drivers/staging/qcacld-3.0/core/sme/src/common/sme_power_save.o
  CC      drivers/staging/qcacld-3.0/core/sme/src/common/sme_trace.o
  CC      drivers/staging/qcacld-3.0/core/sme/src/csr/csr_api_roam.o
  CC      drivers/staging/qcacld-3.0/core/sme/src/csr/csr_api_scan.o
  CC      drivers/staging/qcacld-3.0/core/sme/src/csr/csr_cmd_process.o
  CC      drivers/staging/qcacld-3.0/core/sme/src/csr/csr_link_list.o
  CC      drivers/staging/qcacld-3.0/core/sme/src/csr/csr_neighbor_roam.o
  CC      drivers/staging/qcacld-3.0/core/sme/src/csr/csr_util.o
  CC      drivers/staging/qcacld-3.0/core/sme/src/csr/csr_roam_preauth.o
  CC      drivers/staging/qcacld-3.0/core/sme/src/csr/csr_host_scan_roam.o
  CC      drivers/staging/qcacld-3.0/core/sme/src/qos/sme_qos.o
  CC      drivers/staging/qcacld-3.0/core/sme/src/rrm/sme_rrm.o
  CC      drivers/staging/qcacld-3.0/core/sme/src/nan/nan_api.o
  CC      drivers/staging/qcacld-3.0/core/sme/src/nan/nan_datapath_api.o
  CC      drivers/staging/qcacld-3.0/core/mac/src/sys/common/src/wlan_qct_sys.o
  CC      drivers/staging/qcacld-3.0/core/mac/src/sys/legacy/src/platform/src/sys_wrapper.o
  CC      drivers/staging/qcacld-3.0/core/mac/src/sys/legacy/src/system/src/mac_init_api.o
  CC      drivers/staging/qcacld-3.0/core/mac/src/sys/legacy/src/system/src/sys_entry_func.o
  CC      drivers/staging/qcacld-3.0/core/mac/src/sys/legacy/src/utils/src/dot11f.o
  CC      drivers/staging/qcacld-3.0/core/mac/src/sys/legacy/src/utils/src/mac_trace.o
  CC      drivers/staging/qcacld-3.0/core/mac/src/sys/legacy/src/utils/src/parser_api.o
  CC      drivers/staging/qcacld-3.0/core/mac/src/sys/legacy/src/utils/src/utils_parser.o
  CC      drivers/staging/qcacld-3.0/../qca-wifi-host-cmn/qdf/linux/src/qdf_defer.o
  CC      drivers/staging/qcacld-3.0/../qca-wifi-host-cmn/qdf/linux/src/qdf_event.o
  CC      drivers/staging/qcacld-3.0/../qca-wifi-host-cmn/qdf/linux/src/qdf_file.o
  CC      drivers/staging/qcacld-3.0/../qca-wifi-host-cmn/qdf/linux/src/qdf_func_tracker.o
  CC      drivers/staging/qcacld-3.0/../qca-wifi-host-cmn/qdf/linux/src/qdf_list.o
  CC      drivers/staging/qcacld-3.0/../qca-wifi-host-cmn/qdf/linux/src/qdf_lock.o
  CC      drivers/staging/qcacld-3.0/../qca-wifi-host-cmn/qdf/linux/src/qdf_mc_timer.o
  CC      drivers/staging/qcacld-3.0/../qca-wifi-host-cmn/qdf/linux/src/qdf_mem.o
  CC      drivers/staging/qcacld-3.0/../qca-wifi-host-cmn/qdf/linux/src/qdf_nbuf.o
  CC      drivers/staging/qcacld-3.0/../qca-wifi-host-cmn/qdf/linux/src/qdf_threads.o
  CC      drivers/staging/qcacld-3.0/../qca-wifi-host-cmn/qdf/linux/src/qdf_crypto.o
  CC      drivers/staging/qcacld-3.0/../qca-wifi-host-cmn/qdf/linux/src/qdf_trace.o
  CC      drivers/staging/qcacld-3.0/../qca-wifi-host-cmn/qdf/linux/src/qdf_idr.o
  CC      drivers/staging/qcacld-3.0/../qca-wifi-host-cmn/qdf/src/qdf_flex_mem.o
  CC      drivers/staging/qcacld-3.0/../qca-wifi-host-cmn/qdf/src/qdf_parse.o
  CC      drivers/staging/qcacld-3.0/../qca-wifi-host-cmn/qdf/src/qdf_platform.o
  CC      drivers/staging/qcacld-3.0/../qca-wifi-host-cmn/qdf/src/qdf_str.o
  CC      drivers/staging/qcacld-3.0/../qca-wifi-host-cmn/qdf/src/qdf_types.o
  CC      drivers/staging/qcacld-3.0/../qca-wifi-host-cmn/qdf/linux/src/qdf_debugfs.o
  CC      drivers/staging/qcacld-3.0/../qca-wifi-host-cmn/qdf/linux/src/qdf_ipa.o
  CC      drivers/staging/qcacld-3.0/../qca-wifi-host-cmn/qdf/src/qdf_cpuhp.o
../drivers/staging/qcacld-3.0/../qca-wifi-host-cmn/qdf/linux/src/qdf_nbuf.c:4262:27: warning: taking address of packed member 'it_present' of class or structure 'ieee80211_radiotap_header' may result in an unaligned pointer value [-Waddress-of-packed-member]
 4262 |                 rtap_ext = (uint32_t *)&rthdr->it_present;
      |                                         ^~~~~~~~~~~~~~~~~
  CC      drivers/staging/qcacld-3.0/../qca-wifi-host-cmn/qdf/linux/src/qdf_cpuhp.o
  CC      drivers/staging/qcacld-3.0/../qca-wifi-host-cmn/qdf/src/qdf_notifier.o
  CC      drivers/staging/qcacld-3.0/../qca-wifi-host-cmn/qdf/src/qdf_hang_event_notifier.o
  CC      drivers/staging/qcacld-3.0/../qca-wifi-host-cmn/wbuff/src/wbuff.o
  CC      drivers/staging/qcacld-3.0/core/cds/src/cds_api.o
1 warning generated.
  CC      drivers/staging/qcacld-3.0/core/cds/src/cds_reg_service.o
  CC      drivers/staging/qcacld-3.0/core/cds/src/cds_packet.o
  CC      drivers/staging/qcacld-3.0/core/cds/src/cds_regdomain.o
  CC      drivers/staging/qcacld-3.0/core/cds/src/cds_sched.o
  CC      drivers/staging/qcacld-3.0/core/cds/src/cds_utils.o
  CC      drivers/staging/qcacld-3.0/../qca-wifi-host-cmn/ftm/dispatcher/src/wlan_ftm_init_deinit.o
  CC      drivers/staging/qcacld-3.0/../qca-wifi-host-cmn/ftm/dispatcher/src/wlan_ftm_ucfg_api.o
  CC      drivers/staging/qcacld-3.0/../qca-wifi-host-cmn/ftm/core/src/wlan_ftm_svc.o
  CC      drivers/staging/qcacld-3.0/../qca-wifi-host-cmn/os_if/linux/ftm/src/wlan_cfg80211_ftm.o
  CC      drivers/staging/qcacld-3.0/../qca-wifi-host-cmn/target_if/ftm/src/target_if_ftm.o
  CC      drivers/staging/qcacld-3.0/core/wma/src/wma_main.o
  CC      drivers/staging/qcacld-3.0/core/wma/src/wma_scan_roam.o
  CC      drivers/staging/qcacld-3.0/core/wma/src/wma_dev_if.o
  CC      drivers/staging/qcacld-3.0/core/wma/src/wma_mgmt.o
  CC      drivers/staging/qcacld-3.0/core/wma/src/wma_power.o
  CC      drivers/staging/qcacld-3.0/core/wma/src/wma_data.o
  CC      drivers/staging/qcacld-3.0/core/wma/src/wma_utils.o
  CC      drivers/staging/qcacld-3.0/core/wma/src/wma_features.o
  CC      drivers/staging/qcacld-3.0/core/wma/src/wlan_qct_wma_legacy.o
  CC      drivers/staging/qcacld-3.0/core/wma/src/wma_nan_datapath.o
  CC      drivers/staging/qcacld-3.0/core/wma/src/wma_fips_api.o
  CC      drivers/staging/qcacld-3.0/core/wma/src/wma_utils_ut.o
  CC      drivers/staging/qcacld-3.0/core/wma/src/wma_twt.o
  CC      drivers/staging/qcacld-3.0/core/wma/src/wma_coex.o
../drivers/staging/qcacld-3.0/core/cds/src/cds_api.c:484:24: warning: taking address of packed member 'tlv_header' of class or structure 'cds_hang_event_fixed_param' may result in an unaligned pointer value [-Waddress-of-packed-member]
  484 |         QDF_HANG_EVT_SET_HDR(&cmd->tlv_header, HANG_EVT_TAG_CDS,
      |                               ^~~~~~~~~~~~~~~
../drivers/staging/qcacld-3.0/../qca-wifi-host-cmn/qdf/inc/qdf_hang_event_notifier.h:62:17: note: expanded from macro 'QDF_HANG_EVT_SET_HDR'
   62 |         (((uint32_t *)(tlv_buf))[0]) = (((tag) << 16) | ((len) & 0x0000FFFF))
      |                        ^~~~~~~
  CC      drivers/staging/qcacld-3.0/core/dp/txrx/ol_txrx.o
  CC      drivers/staging/qcacld-3.0/core/dp/txrx/ol_cfg.o
  CC      drivers/staging/qcacld-3.0/core/dp/txrx/ol_rx.o
  CC      drivers/staging/qcacld-3.0/core/dp/txrx/ol_rx_fwd.o
  CC      drivers/staging/qcacld-3.0/core/dp/txrx/ol_rx_defrag.o
  CC      drivers/staging/qcacld-3.0/core/dp/txrx/ol_tx_desc.o
1 warning generated.
  CC      drivers/staging/qcacld-3.0/core/dp/txrx/ol_tx.o
  CC      drivers/staging/qcacld-3.0/core/dp/txrx/ol_rx_reorder_timeout.o
  CC      drivers/staging/qcacld-3.0/core/dp/txrx/ol_rx_reorder.o
  CC      drivers/staging/qcacld-3.0/core/dp/txrx/ol_rx_pn.o
  CC      drivers/staging/qcacld-3.0/core/dp/txrx/ol_tx_queue.o
  CC      drivers/staging/qcacld-3.0/core/dp/txrx/ol_txrx_peer_find.o
  CC      drivers/staging/qcacld-3.0/core/dp/txrx/ol_txrx_encap.o
  CC      drivers/staging/qcacld-3.0/core/dp/txrx/ol_tx_send.o
  CC      drivers/staging/qcacld-3.0/core/dp/txrx/ol_tx_sched.o
  CC      drivers/staging/qcacld-3.0/core/dp/txrx/ol_tx_classify.o
  CC      drivers/staging/qcacld-3.0/core/dp/txrx/ol_txrx_event.o
../drivers/staging/qcacld-3.0/core/dp/txrx/ol_txrx.c:156:24: warning: taking address of packed member 'tlv_header' of class or structure 'peer_hang_data' may result in an unaligned pointer value [-Waddress-of-packed-member]
  156 |         QDF_HANG_EVT_SET_HDR(&hang_data.tlv_header,
      |                               ^~~~~~~~~~~~~~~~~~~~
../drivers/staging/qcacld-3.0/../qca-wifi-host-cmn/qdf/inc/qdf_hang_event_notifier.h:62:17: note: expanded from macro 'QDF_HANG_EVT_SET_HDR'
   62 |         (((uint32_t *)(tlv_buf))[0]) = (((tag) << 16) | ((len) & 0x0000FFFF))
      |                        ^~~~~~~
  CC      drivers/staging/qcacld-3.0/core/dp/txrx/ol_txrx_flow_control.o
  CC      drivers/staging/qcacld-3.0/core/dp/txrx/ol_txrx_ipa.o
  CC      drivers/staging/qcacld-3.0/core/dp/txrx/ol_tx_ll_fastpath.o
  CC      drivers/staging/qcacld-3.0/../qca-wifi-host-cmn/wmi/src/wmi_unified.o
  CC      drivers/staging/qcacld-3.0/../qca-wifi-host-cmn/wmi/src/wmi_tlv_helper.o
  CC      drivers/staging/qcacld-3.0/../qca-wifi-host-cmn/wmi/src/wmi_unified_tlv.o
  CC      drivers/staging/qcacld-3.0/../qca-wifi-host-cmn/wmi/src/wmi_unified_api.o
  CC      drivers/staging/qcacld-3.0/../qca-wifi-host-cmn/wmi/src/wmi_unified_reg_api.o
  CC      drivers/staging/qcacld-3.0/../qca-wifi-host-cmn/wmi/src/wmi_unified_pmo_api.o
  CC      drivers/staging/qcacld-3.0/../qca-wifi-host-cmn/wmi/src/wmi_unified_apf_tlv.o
  CC      drivers/staging/qcacld-3.0/../qca-wifi-host-cmn/wmi/src/wmi_unified_action_oui_tlv.o
  CC      drivers/staging/qcacld-3.0/../qca-wifi-host-cmn/wmi/src/wmi_unified_dfs_api.o
  CC      drivers/staging/qcacld-3.0/../qca-wifi-host-cmn/wmi/src/wmi_unified_twt_api.o
  CC      drivers/staging/qcacld-3.0/../qca-wifi-host-cmn/wmi/src/wmi_unified_twt_tlv.o
  CC      drivers/staging/qcacld-3.0/../qca-wifi-host-cmn/wmi/src/wmi_unified_extscan_api.o
  CC      drivers/staging/qcacld-3.0/../qca-wifi-host-cmn/wmi/src/wmi_unified_extscan_tlv.o
1 warning generated.
  CC      drivers/staging/qcacld-3.0/../qca-wifi-host-cmn/wmi/src/wmi_hang_event.o
  CC      drivers/staging/qcacld-3.0/../qca-wifi-host-cmn/htc/htc.o
  CC      drivers/staging/qcacld-3.0/../qca-wifi-host-cmn/htc/htc_send.o
  CC      drivers/staging/qcacld-3.0/../qca-wifi-host-cmn/htc/htc_recv.o
  CC      drivers/staging/qcacld-3.0/../qca-wifi-host-cmn/htc/htc_services.o
  CC      drivers/staging/qcacld-3.0/../qca-wifi-host-cmn/htc/htc_credit_history.o
  CC      drivers/staging/qcacld-3.0/../qca-wifi-host-cmn/htc/htc_hang_event.o
  CC      drivers/staging/qcacld-3.0/../qca-wifi-host-cmn/init_deinit/dispatcher/src/dispatcher_init_deinit.o
  CC      drivers/staging/qcacld-3.0/../qca-wifi-host-cmn/scheduler/src/scheduler_api.o
  CC      drivers/staging/qcacld-3.0/../qca-wifi-host-cmn/scheduler/src/scheduler_core.o
  CC      drivers/staging/qcacld-3.0/../qca-wifi-host-cmn/umac/regulatory/core/src/reg_db.o
  CC      drivers/staging/qcacld-3.0/../qca-wifi-host-cmn/umac/regulatory/core/src/reg_services.o
  CC      drivers/staging/qcacld-3.0/../qca-wifi-host-cmn/umac/regulatory/core/src/reg_db_parser.o
  CC      drivers/staging/qcacld-3.0/../qca-wifi-host-cmn/umac/regulatory/dispatcher/src/wlan_reg_services_api.o
  CC      drivers/staging/qcacld-3.0/../qca-wifi-host-cmn/umac/regulatory/dispatcher/src/wlan_reg_tgt_api.o
  CC      drivers/staging/qcacld-3.0/../qca-wifi-host-cmn/umac/regulatory/dispatcher/src/wlan_reg_ucfg_api.o
../drivers/staging/qcacld-3.0/../qca-wifi-host-cmn/wmi/src/wmi_hang_event.c:82:26: warning: taking address of packed member 'tlv_header' of class or structure 'wmi_hang_data_fixed_param' may result in an unaligned pointer value [-Waddress-of-packed-member]
   82 |                         QDF_HANG_EVT_SET_HDR(&cmd->tlv_header,
      |                                               ^~~~~~~~~~~~~~~
../drivers/staging/qcacld-3.0/../qca-wifi-host-cmn/qdf/inc/qdf_hang_event_notifier.h:62:17: note: expanded from macro 'QDF_HANG_EVT_SET_HDR'
   62 |         (((uint32_t *)(tlv_buf))[0]) = (((tag) << 16) | ((len) & 0x0000FFFF))
      |                        ^~~~~~~
../drivers/staging/qcacld-3.0/../qca-wifi-host-cmn/wmi/src/wmi_hang_event.c:95:26: warning: taking address of packed member 'tlv_header' of class or structure 'wmi_hang_data_fixed_param' may result in an unaligned pointer value [-Waddress-of-packed-member]
   95 |                         QDF_HANG_EVT_SET_HDR(&cmd->tlv_header,
      |                                               ^~~~~~~~~~~~~~~
../drivers/staging/qcacld-3.0/../qca-wifi-host-cmn/qdf/inc/qdf_hang_event_notifier.h:62:17: note: expanded from macro 'QDF_HANG_EVT_SET_HDR'
   62 |         (((uint32_t *)(tlv_buf))[0]) = (((tag) << 16) | ((len) & 0x0000FFFF))
      |                        ^~~~~~~
2 warnings generated.
  CC      drivers/staging/qcacld-3.0/../qca-wifi-host-cmn/hif/src/hif_napi.o
  CC      drivers/staging/qcacld-3.0/../qca-wifi-host-cmn/hif/src/dispatcher/multibus.o
  CC      drivers/staging/qcacld-3.0/../qca-wifi-host-cmn/hif/src/dispatcher/dummy.o
  CC      drivers/staging/qcacld-3.0/../qca-wifi-host-cmn/hif/src/ath_procfs.o
  CC      drivers/staging/qcacld-3.0/../qca-wifi-host-cmn/hif/src/hif_main.o
  CC      drivers/staging/qcacld-3.0/../qca-wifi-host-cmn/hif/src/mp_dev.o
  CC      drivers/staging/qcacld-3.0/../qca-wifi-host-cmn/hif/src/hif_exec.o
  CC      drivers/staging/qcacld-3.0/../qca-wifi-host-cmn/hif/src/hif_irq_affinity.o
  CC      drivers/staging/qcacld-3.0/../qca-wifi-host-cmn/hif/src/snoc/if_snoc.o
  CC      drivers/staging/qcacld-3.0/../qca-wifi-host-cmn/hif/src/ce/ce_bmi.o
  CC      drivers/staging/qcacld-3.0/../qca-wifi-host-cmn/hif/src/ce/ce_diag.o
  CC      drivers/staging/qcacld-3.0/../qca-wifi-host-cmn/hif/src/ce/ce_main.o
../drivers/staging/qcacld-3.0/../qca-wifi-host-cmn/htc/htc_credit_history.c:186:25: warning: taking address of packed member 'tlv_header' of class or structure 'htc_hang_data_fixed_param' may result in an unaligned pointer value [-Waddress-of-packed-member]
  186 |                 QDF_HANG_EVT_SET_HDR(&cmd->tlv_header,
      |                                       ^~~~~~~~~~~~~~~
../drivers/staging/qcacld-3.0/../qca-wifi-host-cmn/qdf/inc/qdf_hang_event_notifier.h:62:17: note: expanded from macro 'QDF_HANG_EVT_SET_HDR'
   62 |         (((uint32_t *)(tlv_buf))[0]) = (((tag) << 16) | ((len) & 0x0000FFFF))
      |                        ^~~~~~~
  CC      drivers/staging/qcacld-3.0/../qca-wifi-host-cmn/hif/src/ce/ce_service.o
1 warning generated.
  CC      drivers/staging/qcacld-3.0/../qca-wifi-host-cmn/hif/src/ce/ce_tasklet.o
  CC      drivers/staging/qcacld-3.0/../qca-wifi-host-cmn/hif/src/regtable.o
  CC      drivers/staging/qcacld-3.0/../qca-wifi-host-cmn/hif/src/dispatcher/multibus_snoc.o
  CC      drivers/staging/qcacld-3.0/core/bmi/src/bmi.o
  CC      drivers/staging/qcacld-3.0/core/bmi/src/ol_fw.o
  CC      drivers/staging/qcacld-3.0/core/bmi/src/ol_fw_common.o
  CC      drivers/staging/qcacld-3.0/core/bmi/src/bmi_1.o
  CC      drivers/staging/qcacld-3.0/core/dp/htt/htt_tx.o
  CC      drivers/staging/qcacld-3.0/core/dp/htt/htt.o
  CC      drivers/staging/qcacld-3.0/core/dp/htt/htt_t2h.o
  CC      drivers/staging/qcacld-3.0/core/dp/htt/htt_h2t.o
../drivers/staging/qcacld-3.0/../qca-wifi-host-cmn/hif/src/ce/ce_main.c:3664:24: warning: taking address of packed member 'tlv_header' of class or structure 'hang_event_info' may result in an unaligned pointer value [-Waddress-of-packed-member]
 3664 |         QDF_HANG_EVT_SET_HDR(&info.tlv_header, HANG_EVT_TAG_CE_INFO,
      |                               ^~~~~~~~~~~~~~~
../drivers/staging/qcacld-3.0/../qca-wifi-host-cmn/qdf/inc/qdf_hang_event_notifier.h:62:17: note: expanded from macro 'QDF_HANG_EVT_SET_HDR'
   62 |         (((uint32_t *)(tlv_buf))[0]) = (((tag) << 16) | ((len) & 0x0000FFFF))
      |                        ^~~~~~~
  CC      drivers/staging/qcacld-3.0/core/dp/htt/htt_fw_stats.o
  CC      drivers/staging/qcacld-3.0/core/dp/htt/htt_rx.o
  CC      drivers/staging/qcacld-3.0/core/dp/htt/htt_monitor_rx.o
  CC      drivers/staging/qcacld-3.0/../qca-wifi-host-cmn/os_if/linux/p2p/src/wlan_cfg80211_p2p.o
1 warning generated.
  CC      drivers/staging/qcacld-3.0/../qca-wifi-host-cmn/os_if/linux/wlan_osif_request_manager.o
  CC      drivers/staging/qcacld-3.0/../qca-wifi-host-cmn/target_if/core/src/target_if_main.o
  CC      drivers/staging/qcacld-3.0/../qca-wifi-host-cmn/target_if/p2p/src/target_if_p2p.o
  CC      drivers/staging/qcacld-3.0/../qca-wifi-host-cmn/target_if/regulatory/src/target_if_reg.o
  CC      drivers/staging/qcacld-3.0/../qca-wifi-host-cmn/target_if/tdls/src/target_if_tdls.o
  CC      drivers/staging/qcacld-3.0/../qca-wifi-host-cmn/target_if/init_deinit/src/init_cmd_api.o
  CC      drivers/staging/qcacld-3.0/../qca-wifi-host-cmn/target_if/init_deinit/src/init_deinit_lmac.o
  CC      drivers/staging/qcacld-3.0/../qca-wifi-host-cmn/target_if/init_deinit/src/init_event_handler.o
  CC      drivers/staging/qcacld-3.0/../qca-wifi-host-cmn/target_if/init_deinit/src/service_ready_util.o
  CC      drivers/staging/qcacld-3.0/components/target_if/pmo/src/target_if_pmo_arp.o
  CC      drivers/staging/qcacld-3.0/components/target_if/pmo/src/target_if_pmo_gtk.o
  CC      drivers/staging/qcacld-3.0/components/target_if/pmo/src/target_if_pmo_hw_filter.o
  CC      drivers/staging/qcacld-3.0/components/target_if/pmo/src/target_if_pmo_lphb.o
  CC      drivers/staging/qcacld-3.0/components/target_if/pmo/src/target_if_pmo_main.o
  CC      drivers/staging/qcacld-3.0/components/target_if/pmo/src/target_if_pmo_mc_addr_filtering.o
  CC      drivers/staging/qcacld-3.0/components/target_if/pmo/src/target_if_pmo_ns.o
  CC      drivers/staging/qcacld-3.0/components/target_if/pmo/src/target_if_pmo_pkt_filter.o
  CC      drivers/staging/qcacld-3.0/components/target_if/pmo/src/target_if_pmo_static_config.o
  CC      drivers/staging/qcacld-3.0/components/target_if/pmo/src/target_if_pmo_suspend_resume.o
  CC      drivers/staging/qcacld-3.0/components/target_if/pmo/src/target_if_pmo_wow.o
  CC      drivers/staging/qcacld-3.0/components/target_if/disa/src/target_if_disa.o
  CC      drivers/staging/qcacld-3.0/components/target_if/ipa/src/target_if_ipa.o
  CC      drivers/staging/qcacld-3.0/components/target_if/action_oui/src/target_if_action_oui.o
  CC      drivers/staging/qcacld-3.0/../qca-wifi-host-cmn/global_lmac_if/src/wlan_global_lmac_if.o
  CC      drivers/staging/qcacld-3.0/../qca-wifi-host-cmn/utils/fwlog/dbglog_host.o
  CC      drivers/staging/qcacld-3.0/../qca-wifi-host-cmn/utils/epping/src/epping_main.o
  CC      drivers/staging/qcacld-3.0/../qca-wifi-host-cmn/utils/epping/src/epping_txrx.o
  CC      drivers/staging/qcacld-3.0/../qca-wifi-host-cmn/utils/epping/src/epping_tx.o
  CC      drivers/staging/qcacld-3.0/../qca-wifi-host-cmn/utils/epping/src/epping_rx.o
  CC      drivers/staging/qcacld-3.0/../qca-wifi-host-cmn/utils/epping/src/epping_helper.o
  CC      drivers/staging/qcacld-3.0/../qca-wifi-host-cmn/umac/dfs/core/src/misc/dfs.o
  CC      drivers/staging/qcacld-3.0/../qca-wifi-host-cmn/umac/dfs/core/src/misc/dfs_cac.o
  CC      drivers/staging/qcacld-3.0/../qca-wifi-host-cmn/umac/dfs/core/src/misc/dfs_nol.o
  CC      drivers/staging/qcacld-3.0/../qca-wifi-host-cmn/umac/dfs/core/src/misc/dfs_random_chan_sel.o
  CC      drivers/staging/qcacld-3.0/../qca-wifi-host-cmn/umac/dfs/core/src/misc/dfs_process_radar_found_ind.o
  CC      drivers/staging/qcacld-3.0/../qca-wifi-host-cmn/umac/dfs/dispatcher/src/wlan_dfs_init_deinit_api.o
  CC      drivers/staging/qcacld-3.0/../qca-wifi-host-cmn/umac/dfs/dispatcher/src/wlan_dfs_lmac_api.o
  CC      drivers/staging/qcacld-3.0/../qca-wifi-host-cmn/umac/dfs/dispatcher/src/wlan_dfs_mlme_api.o
  CC      drivers/staging/qcacld-3.0/../qca-wifi-host-cmn/umac/dfs/dispatcher/src/wlan_dfs_tgt_api.o
  CC      drivers/staging/qcacld-3.0/../qca-wifi-host-cmn/umac/dfs/dispatcher/src/wlan_dfs_ucfg_api.o
  CC      drivers/staging/qcacld-3.0/../qca-wifi-host-cmn/umac/dfs/dispatcher/src/wlan_dfs_utils_api.o
  CC      drivers/staging/qcacld-3.0/../qca-wifi-host-cmn/target_if/dfs/src/target_if_dfs.o
  CC      drivers/staging/qcacld-3.0/../qca-wifi-host-cmn/target_if/dfs/src/target_if_dfs_partial_offload.o
  CC      drivers/staging/qcacld-3.0/../qca-wifi-host-cmn/umac/dfs/core/src/filtering/dfs_fcc_bin5.o
  CC      drivers/staging/qcacld-3.0/../qca-wifi-host-cmn/umac/dfs/core/src/filtering/dfs_bindetects.o
  CC      drivers/staging/qcacld-3.0/../qca-wifi-host-cmn/umac/dfs/core/src/filtering/dfs_debug.o
  CC      drivers/staging/qcacld-3.0/../qca-wifi-host-cmn/umac/dfs/core/src/filtering/dfs_init.o
  CC      drivers/staging/qcacld-3.0/../qca-wifi-host-cmn/umac/dfs/core/src/filtering/dfs_misc.o
../drivers/staging/qcacld-3.0/../qca-wifi-host-cmn/umac/dfs/core/src/misc/dfs_nol.c:130:20: warning: taking address of packed member 'nol_timer' of class or structure 'dfs_nolelem' may result in an unaligned pointer value [-Waddress-of-packed-member]
  130 |                         qdf_timer_free(&nol_head->nol_timer);
      |                                         ^~~~~~~~~~~~~~~~~~~
../drivers/staging/qcacld-3.0/../qca-wifi-host-cmn/umac/dfs/core/src/misc/dfs_nol.c:204:4: warning: taking address of packed member 'nolelem_list' of class or structure 'dfs_nolelem' may result in an unaligned pointer value [-Waddress-of-packed-member]
  204 |                         TAILQ_INSERT_TAIL(&dfs->dfs_nol_free_list,
      |                         ^~~~~~~~~~~~~~~~~~~~~~~~~~~~~~~~~~~~~~~~~~
  205 |                                                 nol, nolelem_list);
      |                                                 ~~~~~~~~~~~~~~~~~~
../drivers/staging/qcacld-3.0/core/cds/src/queue.h:489:23: note: expanded from macro 'TAILQ_INSERT_TAIL'
  489 |                 (head)->tqh_last = &TAILQ_NEXT((elm), field);            \
      |                                     ^~~~~~~~~~~~~~~~~~~~~~~~
../drivers/staging/qcacld-3.0/core/cds/src/queue.h:497:36: note: expanded from macro 'TAILQ_NEXT'
  497 | #define    TAILQ_NEXT(elm, field) ((elm)->field.tqe_next)
      |                                    ^~~~~~~~~~~~~~~~~~~~~
../drivers/staging/qcacld-3.0/../qca-wifi-host-cmn/umac/dfs/core/src/misc/dfs_nol.c:218:18: warning: taking address of packed member 'nol_next' of class or structure 'dfs_nolelem' may result in an unaligned pointer value [-Waddress-of-packed-member]
  218 |                         prev_next = &(nol->nol_next);
      |                                       ^~~~~~~~~~~~~
../drivers/staging/qcacld-3.0/../qca-wifi-host-cmn/umac/dfs/core/src/misc/dfs_nol.c:416:20: warning: taking address of packed member 'nol_timer' of class or structure 'dfs_nolelem' may result in an unaligned pointer value [-Waddress-of-packed-member]
  416 |                         qdf_timer_stop(&nol->nol_timer);
      |                                         ^~~~~~~~~~~~~~
../drivers/staging/qcacld-3.0/../qca-wifi-host-cmn/umac/dfs/core/src/misc/dfs_nol.c:417:19: warning: taking address of packed member 'nol_timer' of class or structure 'dfs_nolelem' may result in an unaligned pointer value [-Waddress-of-packed-member]
  417 |                         qdf_timer_mod(&nol->nol_timer,
      |                                        ^~~~~~~~~~~~~~
../drivers/staging/qcacld-3.0/../qca-wifi-host-cmn/umac/dfs/core/src/misc/dfs_nol.c:445:5: warning: taking address of packed member 'nol_timer' of class or structure 'dfs_nolelem' may result in an unaligned pointer value [-Waddress-of-packed-member]
  445 |                         &elem->nol_timer, dfs_remove_from_nol,
      |                          ^~~~~~~~~~~~~~~
../drivers/staging/qcacld-3.0/../qca-wifi-host-cmn/umac/dfs/core/src/misc/dfs_nol.c:447:17: warning: taking address of packed member 'nol_timer' of class or structure 'dfs_nolelem' may result in an unaligned pointer value [-Waddress-of-packed-member]
  447 |         qdf_timer_mod(&elem->nol_timer, dfs_nol_timeout * TIME_IN_MS);
      |                        ^~~~~~~~~~~~~~~
../drivers/staging/qcacld-3.0/../qca-wifi-host-cmn/umac/dfs/core/src/misc/dfs_nol.c:558:20: warning: taking address of packed member 'nol_timer' of class or structure 'dfs_nolelem' may result in an unaligned pointer value [-Waddress-of-packed-member]
  558 |                         qdf_timer_free(&nol->nol_timer);
      |                                         ^~~~~~~~~~~~~~
  CC      drivers/staging/qcacld-3.0/../qca-wifi-host-cmn/umac/dfs/core/src/filtering/dfs_phyerr_tlv.o
  CC      drivers/staging/qcacld-3.0/../qca-wifi-host-cmn/umac/dfs/core/src/filtering/dfs_process_phyerr.o
  CC      drivers/staging/qcacld-3.0/../qca-wifi-host-cmn/umac/dfs/core/src/filtering/dfs_process_radarevent.o
  CC      drivers/staging/qcacld-3.0/../qca-wifi-host-cmn/umac/dfs/core/src/filtering/dfs_staggered.o
  CC      drivers/staging/qcacld-3.0/../qca-wifi-host-cmn/umac/dfs/core/src/filtering/dfs_radar.o
8 warnings generated.
  CC      drivers/staging/qcacld-3.0/../qca-wifi-host-cmn/umac/dfs/core/src/filtering/dfs_ar.o
  CC      drivers/staging/qcacld-3.0/../qca-wifi-host-cmn/umac/dfs/core/src/filtering/dfs_partial_offload_radar.o
  CC      drivers/staging/qcacld-3.0/../qca-wifi-host-cmn/umac/dfs/core/src/misc/dfs_filter_init.o
  CC      drivers/staging/qcacld-3.0/../qca-wifi-host-cmn/umac/dfs/core/src/misc/dfs_zero_cac.o
  CC      drivers/staging/qcacld-3.0/../qca-wifi-host-cmn/umac/cmn_services/obj_mgr/src/wlan_objmgr_global_obj.o
  CC      drivers/staging/qcacld-3.0/../qca-wifi-host-cmn/umac/cmn_services/obj_mgr/src/wlan_objmgr_pdev_obj.o
  CC      drivers/staging/qcacld-3.0/../qca-wifi-host-cmn/umac/cmn_services/obj_mgr/src/wlan_objmgr_peer_obj.o
  CC      drivers/staging/qcacld-3.0/../qca-wifi-host-cmn/umac/cmn_services/obj_mgr/src/wlan_objmgr_psoc_obj.o
  CC      drivers/staging/qcacld-3.0/../qca-wifi-host-cmn/umac/cmn_services/obj_mgr/src/wlan_objmgr_vdev_obj.o
  CC      drivers/staging/qcacld-3.0/../qca-wifi-host-cmn/umac/wifi_pos/src/wifi_pos_api.o
../drivers/staging/qcacld-3.0/../qca-wifi-host-cmn/umac/dfs/core/src/filtering/dfs_process_phyerr.c:761:3: warning: taking address of packed member 're_list' of class or structure 'dfs_event' may result in an unaligned pointer value [-Waddress-of-packed-member]
  761 |                 STAILQ_INSERT_TAIL(&(dfs->dfs_arq), event, re_list);
      |                 ^~~~~~~~~~~~~~~~~~~~~~~~~~~~~~~~~~~~~~~~~~~~~~~~~~~
../drivers/staging/qcacld-3.0/core/cds/src/queue.h:273:24: note: expanded from macro 'STAILQ_INSERT_TAIL'
  273 |                 (head)->stqh_last = &STAILQ_NEXT((elm), field);            \
      |                                      ^~~~~~~~~~~~~~~~~~~~~~~~~
../drivers/staging/qcacld-3.0/core/cds/src/queue.h:282:40: note: expanded from macro 'STAILQ_NEXT'
  282 | #define    STAILQ_NEXT(elm, field)    ((elm)->field.stqe_next)
      |                                        ^~~~~~~~~~~~~~~~~~~~~~
../drivers/staging/qcacld-3.0/../qca-wifi-host-cmn/umac/dfs/core/src/filtering/dfs_process_phyerr.c:830:4: warning: taking address of packed member 're_list' of class or structure 'dfs_event' may result in an unaligned pointer value [-Waddress-of-packed-member]
  830 |                         STAILQ_INSERT_TAIL(&(dfs->dfs_radarq), event, re_list);
      |                         ^~~~~~~~~~~~~~~~~~~~~~~~~~~~~~~~~~~~~~~~~~~~~~~~~~~~~~
../drivers/staging/qcacld-3.0/core/cds/src/queue.h:273:24: note: expanded from macro 'STAILQ_INSERT_TAIL'
  273 |                 (head)->stqh_last = &STAILQ_NEXT((elm), field);            \
      |                                      ^~~~~~~~~~~~~~~~~~~~~~~~~
../drivers/staging/qcacld-3.0/core/cds/src/queue.h:282:40: note: expanded from macro 'STAILQ_NEXT'
  282 | #define    STAILQ_NEXT(elm, field)    ((elm)->field.stqe_next)
      |                                        ^~~~~~~~~~~~~~~~~~~~~~
../drivers/staging/qcacld-3.0/../qca-wifi-host-cmn/umac/dfs/core/src/filtering/dfs_process_phyerr.c:979:2: warning: taking address of packed member 're_list' of class or structure 'dfs_event' may result in an unaligned pointer value [-Waddress-of-packed-member]
  979 |         STAILQ_INSERT_TAIL(&(dfs->dfs_radarq), event, re_list);
      |         ^~~~~~~~~~~~~~~~~~~~~~~~~~~~~~~~~~~~~~~~~~~~~~~~~~~~~~
../drivers/staging/qcacld-3.0/core/cds/src/queue.h:273:24: note: expanded from macro 'STAILQ_INSERT_TAIL'
  273 |                 (head)->stqh_last = &STAILQ_NEXT((elm), field);            \
      |                                      ^~~~~~~~~~~~~~~~~~~~~~~~~
../drivers/staging/qcacld-3.0/core/cds/src/queue.h:282:40: note: expanded from macro 'STAILQ_NEXT'
  282 | #define    STAILQ_NEXT(elm, field)    ((elm)->field.stqe_next)
      |                                        ^~~~~~~~~~~~~~~~~~~~~~
  CC      drivers/staging/qcacld-3.0/../qca-wifi-host-cmn/umac/wifi_pos/src/wifi_pos_main.o
  CC      drivers/staging/qcacld-3.0/../qca-wifi-host-cmn/umac/wifi_pos/src/wifi_pos_ucfg.o
  CC      drivers/staging/qcacld-3.0/../qca-wifi-host-cmn/umac/wifi_pos/src/wifi_pos_utils.o
  CC      drivers/staging/qcacld-3.0/../qca-wifi-host-cmn/os_if/linux/wifi_pos/src/os_if_wifi_pos.o
../drivers/staging/qcacld-3.0/../qca-wifi-host-cmn/umac/dfs/core/src/filtering/dfs_ar.c:82:3: warning: taking address of packed member 're_list' of class or structure 'dfs_event' may result in an unaligned pointer value [-Waddress-of-packed-member]
   82 |                 STAILQ_INSERT_TAIL(&(dfs->dfs_eventq), re, re_list);
      |                 ^~~~~~~~~~~~~~~~~~~~~~~~~~~~~~~~~~~~~~~~~~~~~~~~~~~
../drivers/staging/qcacld-3.0/core/cds/src/queue.h:273:24: note: expanded from macro 'STAILQ_INSERT_TAIL'
  273 |                 (head)->stqh_last = &STAILQ_NEXT((elm), field);            \
      |                                      ^~~~~~~~~~~~~~~~~~~~~~~~~
../drivers/staging/qcacld-3.0/core/cds/src/queue.h:282:40: note: expanded from macro 'STAILQ_NEXT'
  282 | #define    STAILQ_NEXT(elm, field)    ((elm)->field.stqe_next)
      |                                        ^~~~~~~~~~~~~~~~~~~~~~
3 warnings generated.
../drivers/staging/qcacld-3.0/../qca-wifi-host-cmn/umac/dfs/core/src/filtering/dfs_ar.c:312:3: warning: taking address of packed member 're_list' of class or structure 'dfs_event' may result in an unaligned pointer value [-Waddress-of-packed-member]
  312 |                 STAILQ_INSERT_TAIL(&(dfs->dfs_eventq), event, re_list);
      |                 ^~~~~~~~~~~~~~~~~~~~~~~~~~~~~~~~~~~~~~~~~~~~~~~~~~~~~~
../drivers/staging/qcacld-3.0/core/cds/src/queue.h:273:24: note: expanded from macro 'STAILQ_INSERT_TAIL'
  273 |                 (head)->stqh_last = &STAILQ_NEXT((elm), field);            \
      |                                      ^~~~~~~~~~~~~~~~~~~~~~~~~
../drivers/staging/qcacld-3.0/core/cds/src/queue.h:282:40: note: expanded from macro 'STAILQ_NEXT'
  282 | #define    STAILQ_NEXT(elm, field)    ((elm)->field.stqe_next)
      |                                        ^~~~~~~~~~~~~~~~~~~~~~
  CC      drivers/staging/qcacld-3.0/../qca-wifi-host-cmn/target_if/wifi_pos/src/target_if_wifi_pos.o
  CC      drivers/staging/qcacld-3.0/../qca-wifi-host-cmn/target_if/cp_stats/src/target_if_mc_cp_stats.o
../drivers/staging/qcacld-3.0/../qca-wifi-host-cmn/umac/dfs/core/src/filtering/dfs_init.c:126:3: warning: taking address of packed member 're_list' of class or structure 'dfs_event' may result in an unaligned pointer value [-Waddress-of-packed-member]
  126 |                 STAILQ_INSERT_TAIL(&(dfs->dfs_eventq), event, re_list);
      |                 ^~~~~~~~~~~~~~~~~~~~~~~~~~~~~~~~~~~~~~~~~~~~~~~~~~~~~~
../drivers/staging/qcacld-3.0/core/cds/src/queue.h:273:24: note: expanded from macro 'STAILQ_INSERT_TAIL'
  273 |                 (head)->stqh_last = &STAILQ_NEXT((elm), field);            \
      |                                      ^~~~~~~~~~~~~~~~~~~~~~~~~
../drivers/staging/qcacld-3.0/core/cds/src/queue.h:282:40: note: expanded from macro 'STAILQ_NEXT'
  282 | #define    STAILQ_NEXT(elm, field)    ((elm)->field.stqe_next)
      |                                        ^~~~~~~~~~~~~~~~~~~~~~
2 warnings generated.
  CC      drivers/staging/qcacld-3.0/../qca-wifi-host-cmn/umac/cp_stats/core/src/wlan_cp_stats_comp_handler.o
  CC      drivers/staging/qcacld-3.0/../qca-wifi-host-cmn/umac/cp_stats/core/src/wlan_cp_stats_obj_mgr_handler.o
  CC      drivers/staging/qcacld-3.0/../qca-wifi-host-cmn/umac/cp_stats/core/src/wlan_cp_stats_ol_api.o
  CC      drivers/staging/qcacld-3.0/../qca-wifi-host-cmn/os_if/linux/cp_stats/src/wlan_cfg80211_mc_cp_stats.o
  CC      drivers/staging/qcacld-3.0/../qca-wifi-host-cmn/umac/cp_stats/dispatcher/src/wlan_cp_stats_utils_api.o
  CC      drivers/staging/qcacld-3.0/../qca-wifi-host-cmn/umac/cp_stats/dispatcher/src/wlan_cp_stats_mc_tgt_api.o
  CC      drivers/staging/qcacld-3.0/../qca-wifi-host-cmn/umac/cp_stats/dispatcher/src/wlan_cp_stats_mc_ucfg_api.o
1 warning generated.
  CC      drivers/staging/qcacld-3.0/../qca-wifi-host-cmn/umac/nan/core/src/nan_main.o
../drivers/staging/qcacld-3.0/../qca-wifi-host-cmn/umac/dfs/core/src/filtering/dfs_process_radarevent.c:722:2: warning: taking address of packed member 're_list' of class or structure 'dfs_event' may result in an unaligned pointer value [-Waddress-of-packed-member]
  722 |         STAILQ_INSERT_TAIL(&(dfs->dfs_eventq), event, re_list);
      |         ^~~~~~~~~~~~~~~~~~~~~~~~~~~~~~~~~~~~~~~~~~~~~~~~~~~~~~
../drivers/staging/qcacld-3.0/core/cds/src/queue.h:273:24: note: expanded from macro 'STAILQ_INSERT_TAIL'
  273 |                 (head)->stqh_last = &STAILQ_NEXT((elm), field);            \
      |                                      ^~~~~~~~~~~~~~~~~~~~~~~~~
../drivers/staging/qcacld-3.0/core/cds/src/queue.h:282:40: note: expanded from macro 'STAILQ_NEXT'
  282 | #define    STAILQ_NEXT(elm, field)    ((elm)->field.stqe_next)
      |                                        ^~~~~~~~~~~~~~~~~~~~~~
  CC      drivers/staging/qcacld-3.0/../qca-wifi-host-cmn/umac/nan/core/src/nan_api.o
  CC      drivers/staging/qcacld-3.0/../qca-wifi-host-cmn/umac/nan/core/src/nan_utils.o
  CC      drivers/staging/qcacld-3.0/../qca-wifi-host-cmn/umac/nan/dispatcher/src/nan_ucfg_api.o
  CC      drivers/staging/qcacld-3.0/../qca-wifi-host-cmn/target_if/nan/src/target_if_nan.o
1 warning generated.
  CC      drivers/staging/qcacld-3.0/../qca-wifi-host-cmn/os_if/linux/nan/src/os_if_nan.o
  CC      drivers/staging/qcacld-3.0/../qca-wifi-host-cmn/umac/cmn_services/mgmt_txrx/core/src/wlan_mgmt_txrx_main.o
  CC      drivers/staging/qcacld-3.0/../qca-wifi-host-cmn/umac/cmn_services/mgmt_txrx/dispatcher/src/wlan_mgmt_txrx_utils_api.o
  CC      drivers/staging/qcacld-3.0/../qca-wifi-host-cmn/umac/cmn_services/mgmt_txrx/dispatcher/src/wlan_mgmt_txrx_tgt_api.o
  CC      drivers/staging/qcacld-3.0/../qca-wifi-host-cmn/umac/tdls/core/src/wlan_tdls_main.o
  CC      drivers/staging/qcacld-3.0/../qca-wifi-host-cmn/umac/tdls/core/src/wlan_tdls_cmds_process.o
  CC      drivers/staging/qcacld-3.0/../qca-wifi-host-cmn/umac/tdls/core/src/wlan_tdls_peer.o
  CC      drivers/staging/qcacld-3.0/../qca-wifi-host-cmn/umac/tdls/core/src/wlan_tdls_mgmt.o
  CC      drivers/staging/qcacld-3.0/../qca-wifi-host-cmn/umac/tdls/core/src/wlan_tdls_ct.o
  CC      drivers/staging/qcacld-3.0/../qca-wifi-host-cmn/umac/tdls/dispatcher/src/wlan_tdls_tgt_api.o
  CC      drivers/staging/qcacld-3.0/../qca-wifi-host-cmn/umac/tdls/dispatcher/src/wlan_tdls_ucfg_api.o
  CC      drivers/staging/qcacld-3.0/../qca-wifi-host-cmn/umac/tdls/dispatcher/src/wlan_tdls_utils_api.o
  CC      drivers/staging/qcacld-3.0/../qca-wifi-host-cmn/os_if/linux/tdls/src/wlan_cfg80211_tdls.o
  CC      drivers/staging/qcacld-3.0/components/pmo/core/src/wlan_pmo_main.o
  CC      drivers/staging/qcacld-3.0/components/pmo/core/src/wlan_pmo_apf.o
  CC      drivers/staging/qcacld-3.0/components/pmo/core/src/wlan_pmo_arp.o
  CC      drivers/staging/qcacld-3.0/components/pmo/core/src/wlan_pmo_ns.o
  CC      drivers/staging/qcacld-3.0/components/pmo/core/src/wlan_pmo_gtk.o
  CC      drivers/staging/qcacld-3.0/components/pmo/core/src/wlan_pmo_mc_addr_filtering.o
  CC      drivers/staging/qcacld-3.0/components/pmo/core/src/wlan_pmo_static_config.o
  CC      drivers/staging/qcacld-3.0/components/pmo/core/src/wlan_pmo_wow.o
  CC      drivers/staging/qcacld-3.0/components/pmo/core/src/wlan_pmo_lphb.o
  CC      drivers/staging/qcacld-3.0/components/pmo/core/src/wlan_pmo_suspend_resume.o
  CC      drivers/staging/qcacld-3.0/components/pmo/core/src/wlan_pmo_hw_filter.o
  CC      drivers/staging/qcacld-3.0/components/pmo/core/src/wlan_pmo_pkt_filter.o
  CC      drivers/staging/qcacld-3.0/components/pmo/dispatcher/src/wlan_pmo_obj_mgmt_api.o
  CC      drivers/staging/qcacld-3.0/components/pmo/dispatcher/src/wlan_pmo_ucfg_api.o
  CC      drivers/staging/qcacld-3.0/components/pmo/dispatcher/src/wlan_pmo_tgt_arp.o
  CC      drivers/staging/qcacld-3.0/components/pmo/dispatcher/src/wlan_pmo_tgt_ns.o
  CC      drivers/staging/qcacld-3.0/components/pmo/dispatcher/src/wlan_pmo_tgt_gtk.o
  CC      drivers/staging/qcacld-3.0/components/pmo/dispatcher/src/wlan_pmo_tgt_wow.o
  CC      drivers/staging/qcacld-3.0/components/pmo/dispatcher/src/wlan_pmo_tgt_static_config.o
  CC      drivers/staging/qcacld-3.0/components/pmo/dispatcher/src/wlan_pmo_tgt_mc_addr_filtering.o
  CC      drivers/staging/qcacld-3.0/components/pmo/dispatcher/src/wlan_pmo_tgt_lphb.o
  CC      drivers/staging/qcacld-3.0/components/pmo/dispatcher/src/wlan_pmo_tgt_suspend_resume.o
  CC      drivers/staging/qcacld-3.0/components/pmo/dispatcher/src/wlan_pmo_tgt_hw_filter.o
  CC      drivers/staging/qcacld-3.0/components/pmo/dispatcher/src/wlan_pmo_tgt_pkt_filter.o
  CC      drivers/staging/qcacld-3.0/../qca-wifi-host-cmn/umac/p2p/dispatcher/src/wlan_p2p_ucfg_api.o
  CC      drivers/staging/qcacld-3.0/../qca-wifi-host-cmn/umac/p2p/dispatcher/src/wlan_p2p_tgt_api.o
  CC      drivers/staging/qcacld-3.0/../qca-wifi-host-cmn/umac/p2p/core/src/wlan_p2p_main.o
  CC      drivers/staging/qcacld-3.0/../qca-wifi-host-cmn/umac/p2p/core/src/wlan_p2p_roc.o
  CC      drivers/staging/qcacld-3.0/../qca-wifi-host-cmn/umac/p2p/core/src/wlan_p2p_off_chan_tx.o
  CC      drivers/staging/qcacld-3.0/../qca-wifi-host-cmn/umac/cmn_services/policy_mgr/src/wlan_policy_mgr_action.o
  CC      drivers/staging/qcacld-3.0/../qca-wifi-host-cmn/umac/cmn_services/policy_mgr/src/wlan_policy_mgr_core.o
  CC      drivers/staging/qcacld-3.0/../qca-wifi-host-cmn/umac/cmn_services/policy_mgr/src/wlan_policy_mgr_get_set_utils.o
  CC      drivers/staging/qcacld-3.0/../qca-wifi-host-cmn/umac/cmn_services/policy_mgr/src/wlan_policy_mgr_init_deinit.o
  CC      drivers/staging/qcacld-3.0/../qca-wifi-host-cmn/umac/cmn_services/policy_mgr/src/wlan_policy_mgr_pcl.o
  CC      drivers/staging/qcacld-3.0/../qca-wifi-host-cmn/utils/logging/src/wlan_logging_sock_svc.o
  CC      drivers/staging/qcacld-3.0/../qca-wifi-host-cmn/utils/logging/src/wlan_roam_debug.o
  CC      drivers/staging/qcacld-3.0/../qca-wifi-host-cmn/utils/nlink/src/wlan_nlink_srv.o
  CC      drivers/staging/qcacld-3.0/../qca-wifi-host-cmn/utils/ptt/src/wlan_ptt_sock_svc.o
  CC      drivers/staging/qcacld-3.0/../qca-wifi-host-cmn/umac/cmn_services/serialization/src/wlan_serialization_dequeue.o
  CC      drivers/staging/qcacld-3.0/../qca-wifi-host-cmn/umac/cmn_services/serialization/src/wlan_serialization_enqueue.o
  CC      drivers/staging/qcacld-3.0/../qca-wifi-host-cmn/umac/cmn_services/serialization/src/wlan_serialization_main.o
  CC      drivers/staging/qcacld-3.0/../qca-wifi-host-cmn/umac/cmn_services/serialization/src/wlan_serialization_api.o
  CC      drivers/staging/qcacld-3.0/../qca-wifi-host-cmn/umac/cmn_services/serialization/src/wlan_serialization_utils.o
  CC      drivers/staging/qcacld-3.0/../qca-wifi-host-cmn/umac/cmn_services/serialization/src/wlan_serialization_legacy_api.o
  CC      drivers/staging/qcacld-3.0/../qca-wifi-host-cmn/umac/cmn_services/serialization/src/wlan_serialization_rules.o
  CC      drivers/staging/qcacld-3.0/core/pld/src/pld_common.o
  CC      drivers/staging/qcacld-3.0/core/pld/src/pld_snoc.o
  CC      drivers/staging/qcacld-3.0/components/mlme/core/src/wlan_mlme_main.o
  CC      drivers/staging/qcacld-3.0/components/mlme/dispatcher/src/wlan_mlme_ucfg_api.o
  CC      drivers/staging/qcacld-3.0/components/ipa/dispatcher/src/wlan_ipa_ucfg_api.o
  CC      drivers/staging/qcacld-3.0/components/ipa/dispatcher/src/wlan_ipa_obj_mgmt_api.o
  CC      drivers/staging/qcacld-3.0/components/ipa/dispatcher/src/wlan_ipa_tgt_api.o
  CC      drivers/staging/qcacld-3.0/components/ipa/core/src/wlan_ipa_main.o
  CC      drivers/staging/qcacld-3.0/components/ipa/core/src/wlan_ipa_core.o
  CC      drivers/staging/qcacld-3.0/components/ipa/core/src/wlan_ipa_stats.o
  CC      drivers/staging/qcacld-3.0/components/ipa/core/src/wlan_ipa_rm.o
  CC      drivers/staging/qcacld-3.0/../qca-wifi-host-cmn/utils/pktlog/pktlog_ac.o
  CC      drivers/staging/qcacld-3.0/../qca-wifi-host-cmn/utils/pktlog/pktlog_internal.o
  CC      drivers/staging/qcacld-3.0/../qca-wifi-host-cmn/utils/pktlog/linux_ac.o
  CC      drivers/staging/qcacld-3.0/../qca-wifi-host-cmn/utils/host_diag_log/src/host_diag_log.o
  CC      drivers/staging/qcacld-3.0/components/disa/core/src/wlan_disa_main.o
  CC      drivers/staging/qcacld-3.0/components/disa/dispatcher/src/wlan_disa_obj_mgmt_api.o
  CC      drivers/staging/qcacld-3.0/components/disa/dispatcher/src/wlan_disa_tgt_api.o
  CC      drivers/staging/qcacld-3.0/components/disa/dispatcher/src/wlan_disa_ucfg_api.o
  CC      drivers/staging/qcacld-3.0/components/action_oui/core/src/wlan_action_oui_main.o
  CC      drivers/staging/qcacld-3.0/components/action_oui/core/src/wlan_action_oui_parse.o
  CC      drivers/staging/qcacld-3.0/components/action_oui/dispatcher/src/wlan_action_oui_tgt_api.o
  CC      drivers/staging/qcacld-3.0/components/action_oui/dispatcher/src/wlan_action_oui_ucfg_api.o
  CC      drivers/staging/qcacld-3.0/../qca-wifi-host-cmn/umac/global_umac_dispatcher/lmac_if/src/wlan_lmac_if.o
  CC      drivers/staging/qcacld-3.0/../qca-wifi-host-cmn/umac/scan/core/src/wlan_scan_cache_db.o
  CC      drivers/staging/qcacld-3.0/../qca-wifi-host-cmn/umac/scan/core/src/wlan_scan_11d.o
  CC      drivers/staging/qcacld-3.0/../qca-wifi-host-cmn/umac/scan/core/src/wlan_scan_bss_score.o
  CC      drivers/staging/qcacld-3.0/../qca-wifi-host-cmn/umac/scan/core/src/wlan_scan_filter.o
  CC      drivers/staging/qcacld-3.0/../qca-wifi-host-cmn/umac/scan/core/src/wlan_scan_main.o
  CC      drivers/staging/qcacld-3.0/../qca-wifi-host-cmn/umac/scan/core/src/wlan_scan_manager.o
  CC      drivers/staging/qcacld-3.0/../qca-wifi-host-cmn/umac/scan/dispatcher/src/wlan_scan_tgt_api.o
  CC      drivers/staging/qcacld-3.0/../qca-wifi-host-cmn/umac/scan/dispatcher/src/wlan_scan_ucfg_api.o
  CC      drivers/staging/qcacld-3.0/../qca-wifi-host-cmn/umac/scan/dispatcher/src/wlan_scan_utils_api.o
  CC      drivers/staging/qcacld-3.0/../qca-wifi-host-cmn/os_if/linux/scan/src/wlan_cfg80211_scan.o
  CC      drivers/staging/qcacld-3.0/../qca-wifi-host-cmn/os_if/linux/wlan_cfg80211.o
  CC      drivers/staging/qcacld-3.0/../qca-wifi-host-cmn/target_if/scan/src/target_if_scan.o
  CC      drivers/staging/qcacld-3.0/../qca-wifi-host-cmn/umac/cmn_services/utils/src/wlan_utility.o
  CC      drivers/staging/qcacld-3.0/../qca-wifi-host-cmn/wlan_cfg/wlan_cfg.o
  CC      drivers/staging/qcacld-3.0/../qca-wifi-host-cmn/spectral/core/spectral_offload.o
  CC      drivers/staging/qcacld-3.0/../qca-wifi-host-cmn/spectral/core/spectral_common.o
  CC      drivers/staging/qcacld-3.0/../qca-wifi-host-cmn/spectral/dispatcher/src/wlan_spectral_ucfg_api.o
  CC      drivers/staging/qcacld-3.0/../qca-wifi-host-cmn/spectral/dispatcher/src/wlan_spectral_utils_api.o
  CC      drivers/staging/qcacld-3.0/../qca-wifi-host-cmn/spectral/dispatcher/src/wlan_spectral_tgt_api.o
  CC      drivers/staging/qcacld-3.0/../qca-wifi-host-cmn/os_if/linux/spectral/src/wlan_cfg80211_spectral.o
  CC      drivers/staging/qcacld-3.0/../qca-wifi-host-cmn/os_if/linux/spectral/src/os_if_spectral_netlink.o
  CC      drivers/staging/qcacld-3.0/../qca-wifi-host-cmn/target_if/spectral/target_if_spectral_netlink.o
  CC      drivers/staging/qcacld-3.0/../qca-wifi-host-cmn/target_if/spectral/target_if_spectral_phyerr.o
  CC      drivers/staging/qcacld-3.0/../qca-wifi-host-cmn/target_if/spectral/target_if_spectral.o
  CC      drivers/staging/qcacld-3.0/../qca-wifi-host-cmn/target_if/spectral/target_if_spectral_sim.o
  CC      drivers/staging/qcacld-3.0/../qca-wifi-host-cmn/umac/green_ap/core/src/wlan_green_ap_main.o
  CC      drivers/staging/qcacld-3.0/../qca-wifi-host-cmn/umac/green_ap/dispatcher/src/wlan_green_ap_api.o
  CC      drivers/staging/qcacld-3.0/../qca-wifi-host-cmn/umac/green_ap/dispatcher/src/wlan_green_ap_ucfg_api.o
  CC      drivers/staging/qcacld-3.0/../qca-wifi-host-cmn/target_if/green_ap/src/target_if_green_ap.o
  LD      drivers/staging/qcacld-3.0/wlan.o
  LD      drivers/staging/qcacld-3.0/built-in.o
  LD      drivers/staging/built-in.o
  LD      drivers/built-in.o
  GEN     .version
  LD      vmlinux.o
  MODPOST vmlinux.o
  CHK     include/generated/compile.h
  UPD     include/generated/compile.h
  CC      init/version.o
  LD      init/built-in.o
  KSYM    .tmp_kallsyms1.o
  KSYM    .tmp_kallsyms2.o
  LD      vmlinux
  SORTEX  vmlinux
  SYSMAP  System.map
  OBJCOPY arch/arm64/boot/Image
  DTC     arch/arm64/boot/dts/qcom/polaris-p0-v2.dtb
  DTC     arch/arm64/boot/dts/qcom/sdm845-v2-qrd.dtb
  DTC     arch/arm64/boot/dts/qcom/polaris-p2.dtb
  DTC     arch/arm64/boot/dts/qcom/sdm845-v2-cdp.dtb
  DTC     arch/arm64/boot/dts/qcom/sdm845-4k-panel-qrd.dtb
  DTC     arch/arm64/boot/dts/qcom/polaris-mp-v2.1.dtb
  DTC     arch/arm64/boot/dts/qcom/sdm845-sim.dtb
  DTC     arch/arm64/boot/dts/qcom/polaris-p3-v2.dtb
  DTC     arch/arm64/boot/dts/qcom/polaris-p3-v2.1.dtb
clang: warning: argument unused during compilation: '-fuse-ld=lld' [-Wunused-command-line-argument]
clang: warning: argument unused during compilation: '-fuse-ld=lld' [-Wunused-command-line-argument]
clangclang: : warning: warning: argument unused during compilation: '-fuse-ld=lld' [-Wunused-command-line-argument]argument unused during compilation: '-fuse-ld=lld' [-Wunused-command-line-argument]

clang: warning: argument unused during compilation: '-fuse-ld=lld' [-Wunused-command-line-argument]
clang: warning: argument unused during compilation: '-fuse-ld=lld' [-Wunused-command-line-argument]
  DTC     arch/arm64/boot/dts/qcom/polaris-p3.dtb
  DTC     arch/arm64/boot/dts/qcom/polaris-p2-v2.1.dtb
  DTC     arch/arm64/boot/dts/qcom/polaris-p1.dtb
  DTC     arch/arm64/boot/dts/qcom/sdm845-qrd.dtb
  DTC     arch/arm64/boot/dts/qcom/polaris-p2-v2.dtb
  DTC     arch/arm64/boot/dts/qcom/polaris-mp-v2.dtb
  DTC     arch/arm64/boot/dts/qcom/polaris-p1-v2.1.dtb
  DTC     arch/arm64/boot/dts/qcom/sdm845-cdp.dtb
  DTC     arch/arm64/boot/dts/qcom/polaris-p1-v2.dtb
clangclang: : warning: warning: argument unused during compilation: '-fuse-ld=lld' [-Wunused-command-line-argument]
argument unused during compilation: '-fuse-ld=lld' [-Wunused-command-line-argument]
clang: warning: argument unused during compilation: '-fuse-ld=lld' [-Wunused-command-line-argument]
  DTC     arch/arm64/boot/dts/qcom/sdm845-mtp.dtb
  DTC     arch/arm64/boot/dts/qcom/sdm845-v2-rumi.dtb
clang: warning: argument unused during compilation: '-fuse-ld=lld' [-Wunused-command-line-argument]
clang: warning: argument unused during compilation: '-fuse-ld=lld' [-Wunused-command-line-argument]
clang: warning: argument unused during compilation: '-fuse-ld=lld' [-Wunused-command-line-argument]
clang: warning: argument unused during compilation: '-fuse-ld=lld' [-Wunused-command-line-argument]
clangclang: warning: argument unused during compilation: '-fuse-ld=lld' [-Wunused-command-line-argument]
: warning: argument unused during compilation: '-fuse-ld=lld' [-Wunused-command-line-argument]
  Building modules, stage 2.
  DTC     arch/arm64/boot/dts/qcom/sdm845-4k-panel-mtp.dtb
  DTC     arch/arm64/boot/dts/qcom/sdm845-4k-panel-cdp.dtb
clangclang: warning: argument unused during compilation: '-fuse-ld=lld' [-Wunused-command-line-argument]
: warning: argument unused during compilation: '-fuse-ld=lld' [-Wunused-command-line-argument]
clang: warning: argument unused during compilation: '-fuse-ld=lld' [-Wunused-command-line-argument]clang
: warning: argument unused during compilation: '-fuse-ld=lld' [-Wunused-command-line-argument]
clang: warning: argument unused during compilation: '-fuse-ld=lld' [-Wunused-command-line-argument]
clang: warning: argument unused during compilation: '-fuse-ld=lld' [-Wunused-command-line-argument]
clang: warning: argument unused during compilation: '-fuse-ld=lld' [-Wunused-command-line-argument]
  MODPOST 0 modules
  DTC     arch/arm64/boot/dts/qcom/sdm845-rumi.dtb
clang: warning: argument unused during compilation: '-fuse-ld=lld' [-Wunused-command-line-argument]
  DTC     arch/arm64/boot/dts/qcom/sdm845-v2-mtp.dtb
clang: warning: argument unused during compilation: '-fuse-ld=lld' [-Wunused-command-line-argument]
  DTC     arch/arm64/boot/dts/qcom/polaris-mp.dtb
clang: warning: argument unused during compilation: '-fuse-ld=lld' [-Wunused-command-line-argument]
  DTC     arch/arm64/boot/dts/qcom/polaris-p0.dtb
clang: warning: argument unused during compilation: '-fuse-ld=lld' [-Wunused-command-line-argument]
  GZIP    arch/arm64/boot/Image.gz
  CAT     arch/arm64/boot/Image.gz-dtb
make[1]: Leaving directory '/home/huangdi/android_kernel_xiaomi_sdm845/out'
